customer_id,order_id,order_date,order_value,category
1,ord_00000001,2025-03-27 00:00:00.000000000,55.66,outdoor
1,ord_00000002,2025-05-09 23:49:48.358167714,47.26,home_goods
1,ord_00000003,2025-07-06 21:43:21.411679806,73.57,electronics_accessories
1,ord_00000004,2025-08-28 20:06:30.893618000,43.91,home_goods
1,ord_00000005,2025-11-03 03:13:10.155249602,52.06,home_goods
1,ord_00000006,2025-12-25 05:01:35.789552567,115.39,home_goods
1,ord_00000007,2026-02-21 09:23:08.364248015,72.6,home_goods
1,ord_00000008,2026-04-21 04:23:01.034758911,19.17,electronics_accessories
1,ord_00000009,2026-06-10 19:28:32.830406012,108.59,apparel
2,ord_00000010,2025-04-10 00:00:00.000000000,53.8,electronics_accessories
3,ord_00000011,2026-02-17 00:00:00.000000000,25.03,outdoor
3,ord_00000012,2026-03-23 13:41:57.360608805,60.06,outdoor
3,ord_00000013,2026-04-22 00:35:57.246306716,55.47,outdoor
3,ord_00000014,2026-05-26 04:56:22.951885502,80.04,home_goods
3,ord_00000015,2026-07-04 18:41:15.111081968,60.1,beauty
3,ord_00000016,2026-08-03 09:34:37.380859571,57.51,electronics_accessories
4,ord_00000017,2025-11-12 00:00:00.000000000,67.55,apparel
4,ord_00000018,2026-01-02 17:09:57.505516967,120.13,electronics_accessories
4,ord_00000019,2026-01-25 22:57:07.232499423,68.68,apparel
4,ord_00000020,2026-02-16 18:03:53.878493586,53.5,apparel
4,ord_00000021,2026-03-19 01:40:25.923576335,48.71,apparel
4,ord_00000022,2026-04-16 18:35:17.844896832,66.08,apparel
4,ord_00000023,2026-05-04 05:41:38.536559650,62.7,beauty
4,ord_00000024,2026-06-10 12:16:58.340487558,33.28,electronics_accessories
4,ord_00000025,2026-07-06 09:15:54.132588724,52.72,outdoor
4,ord_00000026,2026-07-25 10:59:45.286990890,25.36,electronics_accessories
5,ord_00000027,2024-12-05 00:00:00.000000000,65.53,electronics_accessories
6,ord_00000028,2025-06-05 00:00:00.000000000,57.24,outdoor
6,ord_00000029,2025-07-10 20:48:40.409011102,78.36,electronics_accessories
6,ord_00000030,2025-09-10 03:55:25.050607042,128.8,home_goods
6,ord_00000031,2025-10-15 20:46:15.209544586,33.73,beauty
6,ord_00000032,2025-12-05 07:42:09.628192585,30.05,home_goods
6,ord_00000033,2026-01-11 01:43:57.390424197,68.73,home_goods
6,ord_00000034,2026-02-22 21:47:17.781421740,51.99,home_goods
6,ord_00000035,2026-04-15 13:08:56.946881641,28.18,beauty
6,ord_00000036,2026-05-21 13:58:46.428239036,26.78,apparel
6,ord_00000037,2026-07-16 09:46:02.940778214,88.19,outdoor
7,ord_00000038,2025-01-29 00:00:00.000000000,64.42,beauty
7,ord_00000039,2025-03-24 07:33:48.655389913,41.63,home_goods
7,ord_00000040,2025-05-02 15:30:26.189767717,24.45,beauty
7,ord_00000041,2025-05-29 03:17:32.341038664,43.35,home_goods
7,ord_00000042,2025-07-06 04:37:57.983158387,50.82,home_goods
7,ord_00000043,2025-08-08 01:04:20.950845473,48.56,apparel
7,ord_00000044,2025-09-06 14:02:58.302496129,50.75,outdoor
7,ord_00000045,2025-11-22 00:44:33.477983305,31.26,home_goods
7,ord_00000046,2026-01-10 12:27:13.374563919,60.56,beauty
7,ord_00000047,2026-03-02 14:50:40.106998468,27.75,apparel
7,ord_00000048,2026-04-13 04:18:36.794060791,53.48,electronics_accessories
7,ord_00000049,2026-05-26 11:21:40.835464612,72.86,outdoor
7,ord_00000050,2026-07-26 08:57:55.136415651,47.1,beauty
8,ord_00000051,2025-08-31 00:00:00.000000000,34.57,apparel
8,ord_00000052,2025-09-28 20:50:08.990598444,42.96,apparel
8,ord_00000053,2025-10-25 11:14:39.524194070,38.24,outdoor
8,ord_00000054,2025-11-24 18:29:34.403725884,29.26,beauty
8,ord_00000055,2025-12-20 20:54:19.818449521,33.15,beauty
8,ord_00000056,2026-01-21 22:39:49.020585058,60.05,home_goods
8,ord_00000057,2026-02-16 18:06:33.214421672,63.32,beauty
8,ord_00000058,2026-03-20 12:02:18.654256348,54.56,electronics_accessories
8,ord_00000059,2026-04-22 01:54:46.091810612,63.1,outdoor
8,ord_00000060,2026-05-11 18:54:35.470097239,50.98,electronics_accessories
8,ord_00000061,2026-05-26 08:56:04.644967934,52.13,outdoor
8,ord_00000062,2026-07-05 05:38:22.326669013,72.69,outdoor
8,ord_00000063,2026-08-01 07:56:47.994611746,65.21,beauty
9,ord_00000064,2025-08-09 00:00:00.000000000,32.96,electronics_accessories
10,ord_00000065,2025-02-11 00:00:00.000000000,48.72,apparel
11,ord_00000066,2024-11-26 00:00:00.000000000,148.9,beauty
12,ord_00000067,2025-09-25 00:00:00.000000000,41.44,outdoor
12,ord_00000068,2025-11-28 23:15:31.696094361,75.43,electronics_accessories
12,ord_00000069,2026-01-16 12:40:05.936663165,57.95,home_goods
12,ord_00000070,2026-04-21 14:36:26.159612607,47.11,electronics_accessories
12,ord_00000071,2026-06-02 16:55:12.928652319,41.84,outdoor
12,ord_00000072,2026-07-24 16:07:02.560431511,60.17,apparel
13,ord_00000073,2025-05-14 00:00:00.000000000,92.17,beauty
13,ord_00000074,2025-06-01 04:27:27.932546383,201.61,electronics_accessories
13,ord_00000075,2025-07-03 03:26:31.544969536,34.15,outdoor
13,ord_00000076,2025-07-24 18:35:11.970507800,36.3,home_goods
13,ord_00000077,2025-08-18 20:15:13.559479871,28.82,home_goods
13,ord_00000078,2025-09-11 12:26:11.174623066,42.53,home_goods
13,ord_00000079,2025-10-11 13:39:20.767452614,58.41,apparel
13,ord_00000080,2025-10-30 06:51:27.433670986,50.7,electronics_accessories
13,ord_00000081,2025-11-16 18:15:25.574588594,63.68,beauty
13,ord_00000082,2025-12-12 13:40:40.270160321,66.79,apparel
13,ord_00000083,2026-01-10 11:12:00.458880135,142.68,beauty
13,ord_00000084,2026-02-06 03:03:49.967781138,55.55,electronics_accessories
13,ord_00000085,2026-02-25 01:19:09.177752643,29.93,apparel
13,ord_00000086,2026-03-26 14:56:50.326616064,20.69,electronics_accessories
13,ord_00000087,2026-04-14 22:13:47.786371280,46.48,outdoor
13,ord_00000088,2026-05-05 13:27:56.607150876,39.09,outdoor
13,ord_00000089,2026-05-23 17:45:24.307160218,65.01,home_goods
13,ord_00000090,2026-06-28 09:23:27.825243131,71.03,outdoor
13,ord_00000091,2026-07-27 13:42:01.155769263,29.98,apparel
14,ord_00000092,2025-09-08 00:00:00.000000000,84.81,home_goods
14,ord_00000093,2025-10-01 06:20:17.061784326,42.64,apparel
14,ord_00000094,2025-11-08 17:27:51.561463807,61.49,outdoor
14,ord_00000095,2025-12-19 12:01:19.232482214,67.05,beauty
14,ord_00000096,2026-01-26 13:32:57.854437656,73.35,electronics_accessories
14,ord_00000097,2026-02-27 08:59:39.593461981,80.62,outdoor
14,ord_00000098,2026-04-02 21:48:35.353167060,120.2,electronics_accessories
14,ord_00000099,2026-05-11 09:53:29.035444497,32.03,apparel
14,ord_00000100,2026-06-22 03:14:06.514767930,49.68,apparel
15,ord_00000101,2024-08-29 00:00:00.000000000,35.71,electronics_accessories
16,ord_00000102,2026-04-08 00:00:00.000000000,51.75,outdoor
17,ord_00000103,2026-06-15 00:00:00.000000000,55.54,beauty
17,ord_00000104,2026-07-15 08:49:38.416977595,53.27,beauty
18,ord_00000105,2025-01-12 00:00:00.000000000,147.37,beauty
19,ord_00000106,2025-11-24 00:00:00.000000000,47.22,apparel
19,ord_00000107,2025-12-29 10:30:30.863376063,42.42,apparel
19,ord_00000108,2026-01-31 17:14:40.981744665,91.35,apparel
19,ord_00000109,2026-04-20 10:31:33.345029398,24.61,beauty
19,ord_00000110,2026-05-27 13:16:17.799371845,79.15,beauty
19,ord_00000111,2026-07-02 08:24:04.005033008,36.22,home_goods
20,ord_00000112,2024-09-30 00:00:00.000000000,37.59,beauty
20,ord_00000113,2024-10-23 00:43:45.709848242,18.32,outdoor
20,ord_00000114,2024-11-25 05:49:49.446063926,49.73,electronics_accessories
20,ord_00000115,2024-12-12 09:32:04.704935515,85.84,home_goods
20,ord_00000116,2025-01-04 05:20:31.515944491,62.13,apparel
20,ord_00000117,2025-02-01 21:21:56.661172553,59.23,home_goods
20,ord_00000118,2025-02-13 08:24:03.900962445,154.27,outdoor
20,ord_00000119,2025-03-17 06:34:47.867816068,80.28,beauty
20,ord_00000120,2025-04-02 16:39:22.688905091,61.76,apparel
20,ord_00000121,2025-04-28 13:22:31.046380520,87.42,electronics_accessories
20,ord_00000122,2025-05-23 18:24:33.678501185,39.91,beauty
20,ord_00000123,2025-06-25 04:21:15.416174181,88.45,apparel
20,ord_00000124,2025-07-22 19:12:35.485917427,178.8,apparel
20,ord_00000125,2025-08-03 06:34:24.706427250,33.95,apparel
20,ord_00000126,2025-08-21 18:34:59.040277401,42.39,apparel
20,ord_00000127,2025-09-15 04:14:39.128160701,38.66,electronics_accessories
20,ord_00000128,2025-10-07 06:11:45.210635585,12.41,outdoor
20,ord_00000129,2025-11-03 06:37:54.170571158,39.75,beauty
20,ord_00000130,2025-12-02 22:38:24.600482246,38.61,electronics_accessories
20,ord_00000131,2025-12-31 01:02:05.009655260,130.02,apparel
20,ord_00000132,2026-01-21 23:55:39.509664248,94.21,electronics_accessories
20,ord_00000133,2026-02-04 10:50:21.399391281,56.3,electronics_accessories
20,ord_00000134,2026-02-24 20:57:07.255549832,56.8,outdoor
20,ord_00000135,2026-03-23 09:34:58.972585562,97.94,apparel
20,ord_00000136,2026-04-09 06:41:16.021658868,63.31,outdoor
20,ord_00000137,2026-05-07 13:42:56.508027991,59.33,beauty
20,ord_00000138,2026-06-07 07:36:28.593242367,60.49,home_goods
20,ord_00000139,2026-07-01 15:16:49.323270751,150.99,home_goods
20,ord_00000140,2026-07-10 23:23:32.466547968,60.93,electronics_accessories
20,ord_00000141,2026-07-26 22:19:21.986837291,92.66,beauty
21,ord_00000142,2025-03-19 00:00:00.000000000,74.98,home_goods
21,ord_00000143,2025-04-06 00:42:34.928931444,75.34,beauty
21,ord_00000144,2025-05-19 01:34:39.166628882,103.52,home_goods
21,ord_00000145,2025-06-07 00:05:50.326146270,17.68,beauty
21,ord_00000146,2025-08-03 06:53:56.786377645,44.96,home_goods
21,ord_00000147,2025-09-11 01:35:19.432127162,30.42,electronics_accessories
21,ord_00000148,2025-10-30 19:29:42.420641625,45.23,home_goods
21,ord_00000149,2025-11-27 22:19:04.990486720,104.69,apparel
21,ord_00000150,2025-12-21 01:31:11.046211661,71.86,beauty
21,ord_00000151,2026-01-29 22:02:51.620240495,67.41,electronics_accessories
21,ord_00000152,2026-03-07 09:43:45.677981295,48.49,electronics_accessories
21,ord_00000153,2026-04-08 05:00:24.051571683,27.31,outdoor
21,ord_00000154,2026-05-16 00:18:53.151067599,16.56,electronics_accessories
22,ord_00000155,2025-09-17 00:00:00.000000000,58.09,outdoor
23,ord_00000156,2025-04-05 00:00:00.000000000,103.55,home_goods
23,ord_00000157,2025-09-02 11:24:53.014647424,40.7,home_goods
23,ord_00000158,2025-11-11 02:52:01.738708311,31.77,outdoor
23,ord_00000159,2026-02-03 15:37:06.783117975,28.49,outdoor
23,ord_00000160,2026-05-23 04:00:48.100829113,43.85,beauty
24,ord_00000161,2026-02-17 00:00:00.000000000,34.83,outdoor
24,ord_00000162,2026-05-13 13:41:12.458056842,47.31,beauty
24,ord_00000163,2026-06-28 08:32:39.100379563,43.08,outdoor
25,ord_00000164,2026-01-14 00:00:00.000000000,66.31,home_goods
25,ord_00000165,2026-01-26 11:50:04.178503149,80.65,beauty
25,ord_00000166,2026-02-13 09:43:54.356853833,56.86,home_goods
25,ord_00000167,2026-02-25 12:57:38.307558927,32.04,beauty
25,ord_00000168,2026-03-06 13:03:00.676243078,21.68,apparel
25,ord_00000169,2026-03-24 08:57:19.135277625,41.38,home_goods
25,ord_00000170,2026-04-13 19:22:33.122616960,15.09,electronics_accessories
25,ord_00000171,2026-04-28 04:49:18.729177450,31.48,beauty
25,ord_00000172,2026-05-06 07:15:13.044618170,108.62,apparel
25,ord_00000173,2026-05-24 07:59:19.505640096,24.03,home_goods
25,ord_00000174,2026-06-02 04:47:31.595583290,86.05,home_goods
25,ord_00000175,2026-06-18 04:55:10.813609311,34.04,electronics_accessories
25,ord_00000176,2026-06-29 09:13:01.153391505,36.02,beauty
25,ord_00000177,2026-07-09 16:27:46.152754652,15.43,electronics_accessories
25,ord_00000178,2026-07-22 11:07:46.723343331,19.48,home_goods
25,ord_00000179,2026-08-05 06:32:10.025331054,107.23,electronics_accessories
26,ord_00000180,2025-04-06 00:00:00.000000000,51.96,apparel
27,ord_00000181,2025-05-09 00:00:00.000000000,141.66,apparel
28,ord_00000182,2026-06-09 00:00:00.000000000,48.99,outdoor
29,ord_00000183,2026-07-28 00:00:00.000000000,23.08,home_goods
30,ord_00000184,2025-01-19 00:00:00.000000000,45.73,home_goods
30,ord_00000185,2025-02-08 11:40:09.276517008,27.26,outdoor
30,ord_00000186,2025-02-26 22:59:00.433206642,33.55,electronics_accessories
30,ord_00000187,2025-03-13 20:40:17.146525686,39.64,home_goods
30,ord_00000188,2025-03-28 15:40:37.777648509,68.78,electronics_accessories
30,ord_00000189,2025-04-19 05:41:03.097977528,49.8,home_goods
30,ord_00000190,2025-05-16 00:24:54.753864010,39.78,outdoor
30,ord_00000191,2025-06-04 02:59:57.432786370,58.2,apparel
30,ord_00000192,2025-06-24 09:55:07.013786588,31.38,outdoor
30,ord_00000193,2025-07-17 23:49:05.682797068,50.31,electronics_accessories
30,ord_00000194,2025-08-01 20:02:56.618754220,54.92,beauty
30,ord_00000195,2025-08-26 15:17:36.857210319,72.32,electronics_accessories
30,ord_00000196,2025-09-21 00:55:58.269724886,122.52,apparel
30,ord_00000197,2025-11-03 10:09:25.334598574,31.8,apparel
30,ord_00000198,2025-11-21 04:04:09.303698207,48.53,beauty
30,ord_00000199,2025-12-08 11:38:04.695525002,46.99,outdoor
30,ord_00000200,2026-01-02 12:07:46.603244177,52.12,electronics_accessories
30,ord_00000201,2026-01-27 21:43:30.708613664,75.49,electronics_accessories
30,ord_00000202,2026-02-13 19:48:01.429772904,49.35,home_goods
30,ord_00000203,2026-03-03 10:16:09.276972545,74.27,electronics_accessories
30,ord_00000204,2026-03-26 19:05:28.876269795,72.46,apparel
30,ord_00000205,2026-04-11 07:03:08.782436816,33.75,electronics_accessories
30,ord_00000206,2026-04-28 20:35:17.064431472,149.2,electronics_accessories
30,ord_00000207,2026-05-19 06:21:40.433381906,46.48,beauty
30,ord_00000208,2026-06-15 01:10:09.319099368,37.56,outdoor
30,ord_00000209,2026-07-01 14:51:50.669440948,91.46,outdoor
30,ord_00000210,2026-07-13 01:11:55.864539759,55.95,apparel
30,ord_00000211,2026-07-24 05:29:36.076994710,81.8,outdoor
30,ord_00000212,2026-08-06 20:15:29.292145973,90.82,apparel
31,ord_00000213,2025-10-31 00:00:00.000000000,36.57,beauty
31,ord_00000214,2026-02-09 13:27:45.956668515,115.98,electronics_accessories
31,ord_00000215,2026-06-09 05:08:27.951202485,73.88,beauty
32,ord_00000216,2025-05-10 00:00:00.000000000,55.83,apparel
32,ord_00000217,2025-06-04 19:49:34.747107208,53.13,beauty
32,ord_00000218,2025-07-14 10:16:59.001257984,83.33,beauty
32,ord_00000219,2025-08-13 20:02:36.969289394,32.05,electronics_accessories
32,ord_00000220,2025-08-29 05:44:51.111632934,67.17,apparel
32,ord_00000221,2025-09-22 08:54:11.109315686,67.74,electronics_accessories
32,ord_00000222,2025-11-05 07:24:51.264549338,60.57,outdoor
32,ord_00000223,2025-11-29 10:49:16.911999025,42.09,electronics_accessories
32,ord_00000224,2025-12-14 10:47:03.172769954,48.29,electronics_accessories
32,ord_00000225,2026-01-28 20:55:18.138887383,38.72,apparel
32,ord_00000226,2026-03-01 11:03:26.111320025,135.68,apparel
32,ord_00000227,2026-03-26 16:00:14.726065381,20.75,beauty
32,ord_00000228,2026-04-18 16:39:03.244889690,21.34,beauty
32,ord_00000229,2026-05-24 07:26:09.378462529,46.8,outdoor
32,ord_00000230,2026-06-15 04:30:55.087043388,17.42,outdoor
32,ord_00000231,2026-07-21 12:22:07.567595841,60.01,apparel
33,ord_00000232,2025-02-21 00:00:00.000000000,17.29,home_goods
34,ord_00000233,2024-12-30 00:00:00.000000000,101.24,electronics_accessories
35,ord_00000234,2026-03-31 00:00:00.000000000,59.11,home_goods
36,ord_00000235,2026-05-10 00:00:00.000000000,95.97,home_goods
37,ord_00000236,2025-01-21 00:00:00.000000000,87.08,outdoor
38,ord_00000237,2025-09-28 00:00:00.000000000,54.63,beauty
39,ord_00000238,2025-09-21 00:00:00.000000000,19.99,apparel
40,ord_00000239,2025-03-06 00:00:00.000000000,47.63,beauty
40,ord_00000240,2025-08-26 10:19:40.254001954,32.85,electronics_accessories
40,ord_00000241,2026-04-06 03:05:34.142387370,30.51,beauty
41,ord_00000242,2025-01-07 00:00:00.000000000,98.12,home_goods
42,ord_00000243,2024-12-30 00:00:00.000000000,32.57,apparel
42,ord_00000244,2025-03-03 17:36:19.703064862,62.48,outdoor
42,ord_00000245,2025-05-15 04:08:10.693932973,70.56,home_goods
42,ord_00000246,2025-07-29 06:36:58.249530015,32.74,beauty
42,ord_00000247,2025-10-25 10:21:09.616807050,91.74,home_goods
42,ord_00000248,2025-12-31 11:50:10.069542292,18.97,home_goods
42,ord_00000249,2026-04-10 08:39:52.907381996,83.03,beauty
42,ord_00000250,2026-06-21 03:24:51.882647879,100.05,home_goods
43,ord_00000251,2025-12-24 00:00:00.000000000,21.46,home_goods
43,ord_00000252,2026-02-20 22:32:47.153170254,74.58,electronics_accessories
43,ord_00000253,2026-03-24 13:15:51.362778369,40.6,electronics_accessories
43,ord_00000254,2026-04-24 06:35:08.164457990,19.52,home_goods
43,ord_00000255,2026-06-02 06:52:42.472882351,49.22,electronics_accessories
43,ord_00000256,2026-07-25 07:44:55.432780205,78.66,beauty
44,ord_00000257,2026-03-28 00:00:00.000000000,113.15,apparel
45,ord_00000258,2025-04-14 00:00:00.000000000,47.28,beauty
45,ord_00000259,2025-05-22 12:38:29.134186070,30.62,outdoor
45,ord_00000260,2025-06-17 09:49:52.691035437,101.85,electronics_accessories
45,ord_00000261,2025-07-07 23:51:31.952543561,112.19,outdoor
45,ord_00000262,2025-07-31 04:21:15.202841419,38.21,electronics_accessories
45,ord_00000263,2025-09-05 15:15:50.568921502,163.42,beauty
45,ord_00000264,2025-10-13 08:22:36.709096673,29.12,home_goods
45,ord_00000265,2025-11-01 08:40:53.641407676,53.58,home_goods
45,ord_00000266,2025-11-25 08:18:48.921692967,94.0,outdoor
45,ord_00000267,2025-12-20 07:18:14.849940041,48.89,home_goods
45,ord_00000268,2026-01-07 08:59:33.733744605,36.86,electronics_accessories
45,ord_00000269,2026-01-31 06:20:27.300322198,30.71,apparel
45,ord_00000270,2026-02-24 14:16:45.770972213,45.15,outdoor
45,ord_00000271,2026-03-30 19:03:52.934234680,29.84,outdoor
45,ord_00000272,2026-05-04 16:34:07.991758083,34.81,electronics_accessories
45,ord_00000273,2026-05-26 16:44:53.700872606,24.18,apparel
45,ord_00000274,2026-06-18 11:30:35.324326333,39.99,home_goods
45,ord_00000275,2026-07-18 03:05:19.713102371,40.46,apparel
45,ord_00000276,2026-08-07 12:13:32.210300409,43.13,outdoor
46,ord_00000277,2024-08-09 00:00:00.000000000,32.1,beauty
46,ord_00000278,2024-09-08 09:11:03.507616241,28.33,apparel
46,ord_00000279,2024-10-16 08:57:59.573897977,75.02,electronics_accessories
46,ord_00000280,2024-11-06 20:32:49.717080848,54.9,outdoor
46,ord_00000281,2024-12-05 10:03:35.922945952,45.24,apparel
46,ord_00000282,2024-12-28 09:36:16.285344674,11.81,outdoor
46,ord_00000283,2025-01-24 22:56:06.660321602,57.46,home_goods
46,ord_00000284,2025-03-05 10:55:22.669594394,48.17,beauty
46,ord_00000285,2025-04-03 05:16:39.819020762,70.33,home_goods
46,ord_00000286,2025-04-17 17:24:37.115809995,27.94,beauty
46,ord_00000287,2025-05-16 00:32:10.141193842,46.03,electronics_accessories
46,ord_00000288,2025-06-20 18:25:06.313997674,52.32,electronics_accessories
46,ord_00000289,2025-07-13 20:57:10.272082264,53.57,electronics_accessories
46,ord_00000290,2025-08-16 03:54:09.780647069,28.7,apparel
46,ord_00000291,2025-09-05 05:43:26.100074331,53.94,home_goods
46,ord_00000292,2025-09-21 01:15:30.987659754,20.75,home_goods
46,ord_00000293,2025-10-16 19:32:56.891832796,54.05,home_goods
46,ord_00000294,2025-10-31 09:27:18.730767371,41.04,beauty
46,ord_00000295,2025-11-23 08:58:27.447299587,31.42,electronics_accessories
46,ord_00000296,2025-12-29 16:51:42.541016749,124.04,home_goods
46,ord_00000297,2026-01-12 15:02:29.471746569,26.25,electronics_accessories
46,ord_00000298,2026-01-29 10:46:35.460076051,25.77,beauty
46,ord_00000299,2026-02-16 13:37:30.662424888,117.18,apparel
46,ord_00000300,2026-03-12 19:07:32.385328443,48.77,electronics_accessories
46,ord_00000301,2026-04-03 22:11:42.240038875,40.39,electronics_accessories
46,ord_00000302,2026-05-11 11:57:19.078006355,43.92,beauty
46,ord_00000303,2026-06-13 09:04:13.610011761,168.87,apparel
46,ord_00000304,2026-07-12 00:39:29.952968595,32.25,electronics_accessories
46,ord_00000305,2026-08-06 19:46:36.898494910,68.29,beauty
47,ord_00000306,2024-11-02 00:00:00.000000000,20.32,beauty
48,ord_00000307,2025-04-05 00:00:00.000000000,88.24,beauty
49,ord_00000308,2024-12-20 00:00:00.000000000,72.6,home_goods
49,ord_00000309,2025-01-15 06:14:26.861930996,65.91,outdoor
49,ord_00000310,2025-02-18 19:56:27.331604487,43.72,outdoor
49,ord_00000311,2025-03-21 21:05:21.836764475,39.89,beauty
49,ord_00000312,2025-04-15 09:51:50.421203064,184.45,beauty
49,ord_00000313,2025-05-02 09:30:56.543311115,39.18,apparel
49,ord_00000314,2025-05-30 23:07:03.631322058,62.35,electronics_accessories
49,ord_00000315,2025-07-08 02:57:14.099239061,104.82,electronics_accessories
49,ord_00000316,2025-07-27 09:33:06.512390139,35.5,home_goods
49,ord_00000317,2025-08-29 20:04:35.033615818,84.18,electronics_accessories
49,ord_00000318,2025-09-29 07:56:31.980895794,59.88,apparel
49,ord_00000319,2025-11-02 21:44:15.407175170,49.67,beauty
49,ord_00000320,2025-12-08 18:25:17.524500663,48.03,home_goods
49,ord_00000321,2025-12-31 04:23:14.634714669,39.46,electronics_accessories
49,ord_00000322,2026-01-17 04:17:51.073687754,103.52,electronics_accessories
49,ord_00000323,2026-02-09 16:52:32.429958557,33.35,beauty
49,ord_00000324,2026-03-17 17:59:58.913473282,38.16,outdoor
49,ord_00000325,2026-04-10 05:08:33.546063217,69.26,electronics_accessories
49,ord_00000326,2026-05-02 15:10:35.807511193,65.38,beauty
49,ord_00000327,2026-05-18 14:49:34.287726478,65.8,electronics_accessories
49,ord_00000328,2026-07-04 07:46:22.698570034,35.81,electronics_accessories
50,ord_00000329,2025-06-06 00:00:00.000000000,80.23,outdoor
51,ord_00000330,2025-06-03 00:00:00.000000000,30.24,home_goods
52,ord_00000331,2026-06-18 00:00:00.000000000,52.16,beauty
53,ord_00000332,2025-11-04 00:00:00.000000000,80.67,electronics_accessories
53,ord_00000333,2025-11-16 14:32:25.212657577,30.03,home_goods
53,ord_00000334,2025-11-24 06:43:05.383367630,63.22,apparel
53,ord_00000335,2025-12-03 20:47:43.741386261,65.18,home_goods
53,ord_00000336,2025-12-14 06:16:38.436586644,55.44,electronics_accessories
53,ord_00000337,2025-12-24 11:35:49.330773022,51.3,outdoor
53,ord_00000338,2026-01-03 08:43:09.532219350,45.43,home_goods
53,ord_00000339,2026-01-14 23:37:33.182806702,66.04,outdoor
53,ord_00000340,2026-01-24 20:38:39.667203561,71.23,home_goods
53,ord_00000341,2026-02-01 08:06:31.931441937,29.29,electronics_accessories
53,ord_00000342,2026-02-15 23:46:21.623941455,37.19,electronics_accessories
53,ord_00000343,2026-03-02 12:35:59.181229424,73.19,electronics_accessories
53,ord_00000344,2026-03-17 11:00:21.558794555,80.48,home_goods
53,ord_00000345,2026-03-24 18:18:18.776280703,101.03,apparel
53,ord_00000346,2026-04-06 10:43:10.886305287,97.93,outdoor
53,ord_00000347,2026-04-20 15:35:31.740688459,32.75,apparel
53,ord_00000348,2026-04-29 03:50:38.635919009,108.6,electronics_accessories
53,ord_00000349,2026-05-10 18:54:54.714524693,52.62,apparel
53,ord_00000350,2026-05-21 23:40:46.146867758,41.69,beauty
53,ord_00000351,2026-06-11 03:19:43.403892714,23.7,apparel
53,ord_00000352,2026-07-01 19:04:28.725456657,67.79,electronics_accessories
53,ord_00000353,2026-07-08 19:59:30.134428111,228.1,electronics_accessories
53,ord_00000354,2026-08-02 08:05:21.309952207,28.7,electronics_accessories
54,ord_00000355,2025-10-15 00:00:00.000000000,52.38,apparel
54,ord_00000356,2026-01-01 15:21:14.238754480,25.51,outdoor
54,ord_00000357,2026-02-21 07:35:14.355727612,37.77,outdoor
54,ord_00000358,2026-04-21 07:53:48.361751599,60.23,apparel
54,ord_00000359,2026-05-19 22:01:50.491403554,57.56,apparel
54,ord_00000360,2026-06-29 11:31:00.625492615,71.97,home_goods
54,ord_00000361,2026-08-04 11:55:52.644509116,87.39,beauty
55,ord_00000362,2026-05-08 00:00:00.000000000,40.5,beauty
55,ord_00000363,2026-06-28 04:32:51.995836888,32.83,electronics_accessories
56,ord_00000364,2025-12-23 00:00:00.000000000,37.33,apparel
56,ord_00000365,2026-01-20 08:24:28.757045387,24.45,outdoor
56,ord_00000366,2026-02-17 17:00:20.225683164,37.77,apparel
56,ord_00000367,2026-03-13 18:23:59.107500604,40.27,home_goods
56,ord_00000368,2026-04-29 03:56:13.965368873,87.47,apparel
56,ord_00000369,2026-06-03 13:55:54.617882438,49.9,electronics_accessories
56,ord_00000370,2026-06-30 06:47:16.073291925,64.84,outdoor
57,ord_00000371,2025-12-17 00:00:00.000000000,126.97,beauty
58,ord_00000372,2025-10-28 00:00:00.000000000,50.01,outdoor
58,ord_00000373,2025-11-07 15:45:38.318880092,42.66,home_goods
58,ord_00000374,2025-11-24 19:30:31.648884641,55.34,outdoor
58,ord_00000375,2025-12-10 04:08:39.803496679,109.95,electronics_accessories
58,ord_00000376,2025-12-26 18:05:28.985800774,71.02,home_goods
58,ord_00000377,2026-01-02 19:17:43.013278460,88.64,home_goods
58,ord_00000378,2026-01-15 09:22:16.188139153,72.06,apparel
58,ord_00000379,2026-01-23 02:23:08.367692985,42.64,home_goods
58,ord_00000380,2026-02-02 08:08:12.430604386,17.05,beauty
58,ord_00000381,2026-02-08 20:57:51.615670701,29.69,apparel
58,ord_00000382,2026-02-16 18:19:58.863244267,52.29,home_goods
58,ord_00000383,2026-02-24 13:54:15.193870315,54.17,outdoor
58,ord_00000384,2026-03-09 02:45:01.454242244,26.19,outdoor
58,ord_00000385,2026-03-21 06:53:41.365263209,48.73,electronics_accessories
58,ord_00000386,2026-03-31 16:32:58.004205506,34.19,beauty
58,ord_00000387,2026-04-07 01:46:27.274326853,50.11,home_goods
58,ord_00000388,2026-04-15 19:01:35.554686825,99.98,home_goods
58,ord_00000389,2026-04-23 10:42:25.190348413,35.13,beauty
58,ord_00000390,2026-05-05 20:57:28.623658969,48.61,beauty
58,ord_00000391,2026-05-19 12:07:50.133316570,82.6,electronics_accessories
58,ord_00000392,2026-06-01 15:33:51.101463567,48.65,beauty
58,ord_00000393,2026-06-09 06:44:37.406558297,36.89,beauty
58,ord_00000394,2026-06-13 11:44:56.342641491,57.92,beauty
58,ord_00000395,2026-06-19 02:58:28.243352123,33.38,home_goods
58,ord_00000396,2026-07-03 18:56:08.161419760,36.41,beauty
58,ord_00000397,2026-07-12 06:38:13.827497323,156.0,home_goods
58,ord_00000398,2026-07-19 22:03:49.956397912,106.98,outdoor
58,ord_00000399,2026-08-04 14:09:16.858117447,44.8,apparel
59,ord_00000400,2026-03-02 00:00:00.000000000,25.52,outdoor
60,ord_00000401,2025-08-04 00:00:00.000000000,100.6,apparel
61,ord_00000402,2024-11-26 00:00:00.000000000,38.76,outdoor
61,ord_00000403,2025-03-07 07:28:09.115982857,26.98,electronics_accessories
61,ord_00000404,2025-07-28 20:47:23.223328435,158.46,apparel
61,ord_00000405,2025-11-20 17:43:29.497158035,41.8,electronics_accessories
61,ord_00000406,2026-04-24 04:20:52.727787059,92.25,apparel
61,ord_00000407,2026-07-26 07:13:45.952590881,132.03,outdoor
62,ord_00000408,2024-10-17 00:00:00.000000000,43.26,outdoor
63,ord_00000409,2025-12-01 00:00:00.000000000,32.44,home_goods
63,ord_00000410,2025-12-16 09:25:22.875779565,56.63,home_goods
63,ord_00000411,2025-12-26 17:14:55.022202932,65.75,beauty
63,ord_00000412,2026-01-09 16:47:09.855943708,26.72,beauty
63,ord_00000413,2026-02-01 10:19:33.217650465,85.27,beauty
63,ord_00000414,2026-02-11 12:04:04.483099979,63.02,home_goods
63,ord_00000415,2026-02-21 08:56:05.280211769,47.09,home_goods
63,ord_00000416,2026-03-04 23:26:30.762669981,32.54,electronics_accessories
63,ord_00000417,2026-03-20 00:51:13.765666562,92.74,beauty
63,ord_00000418,2026-03-29 11:35:59.258442075,46.55,apparel
63,ord_00000419,2026-04-07 18:01:01.857315612,38.62,apparel
63,ord_00000420,2026-04-23 03:05:33.358919561,54.62,outdoor
63,ord_00000421,2026-05-05 16:11:26.406602903,62.97,home_goods
63,ord_00000422,2026-05-11 17:43:37.194307239,64.16,outdoor
63,ord_00000423,2026-05-19 11:48:58.686792373,100.66,home_goods
63,ord_00000424,2026-06-06 01:28:58.491209375,81.28,beauty
63,ord_00000425,2026-06-18 16:41:31.298054440,31.44,apparel
63,ord_00000426,2026-06-27 14:31:22.483744044,47.57,beauty
63,ord_00000427,2026-07-08 05:53:41.703687963,27.96,beauty
63,ord_00000428,2026-07-19 11:43:52.138419553,39.61,home_goods
63,ord_00000429,2026-08-02 10:52:35.294976743,35.31,outdoor
64,ord_00000430,2025-12-26 00:00:00.000000000,53.8,apparel
64,ord_00000431,2026-03-14 19:03:56.120630904,42.73,apparel
65,ord_00000432,2025-05-09 00:00:00.000000000,20.85,home_goods
65,ord_00000433,2025-06-26 15:23:21.637618562,83.43,home_goods
65,ord_00000434,2025-09-14 05:35:16.050775037,39.13,electronics_accessories
65,ord_00000435,2025-10-17 08:35:46.855409444,55.41,home_goods
65,ord_00000436,2025-12-11 14:15:09.050170822,38.05,beauty
65,ord_00000437,2026-01-26 00:37:28.231704938,71.5,outdoor
65,ord_00000438,2026-02-21 16:04:54.158957904,27.64,apparel
65,ord_00000439,2026-04-16 11:03:50.306930391,53.36,outdoor
65,ord_00000440,2026-06-17 21:35:17.694216151,80.21,apparel
65,ord_00000441,2026-07-20 21:46:26.962127805,35.43,beauty
66,ord_00000442,2025-01-24 00:00:00.000000000,35.4,apparel
66,ord_00000443,2025-03-04 13:01:16.732275787,45.76,home_goods
66,ord_00000444,2025-03-20 19:31:29.633867733,26.46,electronics_accessories
66,ord_00000445,2025-04-23 20:54:41.158313389,58.37,beauty
66,ord_00000446,2025-05-12 15:31:50.254427987,69.67,home_goods
66,ord_00000447,2025-06-23 11:19:29.705234554,64.91,electronics_accessories
66,ord_00000448,2025-07-20 18:32:26.646325054,65.26,apparel
66,ord_00000449,2025-08-06 15:05:09.398794660,48.36,home_goods
66,ord_00000450,2025-08-26 04:13:26.101121215,34.36,outdoor
66,ord_00000451,2025-09-24 01:50:34.494707386,59.43,electronics_accessories
66,ord_00000452,2025-10-25 10:18:48.257740709,35.35,outdoor
66,ord_00000453,2025-11-16 19:30:15.984945030,50.7,home_goods
66,ord_00000454,2025-12-09 23:36:51.628881329,37.97,apparel
66,ord_00000455,2026-01-07 16:29:57.667418279,28.15,beauty
66,ord_00000456,2026-01-31 11:20:19.657886826,84.17,home_goods
66,ord_00000457,2026-02-15 23:34:14.429972909,64.63,outdoor
66,ord_00000458,2026-03-05 21:31:25.766274014,44.94,electronics_accessories
66,ord_00000459,2026-03-30 10:20:03.644862770,224.95,beauty
66,ord_00000460,2026-05-02 08:28:36.275854295,56.13,apparel
66,ord_00000461,2026-06-08 11:29:36.431888324,40.49,outdoor
66,ord_00000462,2026-07-07 08:46:07.766199864,75.02,home_goods
66,ord_00000463,2026-08-01 06:52:02.853827121,46.67,home_goods
67,ord_00000464,2025-12-28 00:00:00.000000000,187.89,apparel
67,ord_00000465,2026-02-11 19:35:09.570919017,23.84,electronics_accessories
67,ord_00000466,2026-03-15 23:28:39.239540479,34.84,apparel
67,ord_00000467,2026-05-02 20:59:23.846638364,64.93,apparel
67,ord_00000468,2026-06-12 10:54:57.129292245,65.2,home_goods
67,ord_00000469,2026-07-17 15:41:30.665029677,35.79,home_goods
68,ord_00000470,2025-12-01 00:00:00.000000000,31.88,outdoor
69,ord_00000471,2026-01-10 00:00:00.000000000,31.22,outdoor
70,ord_00000472,2024-11-12 00:00:00.000000000,84.11,apparel
71,ord_00000473,2025-03-12 00:00:00.000000000,80.51,home_goods
72,ord_00000474,2025-10-29 00:00:00.000000000,72.85,outdoor
73,ord_00000475,2024-11-04 00:00:00.000000000,25.0,outdoor
73,ord_00000476,2025-01-07 18:42:24.683708399,24.26,electronics_accessories
73,ord_00000477,2025-03-22 22:07:14.094764420,51.58,apparel
73,ord_00000478,2025-05-30 18:24:13.394261485,27.38,home_goods
73,ord_00000479,2025-07-15 10:48:22.987101778,83.87,apparel
73,ord_00000480,2025-08-23 15:23:03.206884673,25.77,apparel
73,ord_00000481,2025-10-12 06:04:35.099678534,82.47,beauty
73,ord_00000482,2025-12-24 00:35:53.449408116,40.08,electronics_accessories
73,ord_00000483,2026-03-09 13:57:09.922411667,88.39,outdoor
73,ord_00000484,2026-04-19 07:57:59.171445208,42.39,apparel
73,ord_00000485,2026-06-04 02:19:47.404448656,61.22,home_goods
73,ord_00000486,2026-07-23 13:02:04.538767892,41.62,electronics_accessories
74,ord_00000487,2024-09-01 00:00:00.000000000,57.99,apparel
75,ord_00000488,2024-10-15 00:00:00.000000000,37.56,outdoor
76,ord_00000489,2025-11-17 00:00:00.000000000,47.91,apparel
77,ord_00000490,2025-06-11 00:00:00.000000000,29.59,apparel
78,ord_00000491,2025-06-20 00:00:00.000000000,19.65,apparel
78,ord_00000492,2025-07-22 14:43:07.881804394,36.75,apparel
78,ord_00000493,2025-09-30 04:18:11.295842098,31.27,electronics_accessories
78,ord_00000494,2026-01-02 19:32:17.316231970,67.21,home_goods
78,ord_00000495,2026-03-09 04:51:49.660394466,23.89,home_goods
78,ord_00000496,2026-05-22 11:40:28.700061951,105.1,apparel
78,ord_00000497,2026-07-11 03:45:49.095184195,28.86,apparel
79,ord_00000498,2026-06-20 00:00:00.000000000,71.57,electronics_accessories
79,ord_00000499,2026-07-22 05:31:17.500284673,27.78,apparel
80,ord_00000500,2026-05-03 00:00:00.000000000,32.4,apparel
80,ord_00000501,2026-05-26 17:14:20.625731923,25.16,home_goods
80,ord_00000502,2026-06-19 10:15:24.912783807,54.21,outdoor
80,ord_00000503,2026-07-14 19:21:07.965852539,87.77,outdoor
81,ord_00000504,2025-08-12 00:00:00.000000000,17.2,home_goods
81,ord_00000505,2025-09-02 01:07:08.533041443,40.45,home_goods
81,ord_00000506,2025-09-16 03:23:20.092057685,118.13,electronics_accessories
81,ord_00000507,2025-10-03 14:15:25.520379413,37.39,beauty
81,ord_00000508,2025-10-16 13:32:41.039175993,94.85,apparel
81,ord_00000509,2025-11-11 08:37:54.049580223,81.82,home_goods
81,ord_00000510,2025-11-23 11:14:33.820684623,25.04,apparel
81,ord_00000511,2025-12-07 16:52:19.370344277,40.32,home_goods
81,ord_00000512,2025-12-23 23:16:44.626625998,29.54,home_goods
81,ord_00000513,2026-01-04 07:41:13.008268804,56.75,beauty
81,ord_00000514,2026-01-21 17:06:52.302807365,38.58,apparel
81,ord_00000515,2026-02-16 06:12:52.970282169,36.91,outdoor
81,ord_00000516,2026-03-01 20:30:52.220994423,67.37,apparel
81,ord_00000517,2026-03-19 14:06:49.343024327,47.92,apparel
81,ord_00000518,2026-03-26 11:48:16.937178723,39.62,beauty
81,ord_00000519,2026-04-11 01:26:18.994395923,65.05,apparel
81,ord_00000520,2026-04-25 09:34:35.532300011,138.5,home_goods
81,ord_00000521,2026-05-07 17:17:39.944479248,80.48,outdoor
81,ord_00000522,2026-05-29 12:11:40.158392672,231.43,electronics_accessories
81,ord_00000523,2026-06-12 18:58:19.850449679,62.95,outdoor
81,ord_00000524,2026-06-27 17:23:40.217761036,70.25,electronics_accessories
81,ord_00000525,2026-07-11 18:58:21.937465733,39.57,beauty
81,ord_00000526,2026-07-20 15:40:43.171333521,38.36,electronics_accessories
81,ord_00000527,2026-07-31 20:51:10.803237277,45.28,electronics_accessories
82,ord_00000528,2026-05-11 00:00:00.000000000,85.09,apparel
83,ord_00000529,2025-01-30 00:00:00.000000000,50.81,outdoor
83,ord_00000530,2025-02-26 03:59:08.684978578,42.92,electronics_accessories
83,ord_00000531,2025-04-13 20:34:04.594335820,63.05,apparel
83,ord_00000532,2025-05-25 18:00:57.721857013,28.8,electronics_accessories
83,ord_00000533,2025-06-15 06:20:36.788467868,41.51,beauty
83,ord_00000534,2025-07-15 11:59:55.706931128,72.39,apparel
83,ord_00000535,2025-08-19 09:42:43.433998403,73.04,outdoor
83,ord_00000536,2025-09-30 08:39:03.213198687,23.71,home_goods
83,ord_00000537,2025-11-13 00:02:08.521064467,56.17,beauty
83,ord_00000538,2025-12-19 04:02:12.627727726,53.99,home_goods
83,ord_00000539,2026-01-27 18:09:49.239616689,31.23,electronics_accessories
83,ord_00000540,2026-03-02 14:46:57.359415465,51.03,beauty
83,ord_00000541,2026-03-29 18:00:52.016769957,74.65,outdoor
83,ord_00000542,2026-04-29 11:03:15.343908921,33.02,apparel
83,ord_00000543,2026-06-01 20:44:29.488058400,12.78,electronics_accessories
83,ord_00000544,2026-07-04 17:37:26.676771402,36.21,apparel
83,ord_00000545,2026-07-23 14:22:41.770410658,29.67,electronics_accessories
84,ord_00000546,2025-06-27 00:00:00.000000000,48.04,home_goods
85,ord_00000547,2025-10-16 00:00:00.000000000,55.02,electronics_accessories
86,ord_00000548,2026-02-14 00:00:00.000000000,62.98,apparel
87,ord_00000549,2026-05-13 00:00:00.000000000,43.49,home_goods
87,ord_00000550,2026-06-16 05:28:51.440346437,22.92,apparel
87,ord_00000551,2026-07-27 00:55:41.318293628,36.89,beauty
88,ord_00000552,2025-11-18 00:00:00.000000000,36.45,apparel
89,ord_00000553,2024-12-02 00:00:00.000000000,42.97,outdoor
90,ord_00000554,2025-03-11 00:00:00.000000000,42.99,outdoor
91,ord_00000555,2024-08-30 00:00:00.000000000,58.12,apparel
92,ord_00000556,2025-02-11 00:00:00.000000000,63.23,electronics_accessories
92,ord_00000557,2025-03-06 23:10:09.885065564,48.42,outdoor
92,ord_00000558,2025-04-03 19:20:28.567825243,17.97,outdoor
92,ord_00000559,2025-04-28 03:12:46.838479600,52.7,electronics_accessories
92,ord_00000560,2025-05-19 05:12:21.542572993,28.42,outdoor
92,ord_00000561,2025-06-03 14:37:29.373693006,51.05,home_goods
92,ord_00000562,2025-06-24 15:04:09.636887385,79.22,home_goods
92,ord_00000563,2025-07-12 09:08:12.204510824,52.89,outdoor
92,ord_00000564,2025-07-26 23:24:51.865939816,49.6,electronics_accessories
92,ord_00000565,2025-08-15 06:32:34.500065343,46.63,outdoor
92,ord_00000566,2025-09-02 04:01:31.058757917,30.29,beauty
92,ord_00000567,2025-10-01 08:33:36.708446494,201.79,electronics_accessories
92,ord_00000568,2025-10-30 16:44:29.201252628,59.76,outdoor
92,ord_00000569,2025-11-18 09:04:41.203168788,64.23,electronics_accessories
92,ord_00000570,2025-12-11 00:54:34.957428081,73.42,outdoor
92,ord_00000571,2025-12-25 01:37:27.202798853,22.14,home_goods
92,ord_00000572,2026-01-15 04:34:16.000664278,41.66,outdoor
92,ord_00000573,2026-02-11 19:19:27.814208872,52.12,outdoor
92,ord_00000574,2026-03-15 04:25:04.964981659,64.27,beauty
92,ord_00000575,2026-04-03 23:10:14.796002841,35.67,outdoor
92,ord_00000576,2026-05-07 13:18:59.864804917,42.86,beauty
92,ord_00000577,2026-05-23 02:28:26.955294935,129.35,outdoor
92,ord_00000578,2026-06-08 22:52:49.374612220,50.56,apparel
92,ord_00000579,2026-07-09 06:22:30.483811375,51.01,outdoor
93,ord_00000580,2025-06-19 00:00:00.000000000,85.88,outdoor
94,ord_00000581,2024-11-28 00:00:00.000000000,40.02,outdoor
95,ord_00000582,2025-07-27 00:00:00.000000000,37.74,outdoor
96,ord_00000583,2024-08-20 00:00:00.000000000,84.75,apparel
96,ord_00000584,2024-09-06 12:06:47.922612583,66.51,beauty
96,ord_00000585,2024-10-01 20:56:10.411654519,43.74,electronics_accessories
96,ord_00000586,2024-10-19 11:12:07.291202353,67.89,beauty
96,ord_00000587,2024-11-10 10:31:18.411915851,27.24,outdoor
96,ord_00000588,2024-11-21 10:23:11.568268318,112.62,home_goods
96,ord_00000589,2024-12-06 15:29:02.837514094,45.12,home_goods
96,ord_00000590,2024-12-17 07:46:35.850220479,64.91,home_goods
96,ord_00000591,2024-12-30 13:25:21.613298317,29.42,home_goods
96,ord_00000592,2025-01-17 10:11:49.296107445,24.61,outdoor
96,ord_00000593,2025-02-01 00:51:20.817622376,36.13,electronics_accessories
96,ord_00000594,2025-02-10 07:28:39.848292294,59.05,outdoor
96,ord_00000595,2025-02-19 20:42:54.886053545,42.43,beauty
96,ord_00000596,2025-03-01 05:26:57.853506275,47.94,home_goods
96,ord_00000597,2025-03-17 15:35:17.543295072,49.71,outdoor
96,ord_00000598,2025-04-12 23:18:05.582844801,34.34,home_goods
96,ord_00000599,2025-05-04 07:08:16.239421240,50.41,electronics_accessories
96,ord_00000600,2025-05-12 07:42:36.612365458,22.36,apparel
96,ord_00000601,2025-06-03 00:37:36.729981414,31.18,home_goods
96,ord_00000602,2025-06-21 19:03:00.089900974,59.88,home_goods
96,ord_00000603,2025-06-30 16:59:10.054122283,25.49,electronics_accessories
96,ord_00000604,2025-07-13 15:31:27.524090905,46.71,beauty
96,ord_00000605,2025-08-02 07:58:14.195941807,107.83,electronics_accessories
96,ord_00000606,2025-08-19 01:08:43.724597727,94.96,beauty
96,ord_00000607,2025-08-28 14:47:29.202998432,58.91,outdoor
96,ord_00000608,2025-09-14 15:17:26.399861253,25.33,home_goods
96,ord_00000609,2025-09-22 02:24:13.387523736,78.95,home_goods
96,ord_00000610,2025-10-05 08:31:16.269938904,76.06,home_goods
96,ord_00000611,2025-10-25 07:01:13.137166881,32.88,electronics_accessories
96,ord_00000612,2025-11-08 13:00:42.220953583,58.91,beauty
96,ord_00000613,2025-11-20 17:50:23.748889305,45.74,home_goods
96,ord_00000614,2025-12-09 05:56:58.083068627,43.24,beauty
96,ord_00000615,2025-12-28 05:35:05.486451103,35.71,home_goods
96,ord_00000616,2026-01-18 05:26:06.691897555,83.47,apparel
96,ord_00000617,2026-02-05 15:33:00.788577441,33.77,beauty
96,ord_00000618,2026-02-25 05:59:44.049207525,34.08,electronics_accessories
96,ord_00000619,2026-03-14 21:44:38.359069500,27.32,electronics_accessories
96,ord_00000620,2026-03-30 06:03:15.660211972,21.07,outdoor
96,ord_00000621,2026-04-13 19:25:13.232641742,78.53,electronics_accessories
96,ord_00000622,2026-04-27 00:09:46.580163581,44.44,electronics_accessories
96,ord_00000623,2026-05-06 20:34:13.463232446,60.64,apparel
96,ord_00000624,2026-05-17 11:55:49.090489215,32.68,outdoor
96,ord_00000625,2026-05-30 12:26:54.958562279,70.73,beauty
96,ord_00000626,2026-06-14 18:06:29.733571934,26.36,beauty
96,ord_00000627,2026-07-06 14:07:06.436711311,45.38,home_goods
96,ord_00000628,2026-07-20 13:59:23.288658653,114.24,home_goods
97,ord_00000629,2026-02-15 00:00:00.000000000,27.24,home_goods
98,ord_00000630,2026-06-03 00:00:00.000000000,75.6,home_goods
99,ord_00000631,2026-02-15 00:00:00.000000000,73.15,home_goods
100,ord_00000632,2025-08-09 00:00:00.000000000,57.66,apparel
100,ord_00000633,2025-09-07 04:42:41.225633838,136.48,outdoor
100,ord_00000634,2025-09-27 00:37:12.104274132,54.69,beauty
100,ord_00000635,2025-11-04 19:50:35.511323126,33.12,outdoor
100,ord_00000636,2025-12-11 21:07:55.953247237,48.19,beauty
100,ord_00000637,2026-01-22 07:16:24.026356547,96.9,outdoor
100,ord_00000638,2026-02-14 18:18:33.119228358,61.81,electronics_accessories
100,ord_00000639,2026-03-29 06:52:26.235090978,40.92,apparel
100,ord_00000640,2026-06-02 04:34:50.360133546,39.89,beauty
100,ord_00000641,2026-07-08 01:37:15.926518123,37.13,beauty
101,ord_00000642,2025-07-29 00:00:00.000000000,51.17,beauty
101,ord_00000643,2025-11-19 02:00:35.263502362,21.67,apparel
101,ord_00000644,2026-05-12 18:30:04.157349850,102.93,beauty
101,ord_00000645,2026-07-07 12:23:41.359988115,48.45,electronics_accessories
102,ord_00000646,2026-08-01 00:00:00.000000000,39.18,electronics_accessories
103,ord_00000647,2024-09-05 00:00:00.000000000,52.79,electronics_accessories
104,ord_00000648,2024-10-10 00:00:00.000000000,50.56,home_goods
104,ord_00000649,2025-01-05 18:05:13.266286858,31.09,outdoor
104,ord_00000650,2025-02-24 11:39:32.084775239,67.72,outdoor
104,ord_00000651,2025-05-03 14:56:23.082214942,71.05,outdoor
104,ord_00000652,2025-06-29 07:13:15.707877110,35.64,outdoor
104,ord_00000653,2025-09-05 00:45:14.943907561,46.36,electronics_accessories
104,ord_00000654,2025-10-25 21:02:03.536592958,25.91,electronics_accessories
104,ord_00000655,2025-12-11 23:09:24.809720697,43.3,beauty
104,ord_00000656,2026-03-06 02:54:42.059097264,55.63,outdoor
104,ord_00000657,2026-05-05 08:01:54.627470432,25.2,beauty
105,ord_00000658,2025-02-05 00:00:00.000000000,97.88,home_goods
105,ord_00000659,2025-05-12 17:09:47.889329111,100.96,home_goods
105,ord_00000660,2025-08-02 13:04:50.337608505,56.17,beauty
105,ord_00000661,2025-11-02 01:48:12.763642645,70.78,electronics_accessories
105,ord_00000662,2026-01-04 20:52:52.449407131,67.47,apparel
105,ord_00000663,2026-06-06 03:52:08.215792291,43.97,outdoor
106,ord_00000664,2024-08-18 00:00:00.000000000,25.5,apparel
106,ord_00000665,2024-09-08 06:23:40.155686757,93.82,home_goods
106,ord_00000666,2024-09-29 14:24:40.570898907,34.83,outdoor
106,ord_00000667,2024-10-23 13:33:26.054293314,45.48,beauty
106,ord_00000668,2024-11-11 05:40:19.973018609,26.75,outdoor
106,ord_00000669,2024-12-04 13:53:03.672065915,48.17,outdoor
106,ord_00000670,2024-12-24 18:26:35.487316074,34.11,home_goods
106,ord_00000671,2025-01-06 23:34:16.751049901,33.43,beauty
106,ord_00000672,2025-01-28 06:46:10.166588360,43.99,home_goods
106,ord_00000673,2025-02-12 13:10:05.426733985,45.18,apparel
106,ord_00000674,2025-02-25 04:07:14.299143439,46.02,electronics_accessories
106,ord_00000675,2025-03-19 07:13:20.624049252,42.99,electronics_accessories
106,ord_00000676,2025-04-12 21:18:05.482161860,69.0,beauty
106,ord_00000677,2025-05-07 18:17:30.963125979,45.9,apparel
106,ord_00000678,2025-06-01 22:34:30.242038301,33.42,apparel
106,ord_00000679,2025-06-13 20:02:19.620980104,32.13,electronics_accessories
106,ord_00000680,2025-06-27 22:53:55.033219963,61.71,apparel
106,ord_00000681,2025-08-05 08:20:53.553927464,62.03,electronics_accessories
106,ord_00000682,2025-08-20 20:39:32.463341503,50.56,beauty
106,ord_00000683,2025-09-15 08:54:39.632847736,69.98,home_goods
106,ord_00000684,2025-10-02 15:43:00.354394780,77.91,beauty
106,ord_00000685,2025-10-24 09:46:56.910177440,46.97,outdoor
106,ord_00000686,2025-11-10 23:19:21.982321783,55.38,electronics_accessories
106,ord_00000687,2025-12-06 02:35:10.370880260,67.77,home_goods
106,ord_00000688,2025-12-28 05:40:19.794580428,55.9,home_goods
106,ord_00000689,2026-01-15 19:15:52.553903528,34.2,apparel
106,ord_00000690,2026-01-31 07:14:40.438737469,204.93,beauty
106,ord_00000691,2026-02-23 07:37:03.946305827,40.96,electronics_accessories
106,ord_00000692,2026-03-10 01:53:37.200935242,39.52,beauty
106,ord_00000693,2026-04-03 05:22:35.219074172,38.71,electronics_accessories
106,ord_00000694,2026-05-19 22:13:13.054476103,35.29,beauty
106,ord_00000695,2026-06-20 18:30:24.277827101,38.98,apparel
106,ord_00000696,2026-07-17 02:49:37.211676129,33.82,home_goods
106,ord_00000697,2026-08-06 19:38:16.414422704,21.03,beauty
107,ord_00000698,2025-07-21 00:00:00.000000000,200.31,beauty
108,ord_00000699,2025-06-06 00:00:00.000000000,21.47,home_goods
109,ord_00000700,2025-03-07 00:00:00.000000000,34.35,beauty
110,ord_00000701,2025-12-21 00:00:00.000000000,20.22,apparel
110,ord_00000702,2026-01-15 13:34:06.119773263,72.22,home_goods
110,ord_00000703,2026-02-13 20:37:59.579478346,57.49,outdoor
110,ord_00000704,2026-03-24 15:32:58.460720713,47.82,home_goods
110,ord_00000705,2026-04-22 12:15:31.396542428,88.67,home_goods
110,ord_00000706,2026-05-19 03:12:14.804612017,61.75,home_goods
110,ord_00000707,2026-06-17 05:52:47.914941598,78.55,beauty
110,ord_00000708,2026-07-08 08:15:22.189401335,39.66,beauty
111,ord_00000709,2024-08-19 00:00:00.000000000,60.96,electronics_accessories
112,ord_00000710,2026-05-17 00:00:00.000000000,85.22,beauty
113,ord_00000711,2025-01-15 00:00:00.000000000,31.4,outdoor
114,ord_00000712,2025-02-26 00:00:00.000000000,23.6,electronics_accessories
114,ord_00000713,2025-03-17 22:00:24.816478117,45.35,electronics_accessories
114,ord_00000714,2025-04-26 03:53:40.648815050,29.14,outdoor
114,ord_00000715,2025-05-16 06:42:22.838292214,75.16,electronics_accessories
114,ord_00000716,2025-06-11 16:32:01.464255753,42.12,home_goods
114,ord_00000717,2025-08-03 07:02:41.859234521,33.98,electronics_accessories
114,ord_00000718,2025-10-02 22:07:36.048098739,57.43,electronics_accessories
114,ord_00000719,2025-10-27 06:34:05.524125290,80.76,outdoor
114,ord_00000720,2025-11-28 01:01:03.446987012,32.59,beauty
114,ord_00000721,2026-01-02 13:29:22.738796843,53.49,outdoor
114,ord_00000722,2026-03-03 09:38:25.397971745,60.44,apparel
114,ord_00000723,2026-04-02 15:35:56.264628010,56.47,beauty
114,ord_00000724,2026-05-03 01:02:49.974288785,37.96,outdoor
114,ord_00000725,2026-06-27 20:26:22.360167552,43.7,apparel
114,ord_00000726,2026-07-29 04:34:31.236019159,39.97,home_goods
115,ord_00000727,2024-10-17 00:00:00.000000000,47.88,outdoor
116,ord_00000728,2025-08-28 00:00:00.000000000,44.46,electronics_accessories
116,ord_00000729,2025-11-21 07:05:04.539517436,41.91,electronics_accessories
116,ord_00000730,2026-03-25 17:43:51.079685640,75.73,electronics_accessories
116,ord_00000731,2026-08-07 19:26:49.975546818,55.45,beauty
117,ord_00000732,2025-06-18 00:00:00.000000000,66.39,outdoor
117,ord_00000733,2025-07-01 22:30:43.136829259,25.11,apparel
117,ord_00000734,2025-08-06 09:07:19.236030538,41.51,home_goods
117,ord_00000735,2025-08-24 01:03:12.820629375,19.37,outdoor
117,ord_00000736,2025-09-07 19:28:31.806138261,27.81,outdoor
117,ord_00000737,2025-10-06 10:25:02.042104329,40.28,outdoor
117,ord_00000738,2025-10-26 17:01:36.829557934,60.18,home_goods
117,ord_00000739,2025-11-17 20:52:45.837062105,70.6,outdoor
117,ord_00000740,2025-12-05 17:54:01.024311373,27.33,apparel
117,ord_00000741,2025-12-22 16:17:31.618501755,20.95,apparel
117,ord_00000742,2026-01-09 09:16:22.224548557,28.61,apparel
117,ord_00000743,2026-01-21 16:36:15.431884849,113.54,outdoor
117,ord_00000744,2026-02-08 20:07:28.657696221,57.83,home_goods
117,ord_00000745,2026-03-01 04:48:54.954649665,49.84,home_goods
117,ord_00000746,2026-04-02 15:51:08.583012982,29.57,outdoor
117,ord_00000747,2026-04-21 18:42:02.114930917,26.95,home_goods
117,ord_00000748,2026-05-01 00:41:53.507261342,26.07,electronics_accessories
117,ord_00000749,2026-05-19 03:25:39.857032078,40.37,electronics_accessories
117,ord_00000750,2026-06-30 12:35:20.452238932,28.17,apparel
117,ord_00000751,2026-07-24 16:28:26.006740649,25.77,apparel
118,ord_00000752,2025-09-30 00:00:00.000000000,67.61,apparel
118,ord_00000753,2025-11-10 15:04:26.756379603,22.21,apparel
118,ord_00000754,2025-12-10 17:01:37.342798717,120.96,outdoor
118,ord_00000755,2026-01-19 06:11:19.404331085,35.94,electronics_accessories
118,ord_00000756,2026-02-10 00:26:26.687111709,68.11,electronics_accessories
118,ord_00000757,2026-03-09 18:42:20.211587650,68.8,apparel
118,ord_00000758,2026-03-30 02:48:16.413740252,44.01,home_goods
118,ord_00000759,2026-04-23 05:29:31.638606003,22.0,outdoor
118,ord_00000760,2026-05-18 11:05:17.075237167,22.25,electronics_accessories
118,ord_00000761,2026-06-09 10:01:41.326960708,29.26,beauty
118,ord_00000762,2026-06-28 08:58:51.004071303,23.38,beauty
118,ord_00000763,2026-07-16 05:41:39.956288776,97.15,electronics_accessories
118,ord_00000764,2026-07-29 18:24:01.201777188,38.94,home_goods
119,ord_00000765,2025-09-25 00:00:00.000000000,16.14,apparel
120,ord_00000766,2026-03-13 00:00:00.000000000,28.48,apparel
120,ord_00000767,2026-04-06 21:33:16.728135806,68.92,beauty
120,ord_00000768,2026-05-09 05:56:18.875177315,77.03,home_goods
120,ord_00000769,2026-06-12 07:52:35.616835128,73.33,home_goods
120,ord_00000770,2026-07-15 16:18:53.788431329,24.12,beauty
121,ord_00000771,2026-07-24 00:00:00.000000000,58.89,apparel
122,ord_00000772,2025-02-09 00:00:00.000000000,95.01,outdoor
122,ord_00000773,2025-03-30 10:14:10.656504008,18.45,electronics_accessories
122,ord_00000774,2025-06-04 23:12:31.234624061,48.42,beauty
122,ord_00000775,2025-07-28 10:05:25.207382537,34.35,beauty
122,ord_00000776,2025-09-13 19:20:57.400955560,47.79,electronics_accessories
122,ord_00000777,2025-11-25 04:38:22.177411658,40.29,home_goods
122,ord_00000778,2026-01-12 06:04:30.087303902,80.97,home_goods
122,ord_00000779,2026-02-23 15:06:24.843084478,18.15,electronics_accessories
122,ord_00000780,2026-03-31 17:43:31.712285808,80.77,outdoor
122,ord_00000781,2026-05-28 01:36:43.255344185,36.07,electronics_accessories
122,ord_00000782,2026-08-03 08:33:53.766287149,95.08,electronics_accessories
123,ord_00000783,2025-03-27 00:00:00.000000000,63.98,outdoor
124,ord_00000784,2025-03-22 00:00:00.000000000,43.83,outdoor
125,ord_00000785,2025-06-13 00:00:00.000000000,30.04,outdoor
126,ord_00000786,2026-01-30 00:00:00.000000000,36.27,beauty
127,ord_00000787,2025-07-01 00:00:00.000000000,22.6,electronics_accessories
128,ord_00000788,2024-11-15 00:00:00.000000000,55.55,beauty
129,ord_00000789,2026-01-28 00:00:00.000000000,35.37,beauty
130,ord_00000790,2026-05-14 00:00:00.000000000,72.79,apparel
130,ord_00000791,2026-06-23 21:56:23.656695463,58.19,outdoor
131,ord_00000792,2025-05-31 00:00:00.000000000,41.32,electronics_accessories
132,ord_00000793,2025-10-01 00:00:00.000000000,56.07,home_goods
132,ord_00000794,2025-10-19 17:23:39.851959612,56.64,home_goods
132,ord_00000795,2025-11-04 19:57:50.001441389,151.32,home_goods
132,ord_00000796,2025-11-30 13:57:31.971125520,42.36,beauty
132,ord_00000797,2026-01-01 21:26:46.021984500,42.14,electronics_accessories
132,ord_00000798,2026-01-19 01:53:00.657227213,32.49,beauty
132,ord_00000799,2026-02-12 15:32:14.356086889,88.51,home_goods
132,ord_00000800,2026-03-01 04:40:11.131864666,56.16,outdoor
132,ord_00000801,2026-03-21 18:54:44.531252460,69.65,apparel
132,ord_00000802,2026-04-09 03:11:22.072245237,53.81,beauty
132,ord_00000803,2026-05-06 03:57:19.113510291,46.69,home_goods
132,ord_00000804,2026-05-24 13:45:34.095963947,80.14,home_goods
132,ord_00000805,2026-06-24 03:23:12.780835639,42.08,beauty
132,ord_00000806,2026-07-15 02:29:09.110671043,54.47,electronics_accessories
132,ord_00000807,2026-08-02 16:10:30.555074443,59.2,outdoor
133,ord_00000808,2025-10-12 00:00:00.000000000,45.48,apparel
133,ord_00000809,2025-10-23 02:45:32.812940287,45.22,electronics_accessories
133,ord_00000810,2025-11-02 23:23:58.115222575,50.93,electronics_accessories
133,ord_00000811,2025-11-14 22:22:49.560250455,47.01,electronics_accessories
133,ord_00000812,2025-12-02 11:31:30.143977356,60.31,apparel
133,ord_00000813,2025-12-16 06:26:51.274760754,65.76,beauty
133,ord_00000814,2025-12-31 15:42:01.278789274,59.61,outdoor
133,ord_00000815,2026-01-10 16:48:53.581436306,40.7,home_goods
133,ord_00000816,2026-01-23 07:55:01.896900430,76.17,electronics_accessories
133,ord_00000817,2026-02-09 15:06:32.051135832,66.31,electronics_accessories
133,ord_00000818,2026-02-26 23:15:36.591897106,47.03,electronics_accessories
133,ord_00000819,2026-03-10 15:22:21.197632376,84.08,outdoor
133,ord_00000820,2026-03-25 20:47:52.147189534,35.66,home_goods
133,ord_00000821,2026-04-22 22:06:56.201877740,54.09,home_goods
133,ord_00000822,2026-05-07 08:24:29.068783638,60.8,electronics_accessories
133,ord_00000823,2026-05-19 03:10:13.721807292,47.59,outdoor
133,ord_00000824,2026-06-01 21:36:48.724515750,47.13,apparel
133,ord_00000825,2026-06-16 19:30:00.512190238,44.27,home_goods
133,ord_00000826,2026-06-30 16:11:26.220083622,45.67,home_goods
133,ord_00000827,2026-07-15 01:03:24.713577927,100.28,electronics_accessories
133,ord_00000828,2026-07-24 10:49:46.665736210,26.9,home_goods
133,ord_00000829,2026-08-04 07:38:05.530924883,13.38,beauty
134,ord_00000830,2025-02-08 00:00:00.000000000,40.54,home_goods
135,ord_00000831,2024-11-09 00:00:00.000000000,154.2,electronics_accessories
135,ord_00000832,2025-02-09 02:12:57.309155393,50.95,apparel
135,ord_00000833,2025-04-22 21:50:54.041648694,27.32,apparel
135,ord_00000834,2025-06-25 13:29:01.422736699,65.1,electronics_accessories
135,ord_00000835,2025-09-30 08:15:25.267500550,65.05,beauty
135,ord_00000836,2025-12-10 01:27:11.598154000,74.36,outdoor
135,ord_00000837,2026-02-03 17:06:39.864716251,44.26,home_goods
135,ord_00000838,2026-03-18 05:20:36.164352916,65.53,apparel
135,ord_00000839,2026-05-19 12:55:05.403075795,33.48,outdoor
136,ord_00000840,2026-05-23 00:00:00.000000000,41.44,apparel
137,ord_00000841,2024-09-28 00:00:00.000000000,160.44,outdoor
137,ord_00000842,2024-10-10 13:49:07.341281807,48.69,apparel
137,ord_00000843,2024-10-23 21:33:38.499299310,60.33,outdoor
137,ord_00000844,2024-11-01 13:12:24.615212148,41.11,outdoor
137,ord_00000845,2024-11-11 16:33:38.487620279,142.71,home_goods
137,ord_00000846,2024-11-21 19:53:45.118736266,81.58,apparel
137,ord_00000847,2024-11-28 21:35:56.126146472,65.9,apparel
137,ord_00000848,2024-12-09 00:06:13.797578037,29.91,beauty
137,ord_00000849,2024-12-15 17:34:12.284367452,32.41,electronics_accessories
137,ord_00000850,2024-12-22 21:00:51.610761897,56.92,home_goods
137,ord_00000851,2025-01-03 21:35:35.309592776,17.81,electronics_accessories
137,ord_00000852,2025-01-15 09:17:04.789983512,57.92,home_goods
137,ord_00000853,2025-01-22 07:46:51.184162697,18.27,beauty
137,ord_00000854,2025-01-29 04:55:26.336384085,64.74,apparel
137,ord_00000855,2025-02-05 06:29:01.990588877,98.97,outdoor
137,ord_00000856,2025-02-15 22:52:05.138266639,43.44,home_goods
137,ord_00000857,2025-02-22 07:19:34.310500550,77.0,apparel
137,ord_00000858,2025-03-03 20:22:00.282524755,86.58,beauty
137,ord_00000859,2025-03-14 13:50:45.739720391,50.25,outdoor
137,ord_00000860,2025-03-22 22:15:55.186302891,57.42,outdoor
137,ord_00000861,2025-04-03 12:54:02.879708227,46.22,beauty
137,ord_00000862,2025-04-11 08:44:28.011196821,46.52,electronics_accessories
137,ord_00000863,2025-04-19 09:44:54.686142141,90.45,beauty
137,ord_00000864,2025-04-25 19:15:00.667717899,62.72,apparel
137,ord_00000865,2025-05-07 10:28:51.331619808,40.72,outdoor
137,ord_00000866,2025-05-14 05:59:59.693415288,111.22,outdoor
137,ord_00000867,2025-05-23 18:33:50.543833275,253.54,electronics_accessories
137,ord_00000868,2025-06-01 04:00:13.724590979,27.21,outdoor
137,ord_00000869,2025-06-07 10:03:57.896867266,60.91,home_goods
137,ord_00000870,2025-06-14 13:29:33.120532625,60.26,apparel
137,ord_00000871,2025-06-27 13:06:02.980438181,35.37,beauty
137,ord_00000872,2025-07-06 15:43:52.334378956,77.67,outdoor
137,ord_00000873,2025-07-12 23:46:14.426450246,70.27,apparel
137,ord_00000874,2025-07-22 09:18:27.238045364,30.55,outdoor
137,ord_00000875,2025-07-30 14:16:38.967437862,91.35,electronics_accessories
137,ord_00000876,2025-08-23 18:19:07.383290924,66.67,home_goods
137,ord_00000877,2025-09-02 02:29:33.684112026,55.32,apparel
137,ord_00000878,2025-09-09 18:04:52.922924213,47.5,electronics_accessories
137,ord_00000879,2025-09-22 21:10:56.992225018,50.18,outdoor
137,ord_00000880,2025-09-27 19:38:32.591226004,32.32,electronics_accessories
137,ord_00000881,2025-10-06 15:20:41.073290813,33.92,beauty
137,ord_00000882,2025-10-22 05:42:11.558322227,55.21,electronics_accessories
137,ord_00000883,2025-10-30 12:26:55.618510753,55.02,outdoor
137,ord_00000884,2025-11-04 14:47:59.652018508,63.46,electronics_accessories
137,ord_00000885,2025-11-12 05:32:53.581456799,102.8,apparel
137,ord_00000886,2025-11-25 11:55:35.890851379,43.21,electronics_accessories
137,ord_00000887,2025-12-05 02:18:04.002951675,62.88,apparel
137,ord_00000888,2025-12-11 18:18:35.460692992,19.72,outdoor
137,ord_00000889,2025-12-18 17:51:53.920933538,80.68,outdoor
137,ord_00000890,2025-12-25 23:51:03.735883115,20.72,beauty
137,ord_00000891,2026-01-04 13:11:59.941904484,105.17,beauty
137,ord_00000892,2026-01-17 08:39:34.949196398,41.07,outdoor
137,ord_00000893,2026-01-29 02:51:31.012667992,86.45,beauty
137,ord_00000894,2026-02-07 22:49:29.622283777,39.12,home_goods
137,ord_00000895,2026-02-13 16:50:38.258730500,35.32,electronics_accessories
137,ord_00000896,2026-02-19 11:01:00.553009114,38.91,beauty
137,ord_00000897,2026-03-01 12:30:53.070986664,58.63,electronics_accessories
137,ord_00000898,2026-03-07 05:57:45.013769250,88.15,electronics_accessories
137,ord_00000899,2026-03-15 06:17:34.750102352,26.16,electronics_accessories
137,ord_00000900,2026-03-24 15:45:00.714013598,28.75,home_goods
137,ord_00000901,2026-03-30 18:02:33.197859494,124.22,apparel
137,ord_00000902,2026-04-06 01:23:39.477382731,60.15,beauty
137,ord_00000903,2026-04-14 09:27:38.250830911,72.46,outdoor
137,ord_00000904,2026-04-24 08:49:24.291544936,43.83,beauty
137,ord_00000905,2026-05-06 03:47:36.298571558,30.59,home_goods
137,ord_00000906,2026-05-16 10:41:52.204337281,99.91,apparel
137,ord_00000907,2026-05-25 05:05:30.813295039,73.62,outdoor
137,ord_00000908,2026-06-01 01:36:39.669109716,39.18,electronics_accessories
137,ord_00000909,2026-06-07 06:51:34.516268625,115.14,apparel
137,ord_00000910,2026-06-14 15:24:45.964348037,34.57,electronics_accessories
137,ord_00000911,2026-06-24 08:08:23.033166933,46.28,home_goods
137,ord_00000912,2026-07-03 19:48:14.674777979,60.76,home_goods
137,ord_00000913,2026-07-08 09:24:45.171695836,22.49,beauty
137,ord_00000914,2026-07-15 03:59:40.174083462,32.05,beauty
137,ord_00000915,2026-07-27 11:22:01.444765764,51.28,apparel
137,ord_00000916,2026-08-05 06:06:44.130055938,61.9,outdoor
138,ord_00000917,2026-02-27 00:00:00.000000000,35.53,beauty
139,ord_00000918,2026-02-04 00:00:00.000000000,56.25,electronics_accessories
139,ord_00000919,2026-03-04 14:51:29.238111224,58.45,home_goods
139,ord_00000920,2026-04-19 00:54:39.363659039,15.04,home_goods
139,ord_00000921,2026-05-15 08:37:15.773867996,50.35,apparel
139,ord_00000922,2026-06-11 16:59:17.988166288,50.49,outdoor
139,ord_00000923,2026-07-14 11:58:33.997142157,48.7,apparel
140,ord_00000924,2025-12-15 00:00:00.000000000,67.12,electronics_accessories
141,ord_00000925,2025-11-20 00:00:00.000000000,30.76,apparel
142,ord_00000926,2025-01-30 00:00:00.000000000,34.54,home_goods
143,ord_00000927,2025-02-09 00:00:00.000000000,58.92,home_goods
143,ord_00000928,2025-02-24 10:46:33.730356341,58.53,electronics_accessories
143,ord_00000929,2025-03-07 17:23:20.782328808,36.66,apparel
143,ord_00000930,2025-03-20 18:55:32.200659041,16.56,outdoor
143,ord_00000931,2025-04-10 04:48:49.505055543,61.82,home_goods
143,ord_00000932,2025-04-27 09:19:25.657169291,45.17,apparel
143,ord_00000933,2025-05-15 01:56:16.082025182,71.38,beauty
143,ord_00000934,2025-05-23 20:23:52.549493396,22.71,apparel
143,ord_00000935,2025-06-18 17:38:36.118794712,27.99,beauty
143,ord_00000936,2025-06-29 04:03:06.450339926,119.79,beauty
143,ord_00000937,2025-07-22 18:24:34.306381898,16.42,outdoor
143,ord_00000938,2025-08-12 00:51:11.047175094,23.18,outdoor
143,ord_00000939,2025-08-29 18:36:18.990896738,39.01,beauty
143,ord_00000940,2025-09-10 07:38:43.335435310,25.48,home_goods
143,ord_00000941,2025-09-25 22:20:55.377930467,57.76,outdoor
143,ord_00000942,2025-10-08 21:13:14.583227579,62.64,apparel
143,ord_00000943,2025-10-23 22:23:53.614473019,70.89,apparel
143,ord_00000944,2025-11-06 18:35:04.349465134,40.84,outdoor
143,ord_00000945,2025-11-14 20:49:14.378295910,67.05,electronics_accessories
143,ord_00000946,2025-12-05 18:06:53.084729064,21.88,beauty
143,ord_00000947,2025-12-20 07:33:09.108810513,54.12,apparel
143,ord_00000948,2026-01-02 05:07:58.245395291,93.74,outdoor
143,ord_00000949,2026-01-14 19:46:39.165141396,31.14,electronics_accessories
143,ord_00000950,2026-01-31 10:28:19.499017312,27.63,apparel
143,ord_00000951,2026-02-11 20:18:30.470564279,51.06,beauty
143,ord_00000952,2026-02-19 10:19:34.896405044,39.17,beauty
143,ord_00000953,2026-03-08 06:53:05.892187898,26.22,beauty
143,ord_00000954,2026-03-25 17:15:51.585868102,48.22,electronics_accessories
143,ord_00000955,2026-04-08 18:29:43.157880771,35.06,home_goods
143,ord_00000956,2026-04-19 08:13:45.871269134,107.08,home_goods
143,ord_00000957,2026-05-04 15:57:19.797541992,93.23,beauty
143,ord_00000958,2026-05-14 06:41:49.141909736,37.84,beauty
143,ord_00000959,2026-05-25 05:47:05.869781639,48.05,electronics_accessories
143,ord_00000960,2026-06-06 03:37:46.421926660,21.14,electronics_accessories
143,ord_00000961,2026-06-25 08:49:59.061485011,46.17,apparel
143,ord_00000962,2026-07-08 17:58:19.858584372,71.75,outdoor
143,ord_00000963,2026-07-21 19:00:06.420309524,45.49,home_goods
144,ord_00000964,2026-07-24 00:00:00.000000000,59.35,home_goods
145,ord_00000965,2026-06-15 00:00:00.000000000,88.07,outdoor
146,ord_00000966,2024-08-30 00:00:00.000000000,24.27,electronics_accessories
147,ord_00000967,2026-07-14 00:00:00.000000000,29.91,beauty
148,ord_00000968,2026-08-03 00:00:00.000000000,53.8,electronics_accessories
149,ord_00000969,2025-11-17 00:00:00.000000000,44.95,home_goods
150,ord_00000970,2026-04-25 00:00:00.000000000,48.11,electronics_accessories
151,ord_00000971,2024-10-30 00:00:00.000000000,49.88,apparel
151,ord_00000972,2024-12-25 07:11:14.998901902,99.5,home_goods
151,ord_00000973,2025-03-24 09:25:12.323882364,33.64,home_goods
151,ord_00000974,2025-05-28 05:10:08.346146721,43.67,electronics_accessories
151,ord_00000975,2025-07-11 11:46:16.133115302,60.53,beauty
151,ord_00000976,2025-09-13 17:40:19.758834986,66.35,beauty
151,ord_00000977,2025-10-16 18:51:10.557429933,36.2,outdoor
151,ord_00000978,2025-11-23 10:39:12.016045921,43.21,outdoor
151,ord_00000979,2026-01-17 23:47:39.591916732,54.93,outdoor
151,ord_00000980,2026-02-13 07:09:13.784328913,59.79,outdoor
151,ord_00000981,2026-04-04 00:07:29.287965135,85.04,beauty
151,ord_00000982,2026-05-11 00:23:27.179144885,36.29,outdoor
151,ord_00000983,2026-07-01 19:57:43.157024191,64.67,electronics_accessories
151,ord_00000984,2026-08-07 05:02:38.163898145,49.11,outdoor
152,ord_00000985,2024-12-04 00:00:00.000000000,76.97,electronics_accessories
152,ord_00000986,2025-04-05 20:12:19.069869438,63.83,apparel
152,ord_00000987,2025-09-24 11:29:18.472014418,56.2,outdoor
152,ord_00000988,2026-01-27 19:21:44.532216672,72.17,outdoor
153,ord_00000989,2025-12-13 00:00:00.000000000,55.03,beauty
154,ord_00000990,2024-09-29 00:00:00.000000000,55.71,electronics_accessories
154,ord_00000991,2024-11-18 18:39:16.919879750,38.47,beauty
154,ord_00000992,2025-01-06 00:36:50.462846428,85.01,home_goods
154,ord_00000993,2025-02-14 03:12:24.606302585,25.69,beauty
154,ord_00000994,2025-05-03 22:07:20.514049230,34.8,apparel
154,ord_00000995,2025-06-07 12:14:03.449447185,110.03,electronics_accessories
154,ord_00000996,2025-07-31 09:33:59.946378632,29.84,home_goods
154,ord_00000997,2025-09-12 10:58:17.384539376,31.23,outdoor
154,ord_00000998,2025-12-01 19:34:24.859794052,43.33,home_goods
154,ord_00000999,2026-01-06 23:05:46.848738089,45.39,electronics_accessories
154,ord_00001000,2026-02-13 23:31:22.291808708,33.98,electronics_accessories
154,ord_00001001,2026-03-21 09:57:07.239468992,51.71,home_goods
154,ord_00001002,2026-05-12 15:29:27.689987506,74.04,home_goods
154,ord_00001003,2026-06-13 01:01:22.462441731,45.61,outdoor
154,ord_00001004,2026-07-24 02:30:07.430414304,20.71,outdoor
155,ord_00001005,2025-11-14 00:00:00.000000000,73.16,beauty
156,ord_00001006,2026-05-05 00:00:00.000000000,27.29,home_goods
156,ord_00001007,2026-06-16 12:08:59.101404336,43.9,beauty
156,ord_00001008,2026-07-31 19:33:09.612817307,34.74,beauty
157,ord_00001009,2026-04-22 00:00:00.000000000,77.81,home_goods
158,ord_00001010,2024-12-11 00:00:00.000000000,83.84,apparel
158,ord_00001011,2025-02-17 12:03:37.436812511,56.61,outdoor
158,ord_00001012,2025-06-04 15:38:18.388339257,30.47,electronics_accessories
158,ord_00001013,2025-10-02 12:36:41.290808429,65.52,electronics_accessories
158,ord_00001014,2025-12-23 03:41:01.994380068,12.85,apparel
158,ord_00001015,2026-04-19 16:34:21.358667356,91.97,electronics_accessories
158,ord_00001016,2026-07-05 17:58:32.068911457,32.8,outdoor
159,ord_00001017,2026-08-03 00:00:00.000000000,59.1,electronics_accessories
160,ord_00001018,2025-06-01 00:00:00.000000000,34.23,electronics_accessories
160,ord_00001019,2025-09-16 23:49:49.100089266,57.93,outdoor
160,ord_00001020,2026-01-06 08:44:13.449667840,63.47,home_goods
160,ord_00001021,2026-05-09 07:01:06.299998548,52.41,apparel
160,ord_00001022,2026-07-14 18:47:14.721993033,54.02,apparel
161,ord_00001023,2026-01-03 00:00:00.000000000,61.74,apparel
162,ord_00001024,2025-04-14 00:00:00.000000000,14.6,beauty
162,ord_00001025,2025-07-30 15:08:40.665052480,38.92,beauty
162,ord_00001026,2025-11-19 10:02:33.494087212,41.41,outdoor
162,ord_00001027,2026-04-02 12:37:54.704914458,73.74,electronics_accessories
162,ord_00001028,2026-07-20 19:46:31.859194886,94.07,electronics_accessories
163,ord_00001029,2025-01-28 00:00:00.000000000,62.42,electronics_accessories
164,ord_00001030,2025-07-22 00:00:00.000000000,104.67,outdoor
165,ord_00001031,2026-02-16 00:00:00.000000000,41.27,home_goods
165,ord_00001032,2026-03-23 20:32:35.146606608,58.27,apparel
165,ord_00001033,2026-05-07 01:20:32.053765869,127.13,apparel
165,ord_00001034,2026-06-05 22:18:34.557142115,71.61,apparel
165,ord_00001035,2026-07-01 09:22:15.973682277,48.08,electronics_accessories
165,ord_00001036,2026-08-05 06:38:21.273491903,65.28,apparel
166,ord_00001037,2025-09-08 00:00:00.000000000,54.32,outdoor
167,ord_00001038,2025-10-29 00:00:00.000000000,39.99,apparel
167,ord_00001039,2025-12-24 14:37:50.993481697,37.51,home_goods
167,ord_00001040,2026-03-04 14:48:29.379717855,113.23,beauty
167,ord_00001041,2026-05-25 16:22:10.200963714,29.92,home_goods
168,ord_00001042,2025-05-12 00:00:00.000000000,34.84,beauty
168,ord_00001043,2025-06-18 10:33:16.939497516,29.47,electronics_accessories
168,ord_00001044,2025-08-08 23:00:52.684554101,22.59,beauty
168,ord_00001045,2025-10-01 04:43:04.545711009,31.56,outdoor
168,ord_00001046,2025-12-07 10:38:12.867377239,57.78,apparel
168,ord_00001047,2026-03-08 00:52:30.747378965,27.12,apparel
168,ord_00001048,2026-05-05 15:46:54.032748356,29.31,electronics_accessories
168,ord_00001049,2026-06-19 00:41:33.927798461,39.02,electronics_accessories
169,ord_00001050,2025-06-07 00:00:00.000000000,105.61,electronics_accessories
170,ord_00001051,2024-09-24 00:00:00.000000000,47.37,apparel
170,ord_00001052,2024-11-24 17:39:08.095542920,51.17,electronics_accessories
170,ord_00001053,2025-01-25 00:58:26.740499327,36.22,electronics_accessories
170,ord_00001054,2025-03-14 08:45:49.021902954,21.95,electronics_accessories
170,ord_00001055,2025-05-14 08:49:48.399799609,41.29,beauty
170,ord_00001056,2025-07-02 17:20:01.391128558,34.91,beauty
170,ord_00001057,2025-09-06 01:25:34.453374753,174.23,outdoor
170,ord_00001058,2025-11-02 21:35:03.508435716,94.84,outdoor
170,ord_00001059,2025-12-19 15:58:43.303353730,73.52,outdoor
170,ord_00001060,2026-03-13 06:32:12.932863340,33.33,outdoor
170,ord_00001061,2026-05-22 20:13:07.621018870,13.73,apparel
170,ord_00001062,2026-07-16 02:54:43.118802552,65.31,beauty
171,ord_00001063,2026-03-26 00:00:00.000000000,56.7,apparel
172,ord_00001064,2026-06-18 00:00:00.000000000,59.8,outdoor
173,ord_00001065,2025-01-25 00:00:00.000000000,30.88,apparel
174,ord_00001066,2025-06-29 00:00:00.000000000,26.01,electronics_accessories
174,ord_00001067,2025-10-06 08:36:51.252849681,23.33,apparel
174,ord_00001068,2025-12-25 07:36:09.340550610,36.73,electronics_accessories
174,ord_00001069,2026-03-15 07:38:50.883320296,85.93,electronics_accessories
174,ord_00001070,2026-06-02 15:47:11.494333646,56.41,electronics_accessories
175,ord_00001071,2025-01-05 00:00:00.000000000,46.5,beauty
176,ord_00001072,2025-05-17 00:00:00.000000000,70.68,outdoor
177,ord_00001073,2024-08-29 00:00:00.000000000,84.74,apparel
178,ord_00001074,2026-01-16 00:00:00.000000000,65.87,electronics_accessories
178,ord_00001075,2026-03-07 20:14:39.810781209,61.01,home_goods
178,ord_00001076,2026-04-11 00:48:11.549583134,33.0,electronics_accessories
178,ord_00001077,2026-06-13 20:42:43.115765372,65.1,outdoor
179,ord_00001078,2026-03-05 00:00:00.000000000,57.04,electronics_accessories
179,ord_00001079,2026-04-10 11:06:10.922498142,12.52,apparel
179,ord_00001080,2026-04-30 12:28:55.010299137,31.4,apparel
179,ord_00001081,2026-05-22 11:05:25.560987142,41.33,outdoor
179,ord_00001082,2026-07-04 04:05:03.598067858,55.9,beauty
179,ord_00001083,2026-08-07 02:11:20.445830147,42.07,electronics_accessories
180,ord_00001084,2024-08-12 00:00:00.000000000,72.0,home_goods
180,ord_00001085,2024-09-21 07:45:14.060792618,26.71,electronics_accessories
180,ord_00001086,2024-11-02 18:18:52.374973266,20.61,home_goods
180,ord_00001087,2024-12-13 12:14:21.423483284,76.19,outdoor
180,ord_00001088,2025-03-10 15:29:13.241188962,63.6,beauty
180,ord_00001089,2025-04-02 08:28:09.972598291,24.17,electronics_accessories
180,ord_00001090,2025-05-11 22:28:19.103737538,36.44,beauty
180,ord_00001091,2025-06-25 08:40:26.447876255,53.74,home_goods
180,ord_00001092,2025-07-30 13:04:13.564440212,30.16,electronics_accessories
180,ord_00001093,2025-09-26 19:13:50.619611859,37.59,home_goods
180,ord_00001094,2025-11-22 13:32:51.444333281,206.18,home_goods
180,ord_00001095,2026-01-05 09:44:51.257252855,57.43,outdoor
180,ord_00001096,2026-02-15 09:52:55.897095426,90.27,electronics_accessories
180,ord_00001097,2026-03-30 10:00:35.975614596,59.38,beauty
180,ord_00001098,2026-05-12 12:21:37.242668962,83.92,outdoor
180,ord_00001099,2026-06-24 22:56:22.343927057,23.36,apparel
180,ord_00001100,2026-08-05 23:47:17.795892710,54.6,beauty
181,ord_00001101,2025-11-18 00:00:00.000000000,70.63,outdoor
181,ord_00001102,2026-02-25 14:03:02.216420583,32.3,apparel
181,ord_00001103,2026-07-09 18:55:05.047147279,47.67,home_goods
182,ord_00001104,2025-11-05 00:00:00.000000000,20.85,outdoor
182,ord_00001105,2025-12-17 21:53:36.176900645,10.43,home_goods
182,ord_00001106,2026-01-09 22:07:16.982253301,47.08,electronics_accessories
182,ord_00001107,2026-02-11 12:59:46.590684971,87.41,outdoor
182,ord_00001108,2026-03-13 20:21:03.398215143,58.86,home_goods
182,ord_00001109,2026-04-01 11:06:18.323356951,75.42,electronics_accessories
182,ord_00001110,2026-04-21 10:52:43.004666078,39.92,outdoor
182,ord_00001111,2026-05-21 06:06:11.320945554,50.03,beauty
182,ord_00001112,2026-07-14 01:22:31.270639741,49.05,home_goods
183,ord_00001113,2025-12-03 00:00:00.000000000,39.21,electronics_accessories
184,ord_00001114,2026-04-19 00:00:00.000000000,132.75,home_goods
185,ord_00001115,2025-03-30 00:00:00.000000000,19.2,beauty
185,ord_00001116,2025-04-24 12:18:55.604351462,25.59,beauty
185,ord_00001117,2025-05-21 01:33:11.718081387,28.68,home_goods
185,ord_00001118,2025-06-13 05:40:22.494979289,32.92,outdoor
185,ord_00001119,2025-07-09 02:56:18.036063986,34.22,home_goods
185,ord_00001120,2025-08-03 20:03:22.074257757,18.04,apparel
185,ord_00001121,2025-08-31 06:12:25.650428814,90.04,home_goods
185,ord_00001122,2025-09-13 02:05:49.391168016,60.45,beauty
185,ord_00001123,2025-10-28 20:06:12.515709273,29.92,apparel
185,ord_00001124,2025-11-22 17:37:55.340809358,22.92,home_goods
185,ord_00001125,2025-12-23 16:59:17.736560285,48.35,home_goods
185,ord_00001126,2026-01-09 22:02:02.162977738,76.26,apparel
185,ord_00001127,2026-02-01 12:15:46.719744185,67.71,home_goods
185,ord_00001128,2026-02-22 18:42:48.797369830,34.17,electronics_accessories
185,ord_00001129,2026-04-04 05:18:18.302217118,42.07,beauty
185,ord_00001130,2026-04-26 01:10:32.067692367,44.67,beauty
185,ord_00001131,2026-05-28 17:10:42.103738193,20.47,outdoor
185,ord_00001132,2026-06-19 02:59:34.560740113,43.93,apparel
185,ord_00001133,2026-07-11 20:13:13.088614231,23.74,electronics_accessories
185,ord_00001134,2026-08-05 00:23:30.031351235,35.81,home_goods
186,ord_00001135,2026-06-06 00:00:00.000000000,63.7,apparel
186,ord_00001136,2026-06-25 19:56:25.804823902,51.59,home_goods
186,ord_00001137,2026-08-03 02:22:14.217059213,31.51,home_goods
187,ord_00001138,2026-06-10 00:00:00.000000000,145.0,electronics_accessories
188,ord_00001139,2024-08-13 00:00:00.000000000,27.28,home_goods
189,ord_00001140,2026-01-03 00:00:00.000000000,109.55,outdoor
189,ord_00001141,2026-01-14 08:24:01.552040640,89.09,electronics_accessories
189,ord_00001142,2026-01-26 06:00:49.983074589,65.35,apparel
189,ord_00001143,2026-02-09 11:37:42.835774110,28.47,home_goods
189,ord_00001144,2026-03-03 00:38:27.689146841,32.56,apparel
189,ord_00001145,2026-03-22 08:55:28.919420754,47.22,home_goods
189,ord_00001146,2026-04-10 09:33:19.283673642,67.18,electronics_accessories
189,ord_00001147,2026-04-22 02:15:31.836092478,57.63,beauty
189,ord_00001148,2026-05-05 22:04:31.072210157,39.53,home_goods
189,ord_00001149,2026-05-23 13:35:06.279720881,51.18,outdoor
189,ord_00001150,2026-06-06 00:51:09.425473493,50.04,home_goods
189,ord_00001151,2026-06-20 23:54:15.485184562,141.62,beauty
189,ord_00001152,2026-07-09 13:29:14.839226797,91.86,electronics_accessories
189,ord_00001153,2026-07-24 05:02:05.374880838,30.54,home_goods
190,ord_00001154,2025-08-20 00:00:00.000000000,47.11,apparel
191,ord_00001155,2026-04-20 00:00:00.000000000,52.0,outdoor
191,ord_00001156,2026-06-14 00:01:26.413640468,20.81,electronics_accessories
191,ord_00001157,2026-07-19 15:39:21.090792240,56.86,outdoor
192,ord_00001158,2024-11-10 00:00:00.000000000,41.73,home_goods
193,ord_00001159,2024-12-13 00:00:00.000000000,54.25,home_goods
194,ord_00001160,2025-06-11 00:00:00.000000000,75.35,home_goods
194,ord_00001161,2025-07-02 22:13:16.453829773,86.92,home_goods
194,ord_00001162,2025-07-25 08:09:44.307624214,47.53,electronics_accessories
194,ord_00001163,2025-08-11 14:08:45.529724162,19.87,beauty
194,ord_00001164,2025-09-05 02:41:53.788223384,138.73,home_goods
194,ord_00001165,2025-09-26 14:36:37.940395268,51.42,apparel
194,ord_00001166,2025-10-15 19:54:27.635141569,66.98,home_goods
194,ord_00001167,2025-10-27 17:47:03.467655147,31.44,electronics_accessories
194,ord_00001168,2025-11-23 01:27:50.227760553,67.58,electronics_accessories
194,ord_00001169,2025-12-11 10:48:59.736249663,56.11,outdoor
194,ord_00001170,2025-12-25 09:30:20.607900439,35.7,outdoor
194,ord_00001171,2026-01-07 05:00:18.036807669,52.61,outdoor
194,ord_00001172,2026-01-24 02:51:25.732969392,28.37,electronics_accessories
194,ord_00001173,2026-02-02 14:28:03.701807295,41.83,outdoor
194,ord_00001174,2026-02-21 21:59:26.072374446,45.19,electronics_accessories
194,ord_00001175,2026-03-05 16:15:56.833281181,24.37,electronics_accessories
194,ord_00001176,2026-03-23 04:12:57.653192923,12.56,home_goods
194,ord_00001177,2026-04-05 13:32:44.534124089,39.52,apparel
194,ord_00001178,2026-04-20 00:39:03.564534596,53.2,beauty
194,ord_00001179,2026-05-02 12:04:51.712280652,65.42,outdoor
194,ord_00001180,2026-05-17 10:05:58.667828730,34.6,outdoor
194,ord_00001181,2026-06-14 00:25:55.511314259,66.24,beauty
194,ord_00001182,2026-07-07 17:46:06.924938440,20.99,apparel
194,ord_00001183,2026-07-25 03:41:30.097650123,127.77,home_goods
195,ord_00001184,2025-07-02 00:00:00.000000000,60.93,outdoor
196,ord_00001185,2025-03-06 00:00:00.000000000,56.7,beauty
197,ord_00001186,2026-04-10 00:00:00.000000000,35.21,apparel
197,ord_00001187,2026-05-17 15:31:02.023825648,84.67,outdoor
197,ord_00001188,2026-07-15 14:11:40.593601439,41.61,outdoor
198,ord_00001189,2024-09-16 00:00:00.000000000,76.84,electronics_accessories
198,ord_00001190,2024-10-14 20:20:27.495399480,85.35,home_goods
198,ord_00001191,2024-11-18 17:55:02.891875002,40.43,home_goods
198,ord_00001192,2024-12-23 05:07:20.636230638,39.92,outdoor
198,ord_00001193,2025-01-22 19:24:34.617359828,13.3,electronics_accessories
198,ord_00001194,2025-03-06 16:30:46.455455512,45.37,outdoor
198,ord_00001195,2025-04-16 03:28:46.270525879,74.62,apparel
198,ord_00001196,2025-05-09 13:01:51.329990680,88.32,apparel
198,ord_00001197,2025-06-01 12:25:11.495507273,74.46,apparel
198,ord_00001198,2025-07-14 08:21:03.992656450,48.12,apparel
198,ord_00001199,2025-08-12 20:57:57.840278653,82.02,electronics_accessories
198,ord_00001200,2025-09-23 03:45:50.273256330,70.56,electronics_accessories
198,ord_00001201,2025-11-09 19:38:23.579196998,33.6,outdoor
198,ord_00001202,2025-12-05 13:42:59.295577119,28.16,outdoor
198,ord_00001203,2025-12-30 06:16:03.125934333,49.54,outdoor
198,ord_00001204,2026-03-02 13:47:06.958063041,59.62,electronics_accessories
198,ord_00001205,2026-04-13 11:24:54.866603622,20.0,electronics_accessories
198,ord_00001206,2026-05-16 17:25:44.954776289,98.12,home_goods
198,ord_00001207,2026-06-14 05:15:49.559840157,77.63,beauty
198,ord_00001208,2026-07-16 13:44:23.832816441,49.33,beauty
199,ord_00001209,2026-01-06 00:00:00.000000000,60.92,outdoor
200,ord_00001210,2026-02-01 00:00:00.000000000,85.42,apparel
201,ord_00001211,2025-02-04 00:00:00.000000000,48.21,apparel
201,ord_00001212,2025-03-13 02:09:52.299186539,128.62,beauty
201,ord_00001213,2025-04-16 10:47:32.831091877,91.78,electronics_accessories
201,ord_00001214,2025-05-19 14:58:03.505209725,50.38,home_goods
201,ord_00001215,2025-06-26 17:41:26.580810496,51.16,electronics_accessories
201,ord_00001216,2025-08-03 09:55:12.613129733,75.48,outdoor
201,ord_00001217,2025-08-30 15:20:54.014781956,30.2,apparel
201,ord_00001218,2025-10-17 01:39:28.732929305,35.9,beauty
201,ord_00001219,2025-11-13 21:21:44.035908104,44.24,apparel
201,ord_00001220,2025-12-18 19:35:27.027710201,70.47,apparel
201,ord_00001221,2026-01-21 22:40:00.280032509,30.33,apparel
201,ord_00001222,2026-03-04 11:06:35.243351518,34.23,outdoor
201,ord_00001223,2026-03-24 05:01:32.206432624,136.34,home_goods
201,ord_00001224,2026-05-11 22:10:38.839669032,57.53,home_goods
201,ord_00001225,2026-06-11 08:37:46.761896513,25.28,electronics_accessories
201,ord_00001226,2026-08-04 03:05:03.552332797,49.37,beauty
202,ord_00001227,2024-09-04 00:00:00.000000000,73.82,home_goods
202,ord_00001228,2024-10-17 10:13:21.646419826,34.68,apparel
202,ord_00001229,2024-12-19 08:20:56.245008335,68.51,outdoor
202,ord_00001230,2025-01-12 00:26:21.290119557,24.26,home_goods
202,ord_00001231,2025-02-04 03:53:10.184673938,41.93,apparel
202,ord_00001232,2025-02-28 07:54:42.670147536,38.27,electronics_accessories
202,ord_00001233,2025-04-20 05:55:47.885694549,103.63,beauty
202,ord_00001234,2025-06-02 05:46:37.575655402,98.16,outdoor
202,ord_00001235,2025-07-02 10:27:53.471124102,56.36,home_goods
202,ord_00001236,2025-08-03 05:32:53.119571752,30.93,home_goods
202,ord_00001237,2025-08-27 20:19:25.020733102,49.7,electronics_accessories
202,ord_00001238,2025-10-07 22:04:41.311406132,24.94,outdoor
202,ord_00001239,2025-11-04 23:32:17.471293743,37.72,outdoor
202,ord_00001240,2025-12-04 01:38:52.392433470,60.75,electronics_accessories
202,ord_00001241,2026-01-10 19:38:42.090500516,62.22,home_goods
202,ord_00001242,2026-02-09 13:00:55.412334855,62.45,electronics_accessories
202,ord_00001243,2026-03-10 20:24:14.131937994,45.1,outdoor
202,ord_00001244,2026-04-11 09:33:42.461473367,38.77,home_goods
202,ord_00001245,2026-05-21 07:42:47.629453340,84.73,outdoor
202,ord_00001246,2026-07-11 20:35:34.649301702,52.27,outdoor
203,ord_00001247,2024-11-18 00:00:00.000000000,33.77,electronics_accessories
204,ord_00001248,2025-11-30 00:00:00.000000000,25.74,outdoor
205,ord_00001249,2026-04-22 00:00:00.000000000,47.39,outdoor
206,ord_00001250,2026-07-27 00:00:00.000000000,97.24,beauty
207,ord_00001251,2026-06-17 00:00:00.000000000,31.89,beauty
208,ord_00001252,2025-09-25 00:00:00.000000000,19.21,beauty
208,ord_00001253,2025-11-04 20:13:09.389670845,28.51,beauty
208,ord_00001254,2025-11-30 22:31:32.229456832,150.79,electronics_accessories
208,ord_00001255,2026-01-18 09:51:13.998888930,71.04,outdoor
208,ord_00001256,2026-02-19 00:03:18.397902222,39.81,beauty
208,ord_00001257,2026-05-09 23:42:11.365488590,30.62,beauty
208,ord_00001258,2026-06-30 22:08:44.956240569,44.95,home_goods
208,ord_00001259,2026-08-07 11:06:18.473481505,142.28,beauty
209,ord_00001260,2025-09-16 00:00:00.000000000,20.69,beauty
210,ord_00001261,2026-01-19 00:00:00.000000000,35.36,apparel
211,ord_00001262,2024-08-16 00:00:00.000000000,30.94,beauty
211,ord_00001263,2024-11-10 17:16:37.803015920,21.64,electronics_accessories
211,ord_00001264,2024-12-06 06:28:50.538543721,43.93,home_goods
211,ord_00001265,2025-01-13 01:51:21.987500711,29.96,beauty
211,ord_00001266,2025-02-24 13:06:04.593301141,40.57,electronics_accessories
211,ord_00001267,2025-03-31 19:50:28.579193851,59.73,home_goods
211,ord_00001268,2025-05-07 07:27:00.372561293,71.53,beauty
211,ord_00001269,2025-06-02 02:38:47.639668502,39.71,beauty
211,ord_00001270,2025-07-08 13:17:07.747036056,64.63,outdoor
211,ord_00001271,2025-08-18 16:53:33.416333656,33.4,home_goods
211,ord_00001272,2025-09-26 15:31:03.666801417,89.86,beauty
211,ord_00001273,2025-11-07 12:42:04.841308913,66.74,electronics_accessories
211,ord_00001274,2025-12-31 10:54:03.099019189,78.48,beauty
211,ord_00001275,2026-02-16 04:59:55.150720789,97.21,beauty
211,ord_00001276,2026-03-24 06:27:07.799093500,60.1,beauty
211,ord_00001277,2026-04-18 02:30:36.159520232,59.95,home_goods
211,ord_00001278,2026-05-17 14:05:57.271260745,50.63,electronics_accessories
211,ord_00001279,2026-06-19 15:13:13.264682967,59.36,beauty
211,ord_00001280,2026-07-27 16:58:52.794243746,42.27,home_goods
212,ord_00001281,2026-06-16 00:00:00.000000000,31.78,outdoor
212,ord_00001282,2026-06-28 00:12:54.369042182,34.19,apparel
212,ord_00001283,2026-07-24 02:23:17.456256864,45.02,electronics_accessories
212,ord_00001284,2026-08-04 19:23:18.503477017,34.83,outdoor
213,ord_00001285,2025-05-18 00:00:00.000000000,74.52,beauty
214,ord_00001286,2024-08-25 00:00:00.000000000,77.61,home_goods
214,ord_00001287,2024-12-08 06:55:09.285457658,63.34,home_goods
214,ord_00001288,2025-01-31 22:10:20.503979452,30.19,outdoor
214,ord_00001289,2025-03-16 19:38:20.968332056,46.88,outdoor
214,ord_00001290,2025-04-16 10:26:28.242156504,18.14,outdoor
214,ord_00001291,2025-05-25 02:39:13.228439040,71.54,beauty
214,ord_00001292,2025-07-25 04:37:46.876643603,76.42,electronics_accessories
214,ord_00001293,2025-09-29 16:36:09.397488177,85.99,home_goods
214,ord_00001294,2025-11-30 17:37:41.193767074,66.36,beauty
214,ord_00001295,2026-01-20 03:05:47.068491603,35.5,home_goods
214,ord_00001296,2026-02-16 10:46:52.772766727,52.54,home_goods
214,ord_00001297,2026-04-03 12:48:19.535022404,39.04,apparel
214,ord_00001298,2026-04-30 23:18:03.397690846,132.64,electronics_accessories
214,ord_00001299,2026-05-26 10:56:12.414103483,23.04,apparel
214,ord_00001300,2026-07-08 05:39:29.953478723,30.04,apparel
215,ord_00001301,2025-08-09 00:00:00.000000000,166.29,outdoor
215,ord_00001302,2025-09-27 01:13:32.643841773,52.0,outdoor
215,ord_00001303,2025-10-30 00:30:02.980648910,34.12,electronics_accessories
215,ord_00001304,2025-12-03 19:30:16.427165177,48.37,outdoor
215,ord_00001305,2026-01-30 15:02:40.678035678,60.26,outdoor
215,ord_00001306,2026-04-15 02:08:56.216829271,33.68,home_goods
215,ord_00001307,2026-06-04 15:34:38.005485810,80.98,outdoor
215,ord_00001308,2026-07-08 02:12:04.392829950,89.64,apparel
216,ord_00001309,2025-04-25 00:00:00.000000000,30.23,electronics_accessories
216,ord_00001310,2025-08-15 11:26:07.752742778,63.18,home_goods
216,ord_00001311,2025-11-21 20:56:08.243222700,45.21,apparel
216,ord_00001312,2026-05-02 21:09:57.387164134,84.46,apparel
217,ord_00001313,2024-12-02 00:00:00.000000000,96.06,outdoor
218,ord_00001314,2025-03-02 00:00:00.000000000,56.08,outdoor
219,ord_00001315,2025-02-01 00:00:00.000000000,48.0,outdoor
219,ord_00001316,2025-02-13 00:46:15.223131159,39.86,beauty
219,ord_00001317,2025-02-24 09:54:11.969651809,38.44,outdoor
219,ord_00001318,2025-03-11 03:39:39.119300386,52.92,beauty
219,ord_00001319,2025-04-04 00:24:58.059196528,42.02,beauty
219,ord_00001320,2025-04-30 21:10:36.341352666,57.16,outdoor
219,ord_00001321,2025-05-12 08:27:51.385263783,37.52,home_goods
219,ord_00001322,2025-05-29 12:04:17.297803196,122.41,home_goods
219,ord_00001323,2025-06-15 19:40:44.846481283,120.42,home_goods
219,ord_00001324,2025-07-02 06:29:00.111437967,71.89,home_goods
219,ord_00001325,2025-07-18 18:38:04.788251932,47.81,apparel
219,ord_00001326,2025-08-03 19:37:39.470120346,36.16,beauty
219,ord_00001327,2025-08-28 02:44:10.232169308,77.38,electronics_accessories
219,ord_00001328,2025-09-17 11:58:15.041588146,49.08,home_goods
219,ord_00001329,2025-09-28 03:41:02.233033456,98.9,outdoor
219,ord_00001330,2025-10-16 17:54:24.733500059,42.17,electronics_accessories
219,ord_00001331,2025-11-04 21:15:27.845643639,81.15,electronics_accessories
219,ord_00001332,2025-11-20 23:32:57.574775410,91.16,electronics_accessories
219,ord_00001333,2025-12-11 13:03:09.599933283,35.36,apparel
219,ord_00001334,2025-12-27 00:54:55.087671094,59.72,beauty
219,ord_00001335,2026-01-11 14:09:47.289179948,87.62,home_goods
219,ord_00001336,2026-01-26 18:38:38.962460698,26.42,beauty
219,ord_00001337,2026-02-03 18:28:40.448013065,31.02,apparel
219,ord_00001338,2026-02-18 01:33:52.090344915,43.22,beauty
219,ord_00001339,2026-03-02 01:10:50.608632502,24.26,electronics_accessories
219,ord_00001340,2026-03-12 07:23:11.622755247,21.99,electronics_accessories
219,ord_00001341,2026-04-03 19:47:08.112544892,57.03,beauty
219,ord_00001342,2026-04-20 20:38:32.002921871,67.38,outdoor
219,ord_00001343,2026-05-05 08:58:23.370818327,88.93,home_goods
219,ord_00001344,2026-05-17 17:39:19.054528799,20.46,electronics_accessories
219,ord_00001345,2026-06-02 17:46:28.548776131,42.26,outdoor
219,ord_00001346,2026-06-22 10:58:54.122595935,71.22,electronics_accessories
219,ord_00001347,2026-07-03 21:13:26.936791870,49.53,outdoor
219,ord_00001348,2026-07-18 12:10:39.623457075,55.6,home_goods
219,ord_00001349,2026-08-06 12:11:27.979920772,22.36,beauty
220,ord_00001350,2026-02-01 00:00:00.000000000,28.71,apparel
221,ord_00001351,2025-12-05 00:00:00.000000000,72.86,electronics_accessories
222,ord_00001352,2025-06-21 00:00:00.000000000,37.81,electronics_accessories
223,ord_00001353,2025-10-03 00:00:00.000000000,26.97,home_goods
223,ord_00001354,2025-11-22 13:55:58.412093493,79.16,beauty
223,ord_00001355,2026-03-02 02:08:24.512178496,45.19,apparel
223,ord_00001356,2026-06-20 11:41:53.754304544,48.42,outdoor
224,ord_00001357,2025-03-17 00:00:00.000000000,22.17,beauty
224,ord_00001358,2025-04-06 11:07:31.962737168,94.44,beauty
224,ord_00001359,2025-05-02 08:23:07.659482125,53.54,electronics_accessories
224,ord_00001360,2025-06-05 08:02:27.322878087,31.97,home_goods
224,ord_00001361,2025-07-25 05:55:20.877741757,118.97,electronics_accessories
224,ord_00001362,2025-08-10 05:36:38.799858463,34.37,outdoor
224,ord_00001363,2025-09-06 20:32:46.121568629,65.69,electronics_accessories
224,ord_00001364,2025-09-24 23:52:49.828944268,93.44,electronics_accessories
224,ord_00001365,2025-10-29 02:34:51.453566583,67.5,beauty
224,ord_00001366,2025-11-17 01:40:42.205746884,65.3,beauty
224,ord_00001367,2025-12-07 14:16:11.958688743,45.58,outdoor
224,ord_00001368,2025-12-28 15:38:29.057651391,46.06,electronics_accessories
224,ord_00001369,2026-01-22 05:06:22.775753223,30.34,apparel
224,ord_00001370,2026-02-18 21:36:21.090555940,73.95,electronics_accessories
224,ord_00001371,2026-03-19 22:53:04.725224497,103.38,outdoor
224,ord_00001372,2026-04-14 00:56:13.681826769,78.44,electronics_accessories
224,ord_00001373,2026-04-30 21:37:17.643972124,42.58,electronics_accessories
224,ord_00001374,2026-06-01 03:52:29.137441568,62.6,outdoor
224,ord_00001375,2026-06-25 21:27:49.825621015,40.72,apparel
224,ord_00001376,2026-07-31 12:01:52.329223225,29.06,apparel
225,ord_00001377,2025-09-14 00:00:00.000000000,67.88,electronics_accessories
226,ord_00001378,2025-10-23 00:00:00.000000000,73.1,apparel
226,ord_00001379,2025-11-16 18:34:24.771934315,58.92,apparel
226,ord_00001380,2025-12-04 00:58:36.313020404,66.35,apparel
226,ord_00001381,2025-12-24 09:36:35.087294159,70.93,beauty
226,ord_00001382,2026-01-24 09:23:18.164581490,38.61,apparel
226,ord_00001383,2026-02-19 04:53:03.887122356,16.24,outdoor
226,ord_00001384,2026-03-16 22:13:31.886953154,34.08,apparel
226,ord_00001385,2026-04-21 20:15:42.118084592,51.27,apparel
226,ord_00001386,2026-05-08 05:55:30.495850420,38.22,beauty
226,ord_00001387,2026-05-23 07:39:17.921942035,26.77,apparel
226,ord_00001388,2026-06-08 15:10:11.384977128,61.12,home_goods
226,ord_00001389,2026-06-27 09:38:53.112144690,60.41,apparel
226,ord_00001390,2026-07-07 09:33:55.965689998,22.86,home_goods
226,ord_00001391,2026-07-26 10:27:01.866788178,36.23,outdoor
227,ord_00001392,2025-06-21 00:00:00.000000000,40.38,outdoor
228,ord_00001393,2026-05-14 00:00:00.000000000,30.15,home_goods
229,ord_00001394,2025-03-06 00:00:00.000000000,48.34,electronics_accessories
229,ord_00001395,2025-04-17 04:44:24.733303734,59.06,outdoor
229,ord_00001396,2025-06-25 12:35:58.004977200,27.74,outdoor
229,ord_00001397,2025-08-15 17:48:13.182755412,16.36,beauty
229,ord_00001398,2025-09-19 22:43:47.252354100,65.52,beauty
229,ord_00001399,2025-11-20 13:14:55.004405537,52.79,electronics_accessories
229,ord_00001400,2026-01-16 21:46:56.281619151,59.47,electronics_accessories
229,ord_00001401,2026-03-08 02:25:02.570945733,27.06,apparel
229,ord_00001402,2026-04-30 05:47:49.988067237,47.82,home_goods
229,ord_00001403,2026-06-12 13:18:44.250296200,116.41,home_goods
230,ord_00001404,2025-08-25 00:00:00.000000000,58.48,home_goods
231,ord_00001405,2026-02-04 00:00:00.000000000,70.76,electronics_accessories
232,ord_00001406,2026-04-07 00:00:00.000000000,65.38,apparel
233,ord_00001407,2025-11-19 00:00:00.000000000,61.79,apparel
233,ord_00001408,2025-12-23 15:45:18.731705701,25.48,electronics_accessories
233,ord_00001409,2026-01-28 04:15:31.563020426,63.72,apparel
233,ord_00001410,2026-03-07 10:27:16.837513453,96.6,outdoor
233,ord_00001411,2026-04-04 03:57:09.241525045,46.42,apparel
233,ord_00001412,2026-04-26 05:07:19.118808374,54.49,apparel
233,ord_00001413,2026-06-18 22:15:37.857167479,41.6,electronics_accessories
234,ord_00001414,2025-06-30 00:00:00.000000000,63.13,outdoor
234,ord_00001415,2025-09-12 10:51:10.186114028,104.7,apparel
234,ord_00001416,2025-11-03 06:44:16.643764680,37.49,apparel
234,ord_00001417,2026-01-02 06:39:36.719685280,53.46,home_goods
234,ord_00001418,2026-02-17 08:34:17.468324151,73.08,apparel
234,ord_00001419,2026-03-30 13:54:50.277873061,44.98,outdoor
234,ord_00001420,2026-06-10 20:48:19.151876645,51.05,outdoor
235,ord_00001421,2026-02-21 00:00:00.000000000,44.97,beauty
235,ord_00001422,2026-05-04 03:36:26.328104980,34.53,beauty
235,ord_00001423,2026-07-16 18:54:18.364431000,41.82,outdoor
236,ord_00001424,2025-07-30 00:00:00.000000000,51.97,outdoor
236,ord_00001425,2025-11-06 00:05:52.983860049,55.41,home_goods
236,ord_00001426,2026-02-05 17:37:04.818457530,78.31,beauty
236,ord_00001427,2026-04-26 11:39:56.528707844,34.95,outdoor
236,ord_00001428,2026-06-21 13:50:43.835573134,102.05,outdoor
237,ord_00001429,2024-09-13 00:00:00.000000000,40.63,outdoor
238,ord_00001430,2026-02-12 00:00:00.000000000,68.81,home_goods
238,ord_00001431,2026-03-18 17:43:12.253479425,21.26,apparel
238,ord_00001432,2026-04-27 09:24:05.550780197,91.32,apparel
238,ord_00001433,2026-07-10 00:11:52.870861651,60.41,home_goods
239,ord_00001434,2026-02-02 00:00:00.000000000,80.44,outdoor
240,ord_00001435,2025-07-17 00:00:00.000000000,69.2,outdoor
241,ord_00001436,2025-04-26 00:00:00.000000000,41.93,beauty
241,ord_00001437,2025-05-13 10:21:10.811483465,21.7,beauty
241,ord_00001438,2025-05-18 05:48:46.163000550,59.83,beauty
241,ord_00001439,2025-06-01 21:12:25.652363741,75.55,beauty
241,ord_00001440,2025-06-12 21:43:35.584093992,37.87,home_goods
241,ord_00001441,2025-06-18 08:46:06.799000921,40.86,home_goods
241,ord_00001442,2025-06-30 23:57:20.926740914,31.89,home_goods
241,ord_00001443,2025-07-16 14:31:09.331792450,20.76,outdoor
241,ord_00001444,2025-07-28 22:19:00.631274770,106.31,electronics_accessories
241,ord_00001445,2025-08-11 02:23:05.646877769,66.71,home_goods
241,ord_00001446,2025-08-20 20:46:46.565568687,31.56,beauty
241,ord_00001447,2025-08-27 04:30:28.953963817,41.44,home_goods
241,ord_00001448,2025-09-09 18:53:24.166731938,43.18,home_goods
241,ord_00001449,2025-09-28 11:10:40.275196973,68.68,beauty
241,ord_00001450,2025-10-13 23:21:36.216139485,148.5,home_goods
241,ord_00001451,2025-10-20 01:26:20.068450369,40.51,beauty
241,ord_00001452,2025-10-27 01:47:17.529613198,36.38,outdoor
241,ord_00001453,2025-11-04 15:32:59.837071990,42.98,outdoor
241,ord_00001454,2025-11-11 12:00:05.799132344,87.56,apparel
241,ord_00001455,2025-11-22 16:44:50.972406179,49.91,apparel
241,ord_00001456,2025-12-05 03:10:37.490624556,30.04,beauty
241,ord_00001457,2025-12-12 07:51:21.215575957,81.97,home_goods
241,ord_00001458,2025-12-26 06:41:39.201329064,61.27,apparel
241,ord_00001459,2026-01-08 12:18:33.778073193,33.17,outdoor
241,ord_00001460,2026-01-17 21:18:02.301289822,76.22,beauty
241,ord_00001461,2026-01-28 09:07:48.874494738,59.82,apparel
241,ord_00001462,2026-02-03 12:53:14.017839205,178.6,outdoor
241,ord_00001463,2026-02-13 12:55:59.669816173,43.79,outdoor
241,ord_00001464,2026-02-24 14:43:41.130097497,49.21,electronics_accessories
241,ord_00001465,2026-03-08 05:42:22.564405444,82.95,apparel
241,ord_00001466,2026-03-20 14:50:13.344271861,62.57,beauty
241,ord_00001467,2026-04-01 12:12:20.431330010,73.6,electronics_accessories
241,ord_00001468,2026-04-11 17:11:34.532319684,49.82,electronics_accessories
241,ord_00001469,2026-04-23 18:10:33.226818428,53.29,beauty
241,ord_00001470,2026-05-08 16:23:08.543441121,54.47,beauty
241,ord_00001471,2026-05-19 10:06:07.677293808,37.65,beauty
241,ord_00001472,2026-05-31 13:49:12.649232441,87.68,home_goods
241,ord_00001473,2026-06-11 00:37:14.591436011,16.8,outdoor
241,ord_00001474,2026-06-20 03:03:15.178339835,50.21,home_goods
241,ord_00001475,2026-07-03 01:18:09.319842363,50.46,apparel
241,ord_00001476,2026-07-12 09:49:02.491649133,41.76,electronics_accessories
241,ord_00001477,2026-07-24 19:35:48.765874500,61.94,apparel
241,ord_00001478,2026-08-04 23:03:40.044290878,68.76,apparel
242,ord_00001479,2025-07-22 00:00:00.000000000,76.27,beauty
242,ord_00001480,2025-10-20 23:03:29.053021505,23.32,outdoor
242,ord_00001481,2026-01-30 11:55:26.792113993,34.19,home_goods
242,ord_00001482,2026-04-26 14:52:37.636470355,59.98,home_goods
242,ord_00001483,2026-07-23 13:47:41.746951247,58.11,outdoor
243,ord_00001484,2024-10-08 00:00:00.000000000,87.73,outdoor
244,ord_00001485,2025-10-11 00:00:00.000000000,55.66,electronics_accessories
245,ord_00001486,2026-04-18 00:00:00.000000000,65.58,outdoor
245,ord_00001487,2026-05-24 00:03:38.510930711,129.5,apparel
245,ord_00001488,2026-06-04 18:13:32.488767309,41.52,beauty
246,ord_00001489,2024-11-17 00:00:00.000000000,31.31,electronics_accessories
246,ord_00001490,2024-12-31 20:24:17.346615165,98.24,apparel
246,ord_00001491,2025-01-27 07:49:35.602150369,86.77,beauty
246,ord_00001492,2025-02-24 21:39:23.085458473,39.6,outdoor
246,ord_00001493,2025-04-05 02:38:01.277368460,86.7,beauty
246,ord_00001494,2025-05-07 16:13:13.670694053,60.1,home_goods
246,ord_00001495,2025-06-03 13:22:06.881156122,153.9,home_goods
246,ord_00001496,2025-07-11 16:20:52.999347030,33.52,electronics_accessories
246,ord_00001497,2025-09-08 04:41:50.328289569,60.65,beauty
246,ord_00001498,2025-10-08 05:57:46.571495368,24.6,beauty
246,ord_00001499,2025-11-05 13:05:34.090373955,70.14,beauty
246,ord_00001500,2025-12-04 07:17:11.873426902,42.29,electronics_accessories
246,ord_00001501,2026-01-13 18:51:23.434861887,40.91,outdoor
246,ord_00001502,2026-02-05 14:43:09.777102719,45.83,apparel
246,ord_00001503,2026-03-02 17:56:37.203176626,37.29,electronics_accessories
246,ord_00001504,2026-03-19 23:23:59.337937480,127.24,beauty
246,ord_00001505,2026-04-08 03:07:21.891551950,62.38,outdoor
246,ord_00001506,2026-05-01 12:31:43.475105582,76.84,home_goods
246,ord_00001507,2026-05-28 09:22:09.847331548,72.64,outdoor
246,ord_00001508,2026-07-13 20:15:27.094534399,56.62,apparel
247,ord_00001509,2025-01-08 00:00:00.000000000,54.83,beauty
247,ord_00001510,2025-03-01 18:01:38.756501575,54.66,home_goods
247,ord_00001511,2025-04-13 04:46:47.053861526,45.27,apparel
247,ord_00001512,2025-05-15 03:40:08.329394690,18.37,apparel
247,ord_00001513,2025-07-03 21:35:45.397220909,33.6,outdoor
247,ord_00001514,2025-08-17 16:21:15.589842615,48.55,home_goods
247,ord_00001515,2025-09-13 16:26:18.020920950,36.92,home_goods
247,ord_00001516,2025-11-08 03:05:54.965343204,42.96,outdoor
247,ord_00001517,2026-01-10 17:36:05.003864628,62.79,electronics_accessories
247,ord_00001518,2026-04-22 09:19:20.430747202,101.45,beauty
247,ord_00001519,2026-06-03 17:28:07.624285165,79.92,home_goods
247,ord_00001520,2026-07-14 05:37:36.751718324,101.8,electronics_accessories
248,ord_00001521,2024-09-08 00:00:00.000000000,48.5,electronics_accessories
249,ord_00001522,2026-07-02 00:00:00.000000000,84.48,beauty
250,ord_00001523,2024-10-26 00:00:00.000000000,23.87,beauty
251,ord_00001524,2026-07-12 00:00:00.000000000,48.88,beauty
252,ord_00001525,2025-10-05 00:00:00.000000000,36.46,apparel
252,ord_00001526,2026-01-28 10:57:14.439679486,42.79,electronics_accessories
252,ord_00001527,2026-05-24 03:12:30.448182422,95.81,home_goods
252,ord_00001528,2026-07-22 03:55:32.332453051,135.49,beauty
253,ord_00001529,2025-05-17 00:00:00.000000000,167.99,beauty
254,ord_00001530,2026-06-10 00:00:00.000000000,49.96,apparel
255,ord_00001531,2025-09-06 00:00:00.000000000,86.08,apparel
256,ord_00001532,2026-08-01 00:00:00.000000000,88.16,apparel
257,ord_00001533,2025-07-12 00:00:00.000000000,89.43,outdoor
257,ord_00001534,2025-08-10 00:04:02.378382783,50.04,electronics_accessories
257,ord_00001535,2025-09-07 22:16:59.176974588,65.89,outdoor
257,ord_00001536,2025-10-15 04:05:39.615799613,114.09,outdoor
257,ord_00001537,2025-12-01 02:31:27.339609115,62.01,electronics_accessories
257,ord_00001538,2026-01-02 23:51:11.452662035,50.69,beauty
257,ord_00001539,2026-02-25 06:03:03.898380384,45.56,beauty
257,ord_00001540,2026-04-04 19:08:49.363214416,52.86,electronics_accessories
257,ord_00001541,2026-05-02 05:52:03.197863977,43.82,apparel
257,ord_00001542,2026-06-09 00:09:05.105361830,50.72,beauty
257,ord_00001543,2026-07-28 03:16:06.735246044,70.69,electronics_accessories
258,ord_00001544,2024-09-16 00:00:00.000000000,111.3,outdoor
259,ord_00001545,2025-02-16 00:00:00.000000000,65.84,apparel
260,ord_00001546,2026-06-22 00:00:00.000000000,50.86,apparel
261,ord_00001547,2026-01-30 00:00:00.000000000,61.93,beauty
262,ord_00001548,2025-03-01 00:00:00.000000000,55.85,apparel
262,ord_00001549,2025-04-22 19:27:09.455300271,67.06,beauty
262,ord_00001550,2025-07-03 03:58:12.434911002,23.53,apparel
262,ord_00001551,2025-07-25 05:06:22.383272304,68.83,electronics_accessories
262,ord_00001552,2025-08-15 21:34:00.927454952,91.13,electronics_accessories
262,ord_00001553,2025-09-08 15:26:16.296314279,19.85,apparel
262,ord_00001554,2025-10-09 07:41:14.959465400,31.68,beauty
262,ord_00001555,2025-11-19 17:14:34.705350209,83.47,apparel
262,ord_00001556,2025-12-27 12:03:06.433253962,15.85,beauty
262,ord_00001557,2026-01-29 19:41:40.421647943,69.94,beauty
262,ord_00001558,2026-03-07 21:42:28.342511547,36.31,home_goods
262,ord_00001559,2026-04-02 14:44:43.582629592,61.15,apparel
262,ord_00001560,2026-05-02 00:32:10.582743535,52.71,beauty
262,ord_00001561,2026-06-02 11:23:33.237146091,31.32,beauty
262,ord_00001562,2026-06-22 03:32:23.245645643,23.95,apparel
262,ord_00001563,2026-07-14 11:33:18.302962200,91.91,beauty
262,ord_00001564,2026-08-06 01:59:58.816746178,24.5,electronics_accessories
263,ord_00001565,2025-01-27 00:00:00.000000000,47.77,outdoor
264,ord_00001566,2024-09-08 00:00:00.000000000,90.98,home_goods
265,ord_00001567,2025-11-01 00:00:00.000000000,49.49,apparel
265,ord_00001568,2025-12-07 01:33:19.283807405,40.55,electronics_accessories
265,ord_00001569,2026-01-31 00:58:47.360874152,37.45,home_goods
265,ord_00001570,2026-03-11 16:44:31.452613919,24.51,outdoor
265,ord_00001571,2026-04-17 08:45:53.278810343,104.5,apparel
265,ord_00001572,2026-05-20 02:52:27.416418168,44.55,outdoor
265,ord_00001573,2026-06-23 08:59:58.563010445,14.31,electronics_accessories
266,ord_00001574,2024-10-22 00:00:00.000000000,45.57,home_goods
267,ord_00001575,2025-03-23 00:00:00.000000000,54.08,beauty
268,ord_00001576,2025-02-25 00:00:00.000000000,17.08,home_goods
269,ord_00001577,2025-02-23 00:00:00.000000000,55.79,outdoor
270,ord_00001578,2026-05-03 00:00:00.000000000,30.48,apparel
271,ord_00001579,2025-12-25 00:00:00.000000000,55.25,apparel
272,ord_00001580,2026-03-01 00:00:00.000000000,54.68,apparel
273,ord_00001581,2025-02-17 00:00:00.000000000,55.29,beauty
274,ord_00001582,2025-05-24 00:00:00.000000000,72.36,beauty
274,ord_00001583,2025-08-05 17:35:03.607338887,50.58,home_goods
274,ord_00001584,2025-08-30 19:52:15.007426468,30.27,outdoor
274,ord_00001585,2025-11-11 05:06:37.389919771,82.51,outdoor
274,ord_00001586,2025-12-26 16:45:00.413414548,84.12,home_goods
274,ord_00001587,2026-02-04 19:39:41.384591301,45.49,outdoor
274,ord_00001588,2026-04-03 21:40:08.441668673,21.03,beauty
274,ord_00001589,2026-06-12 10:19:15.310489622,45.91,apparel
274,ord_00001590,2026-07-20 00:00:03.092915515,25.33,beauty
275,ord_00001591,2025-05-23 00:00:00.000000000,33.0,electronics_accessories
275,ord_00001592,2025-06-23 19:49:18.431930210,72.15,apparel
275,ord_00001593,2025-08-12 17:10:05.707573761,47.9,beauty
275,ord_00001594,2025-09-01 15:43:46.112785714,25.22,beauty
275,ord_00001595,2025-10-14 11:49:37.561745819,72.84,beauty
275,ord_00001596,2025-12-16 05:56:47.628883885,47.95,outdoor
275,ord_00001597,2026-02-13 17:06:35.906941926,37.83,apparel
275,ord_00001598,2026-03-29 02:35:43.183309401,74.84,apparel
275,ord_00001599,2026-05-03 08:57:56.199384112,34.25,electronics_accessories
275,ord_00001600,2026-06-04 06:36:43.160079602,40.43,outdoor
275,ord_00001601,2026-07-09 12:39:58.342931841,133.58,electronics_accessories
276,ord_00001602,2024-09-14 00:00:00.000000000,68.19,electronics_accessories
277,ord_00001603,2025-03-06 00:00:00.000000000,29.2,apparel
278,ord_00001604,2025-05-17 00:00:00.000000000,85.68,home_goods
279,ord_00001605,2026-06-13 00:00:00.000000000,58.96,apparel
279,ord_00001606,2026-07-05 17:51:58.377483757,68.17,home_goods
279,ord_00001607,2026-07-30 22:59:42.273132502,27.76,beauty
280,ord_00001608,2025-09-06 00:00:00.000000000,35.06,electronics_accessories
280,ord_00001609,2025-09-18 19:22:34.237365070,55.11,apparel
280,ord_00001610,2025-10-13 01:18:30.310182999,41.78,apparel
280,ord_00001611,2025-11-02 21:22:11.697987165,38.11,apparel
280,ord_00001612,2025-11-22 10:49:16.901241314,82.15,apparel
280,ord_00001613,2025-12-01 05:24:31.793779697,81.09,beauty
280,ord_00001614,2026-01-05 14:39:48.630772919,81.39,outdoor
280,ord_00001615,2026-01-20 05:11:21.690520800,48.33,apparel
280,ord_00001616,2026-02-24 13:30:39.677083662,34.67,outdoor
280,ord_00001617,2026-03-08 22:16:36.916955284,37.34,home_goods
280,ord_00001618,2026-03-23 21:31:07.409434712,57.61,home_goods
280,ord_00001619,2026-04-02 18:14:05.121481603,53.91,outdoor
280,ord_00001620,2026-04-24 01:13:35.612995743,167.84,beauty
280,ord_00001621,2026-05-07 18:38:54.109423648,94.87,beauty
280,ord_00001622,2026-05-21 14:52:28.367391252,43.09,home_goods
280,ord_00001623,2026-06-03 06:33:02.457003866,44.38,beauty
280,ord_00001624,2026-06-27 09:19:50.739323955,34.79,apparel
280,ord_00001625,2026-07-21 00:46:55.871522759,61.52,home_goods
281,ord_00001626,2026-04-12 00:00:00.000000000,25.62,apparel
282,ord_00001627,2026-03-15 00:00:00.000000000,38.8,apparel
283,ord_00001628,2024-08-28 00:00:00.000000000,134.19,apparel
284,ord_00001629,2025-01-16 00:00:00.000000000,79.21,outdoor
285,ord_00001630,2024-08-26 00:00:00.000000000,38.19,beauty
285,ord_00001631,2024-09-14 22:32:48.739092779,17.63,home_goods
285,ord_00001632,2024-10-23 21:46:21.138416633,94.02,outdoor
285,ord_00001633,2024-11-28 14:53:46.207903526,42.54,electronics_accessories
285,ord_00001634,2025-01-12 22:51:43.098012613,35.84,home_goods
285,ord_00001635,2025-02-10 21:14:24.876550175,27.39,beauty
285,ord_00001636,2025-03-12 10:09:09.715150617,44.6,electronics_accessories
285,ord_00001637,2025-04-13 20:34:58.763561961,140.74,outdoor
285,ord_00001638,2025-05-24 03:13:53.798211287,21.53,outdoor
285,ord_00001639,2025-06-12 23:07:42.407806503,29.45,apparel
285,ord_00001640,2025-07-21 09:37:26.634696965,80.98,outdoor
285,ord_00001641,2025-08-21 00:48:19.267485248,35.94,apparel
285,ord_00001642,2025-09-12 11:14:40.429913845,51.23,apparel
285,ord_00001643,2025-09-28 23:02:04.847273287,110.73,electronics_accessories
285,ord_00001644,2025-10-28 13:04:34.895719753,64.94,beauty
285,ord_00001645,2025-12-15 03:07:32.877704613,13.02,beauty
285,ord_00001646,2026-02-04 01:38:51.942156449,47.78,beauty
285,ord_00001647,2026-03-10 08:35:02.182369733,95.88,outdoor
285,ord_00001648,2026-05-04 21:09:27.604789283,19.62,home_goods
285,ord_00001649,2026-06-04 07:24:18.456551253,27.09,apparel
285,ord_00001650,2026-07-15 08:01:34.255808634,116.23,home_goods
286,ord_00001651,2025-05-29 00:00:00.000000000,33.65,home_goods
287,ord_00001652,2025-08-14 00:00:00.000000000,13.41,outdoor
288,ord_00001653,2026-02-03 00:00:00.000000000,50.31,home_goods
289,ord_00001654,2025-06-16 00:00:00.000000000,18.72,electronics_accessories
290,ord_00001655,2024-11-26 00:00:00.000000000,81.85,electronics_accessories
291,ord_00001656,2026-05-07 00:00:00.000000000,44.03,outdoor
291,ord_00001657,2026-06-18 19:59:06.102441406,75.75,beauty
292,ord_00001658,2025-06-10 00:00:00.000000000,44.24,beauty
293,ord_00001659,2025-11-05 00:00:00.000000000,47.87,outdoor
293,ord_00001660,2025-12-18 10:20:43.560453555,21.86,outdoor
293,ord_00001661,2026-01-27 04:37:24.891701121,33.54,home_goods
293,ord_00001662,2026-02-23 02:10:23.459073761,82.52,home_goods
293,ord_00001663,2026-03-30 04:07:10.952100900,36.13,electronics_accessories
293,ord_00001664,2026-05-21 19:52:13.029495709,90.61,home_goods
293,ord_00001665,2026-06-17 01:36:14.352839529,54.84,beauty
293,ord_00001666,2026-07-22 05:41:31.220543501,72.28,home_goods
294,ord_00001667,2025-03-12 00:00:00.000000000,49.2,home_goods
295,ord_00001668,2025-03-08 00:00:00.000000000,77.24,home_goods
295,ord_00001669,2025-04-28 03:10:24.441268822,46.38,home_goods
295,ord_00001670,2025-08-04 10:17:00.400172081,49.66,outdoor
295,ord_00001671,2025-09-30 16:38:31.958303445,47.0,home_goods
295,ord_00001672,2025-12-03 00:54:55.667675823,122.02,apparel
295,ord_00001673,2026-02-20 02:04:17.298153248,43.87,beauty
295,ord_00001674,2026-04-24 11:52:33.747547274,45.35,apparel
295,ord_00001675,2026-06-21 01:38:44.457371842,29.42,electronics_accessories
296,ord_00001676,2026-05-10 00:00:00.000000000,91.22,apparel
296,ord_00001677,2026-07-20 15:11:57.379038948,107.3,beauty
297,ord_00001678,2026-07-11 00:00:00.000000000,55.73,home_goods
297,ord_00001679,2026-07-29 21:47:08.823493362,70.75,beauty
298,ord_00001680,2025-07-30 00:00:00.000000000,44.64,outdoor
298,ord_00001681,2025-08-26 17:49:04.117963345,59.54,home_goods
298,ord_00001682,2025-09-30 00:58:44.610687042,64.61,apparel
298,ord_00001683,2025-10-18 09:07:16.669307340,232.98,beauty
298,ord_00001684,2025-11-13 10:49:54.291243247,46.55,home_goods
298,ord_00001685,2025-12-02 01:04:34.786494813,71.65,outdoor
298,ord_00001686,2025-12-21 09:10:51.314512747,80.44,outdoor
298,ord_00001687,2026-01-12 07:40:56.494596595,16.81,beauty
298,ord_00001688,2026-02-11 07:00:43.784883565,178.75,outdoor
298,ord_00001689,2026-03-06 21:00:09.596272582,67.44,outdoor
298,ord_00001690,2026-03-28 06:11:56.696118193,56.88,home_goods
298,ord_00001691,2026-04-23 15:18:46.995998609,26.04,electronics_accessories
298,ord_00001692,2026-05-12 01:13:05.540805964,30.63,electronics_accessories
298,ord_00001693,2026-06-10 14:11:47.761707962,51.27,apparel
298,ord_00001694,2026-07-17 01:31:33.109241370,37.59,home_goods
299,ord_00001695,2026-06-13 00:00:00.000000000,19.38,electronics_accessories
299,ord_00001696,2026-07-15 22:15:51.311280319,26.43,outdoor
300,ord_00001697,2025-08-15 00:00:00.000000000,141.0,beauty
300,ord_00001698,2025-10-09 16:52:23.088983618,41.55,outdoor
300,ord_00001699,2026-01-23 06:22:24.428629152,92.98,beauty
300,ord_00001700,2026-03-17 09:40:57.672209875,65.58,outdoor
300,ord_00001701,2026-05-17 18:17:28.153966917,90.99,apparel
300,ord_00001702,2026-07-04 10:19:51.903217290,57.29,apparel
301,ord_00001703,2025-02-13 00:00:00.000000000,24.88,electronics_accessories
301,ord_00001704,2025-08-20 20:55:38.531086504,43.54,outdoor
301,ord_00001705,2025-12-02 04:54:20.491379046,38.42,home_goods
301,ord_00001706,2026-03-01 22:28:30.150365457,56.82,home_goods
301,ord_00001707,2026-05-20 19:38:13.227410343,46.49,outdoor
302,ord_00001708,2025-11-28 00:00:00.000000000,82.08,beauty
303,ord_00001709,2025-10-05 00:00:00.000000000,101.46,apparel
304,ord_00001710,2024-10-12 00:00:00.000000000,43.63,apparel
305,ord_00001711,2025-02-08 00:00:00.000000000,142.62,electronics_accessories
305,ord_00001712,2025-02-15 23:37:04.524131104,39.44,apparel
305,ord_00001713,2025-03-03 12:02:06.487990870,35.5,electronics_accessories
305,ord_00001714,2025-03-12 16:53:49.765920848,53.07,apparel
305,ord_00001715,2025-04-01 21:17:06.540425805,69.58,home_goods
305,ord_00001716,2025-04-15 20:40:22.027918518,58.08,beauty
305,ord_00001717,2025-04-28 17:33:14.571845393,40.64,home_goods
305,ord_00001718,2025-05-09 11:34:44.583036291,31.58,apparel
305,ord_00001719,2025-05-26 04:08:59.619688023,27.51,electronics_accessories
305,ord_00001720,2025-06-06 01:14:22.202968570,63.81,home_goods
305,ord_00001721,2025-06-16 08:32:19.922352403,103.83,outdoor
305,ord_00001722,2025-07-06 03:15:19.675246907,23.28,outdoor
305,ord_00001723,2025-07-21 12:55:16.565984259,60.99,apparel
305,ord_00001724,2025-08-03 10:39:41.624959249,47.7,electronics_accessories
305,ord_00001725,2025-08-20 05:32:35.656508464,59.9,outdoor
305,ord_00001726,2025-09-03 02:47:35.196945823,49.16,beauty
305,ord_00001727,2025-09-18 15:37:15.690806826,43.53,home_goods
305,ord_00001728,2025-09-29 11:44:42.280856280,88.59,apparel
305,ord_00001729,2025-10-25 06:16:01.114805608,29.55,apparel
305,ord_00001730,2025-11-05 21:34:41.888657633,70.87,outdoor
305,ord_00001731,2025-11-27 23:39:10.755483888,30.61,beauty
305,ord_00001732,2025-12-11 01:42:10.925488275,50.0,beauty
305,ord_00001733,2025-12-28 17:06:48.711952548,45.12,beauty
305,ord_00001734,2026-01-14 23:22:04.232681499,75.07,apparel
305,ord_00001735,2026-02-03 12:12:40.016689427,43.62,electronics_accessories
305,ord_00001736,2026-02-14 06:29:10.940135137,28.08,home_goods
305,ord_00001737,2026-03-05 09:25:08.756336837,118.99,electronics_accessories
305,ord_00001738,2026-03-29 11:44:57.441991509,51.24,electronics_accessories
305,ord_00001739,2026-04-11 07:17:21.397928061,42.21,outdoor
305,ord_00001740,2026-04-25 07:07:33.281308891,22.23,outdoor
305,ord_00001741,2026-05-07 03:11:02.673046445,97.53,beauty
305,ord_00001742,2026-05-19 14:44:03.524832656,46.01,home_goods
305,ord_00001743,2026-06-11 18:06:26.112225434,47.1,electronics_accessories
305,ord_00001744,2026-06-22 00:00:41.787308621,48.52,apparel
305,ord_00001745,2026-07-02 10:32:28.609122097,12.98,outdoor
305,ord_00001746,2026-07-24 21:24:57.953259869,54.73,beauty
306,ord_00001747,2025-02-09 00:00:00.000000000,103.86,electronics_accessories
307,ord_00001748,2025-06-21 00:00:00.000000000,28.03,outdoor
308,ord_00001749,2026-08-07 00:00:00.000000000,43.33,electronics_accessories
309,ord_00001750,2024-10-15 00:00:00.000000000,54.52,electronics_accessories
310,ord_00001751,2024-08-20 00:00:00.000000000,106.62,outdoor
311,ord_00001752,2025-02-22 00:00:00.000000000,54.75,outdoor
312,ord_00001753,2026-01-24 00:00:00.000000000,85.32,beauty
313,ord_00001754,2026-05-02 00:00:00.000000000,100.46,electronics_accessories
314,ord_00001755,2024-10-26 00:00:00.000000000,53.72,electronics_accessories
315,ord_00001756,2026-01-12 00:00:00.000000000,47.21,electronics_accessories
316,ord_00001757,2025-08-14 00:00:00.000000000,116.84,apparel
317,ord_00001758,2026-07-28 00:00:00.000000000,49.2,home_goods
318,ord_00001759,2025-06-04 00:00:00.000000000,35.44,beauty
318,ord_00001760,2025-09-23 22:44:20.093394584,56.41,apparel
318,ord_00001761,2025-12-29 17:46:47.062214104,40.95,electronics_accessories
318,ord_00001762,2026-03-19 16:27:58.469748063,94.11,electronics_accessories
318,ord_00001763,2026-06-24 22:45:54.812524352,80.23,beauty
319,ord_00001764,2025-12-15 00:00:00.000000000,72.09,beauty
320,ord_00001765,2026-05-13 00:00:00.000000000,70.5,apparel
320,ord_00001766,2026-06-03 08:03:05.125039026,53.62,home_goods
320,ord_00001767,2026-06-21 13:16:31.660269388,29.91,electronics_accessories
320,ord_00001768,2026-07-29 12:23:30.644679105,31.94,home_goods
321,ord_00001769,2026-01-27 00:00:00.000000000,61.91,beauty
321,ord_00001770,2026-02-04 18:54:37.688284869,150.64,apparel
321,ord_00001771,2026-02-14 09:27:19.922614097,101.95,apparel
321,ord_00001772,2026-02-24 02:14:15.042245575,200.35,home_goods
321,ord_00001773,2026-03-04 13:50:56.015334158,53.6,home_goods
321,ord_00001774,2026-03-13 21:59:24.261664925,80.39,beauty
321,ord_00001775,2026-03-31 06:29:42.179981061,52.14,beauty
321,ord_00001776,2026-04-12 21:23:10.699254451,35.74,outdoor
321,ord_00001777,2026-04-21 15:17:17.351580514,35.66,outdoor
321,ord_00001778,2026-05-01 18:34:16.635164854,35.04,electronics_accessories
321,ord_00001779,2026-05-12 00:47:38.223768741,46.12,beauty
321,ord_00001780,2026-05-20 06:01:07.105020608,18.84,apparel
321,ord_00001781,2026-05-28 11:10:25.798239745,27.84,outdoor
321,ord_00001782,2026-06-11 11:26:05.186861338,31.77,apparel
321,ord_00001783,2026-06-20 14:22:27.003981757,55.12,outdoor
321,ord_00001784,2026-06-28 01:11:01.431852944,84.15,electronics_accessories
321,ord_00001785,2026-07-08 06:18:48.971325663,84.43,electronics_accessories
321,ord_00001786,2026-07-18 23:35:07.521501428,66.97,apparel
321,ord_00001787,2026-07-24 16:59:18.708592234,85.6,outdoor
321,ord_00001788,2026-08-03 22:17:40.260257438,78.23,apparel
322,ord_00001789,2025-02-27 00:00:00.000000000,93.27,electronics_accessories
323,ord_00001790,2024-11-05 00:00:00.000000000,42.72,electronics_accessories
324,ord_00001791,2025-09-18 00:00:00.000000000,87.91,home_goods
325,ord_00001792,2025-11-05 00:00:00.000000000,35.56,apparel
325,ord_00001793,2025-11-28 09:53:04.296503849,67.63,apparel
325,ord_00001794,2025-12-09 04:48:10.255260034,43.9,home_goods
325,ord_00001795,2025-12-20 02:04:47.913643630,45.47,apparel
325,ord_00001796,2026-01-03 09:03:21.542846080,49.22,apparel
325,ord_00001797,2026-01-17 07:30:17.780310644,62.23,electronics_accessories
325,ord_00001798,2026-01-26 22:02:38.992644524,39.43,beauty
325,ord_00001799,2026-02-14 13:12:03.930088460,66.39,outdoor
325,ord_00001800,2026-03-05 08:20:10.427249336,88.68,beauty
325,ord_00001801,2026-03-26 09:08:03.841154847,41.03,outdoor
325,ord_00001802,2026-04-08 20:13:03.051881851,26.54,home_goods
325,ord_00001803,2026-04-23 23:49:25.345528028,92.39,beauty
325,ord_00001804,2026-05-09 04:25:47.917168587,103.93,apparel
325,ord_00001805,2026-06-03 14:58:14.179276997,39.29,home_goods
325,ord_00001806,2026-06-10 04:11:41.277352442,47.56,outdoor
325,ord_00001807,2026-06-21 16:19:20.464191049,20.49,apparel
325,ord_00001808,2026-07-07 00:53:03.019251022,22.16,apparel
325,ord_00001809,2026-07-18 02:33:34.339592432,18.64,electronics_accessories
325,ord_00001810,2026-08-01 07:04:17.213249886,39.51,apparel
326,ord_00001811,2024-08-20 00:00:00.000000000,93.03,electronics_accessories
326,ord_00001812,2024-10-04 00:14:21.923315600,42.4,outdoor
326,ord_00001813,2024-11-15 02:15:37.504754147,68.09,apparel
326,ord_00001814,2025-01-14 14:26:43.883699809,70.8,electronics_accessories
326,ord_00001815,2025-03-06 18:17:22.838045517,25.23,apparel
326,ord_00001816,2025-04-14 10:35:01.013356178,47.99,electronics_accessories
326,ord_00001817,2025-05-31 22:34:06.594364856,67.48,apparel
326,ord_00001818,2025-07-23 15:01:59.375784818,14.15,electronics_accessories
326,ord_00001819,2025-10-10 06:22:29.323796048,28.76,home_goods
326,ord_00001820,2025-12-08 17:24:16.668347503,51.01,home_goods
326,ord_00001821,2026-02-14 08:03:43.392671522,114.65,home_goods
326,ord_00001822,2026-03-25 10:33:03.989611755,51.46,apparel
326,ord_00001823,2026-05-04 13:41:27.158068489,48.61,apparel
326,ord_00001824,2026-06-17 07:59:58.532977339,36.78,electronics_accessories
326,ord_00001825,2026-08-01 07:38:17.430124439,46.06,home_goods
327,ord_00001826,2026-04-17 00:00:00.000000000,46.65,apparel
327,ord_00001827,2026-07-22 10:57:31.440650850,43.58,electronics_accessories
328,ord_00001828,2026-07-21 00:00:00.000000000,35.62,apparel
329,ord_00001829,2026-07-03 00:00:00.000000000,51.36,apparel
329,ord_00001830,2026-07-28 18:22:27.490784951,45.12,home_goods
330,ord_00001831,2026-02-23 00:00:00.000000000,54.56,apparel
331,ord_00001832,2026-07-02 00:00:00.000000000,43.8,beauty
332,ord_00001833,2025-03-04 00:00:00.000000000,29.31,apparel
333,ord_00001834,2024-10-24 00:00:00.000000000,34.49,home_goods
333,ord_00001835,2024-11-22 06:01:02.288434341,40.08,electronics_accessories
333,ord_00001836,2024-12-30 08:46:35.961429318,74.13,home_goods
333,ord_00001837,2025-01-27 02:03:21.277552956,31.33,beauty
333,ord_00001838,2025-02-18 14:02:36.918252503,45.33,beauty
333,ord_00001839,2025-04-06 22:29:41.320755990,27.33,beauty
333,ord_00001840,2025-05-09 01:21:52.659346085,21.69,apparel
333,ord_00001841,2025-06-06 20:46:30.652280867,35.83,home_goods
333,ord_00001842,2025-07-03 12:55:01.203094521,46.12,apparel
333,ord_00001843,2025-08-14 13:57:25.265102301,64.98,electronics_accessories
333,ord_00001844,2025-10-09 12:29:37.567810071,119.87,home_goods
333,ord_00001845,2025-11-11 08:02:23.018781859,23.12,outdoor
333,ord_00001846,2025-12-16 01:09:26.577804756,24.73,electronics_accessories
333,ord_00001847,2026-02-05 02:56:18.039007203,43.2,electronics_accessories
333,ord_00001848,2026-02-26 15:14:59.272861810,20.88,beauty
333,ord_00001849,2026-05-04 10:41:11.035526660,28.7,home_goods
333,ord_00001850,2026-07-20 12:55:57.274456002,104.24,home_goods
333,ord_00001851,2026-08-05 23:33:36.766881340,43.64,apparel
334,ord_00001852,2026-04-06 00:00:00.000000000,117.63,outdoor
334,ord_00001853,2026-04-27 01:43:21.537373612,25.47,apparel
334,ord_00001854,2026-05-12 02:55:16.269169380,29.72,home_goods
334,ord_00001855,2026-05-24 17:36:46.503430865,49.38,outdoor
334,ord_00001856,2026-06-09 18:10:01.982434184,41.6,apparel
334,ord_00001857,2026-06-24 22:53:54.894156826,73.75,outdoor
334,ord_00001858,2026-07-10 19:20:31.492445654,89.59,apparel
334,ord_00001859,2026-08-03 01:01:27.817705746,40.35,electronics_accessories
335,ord_00001860,2025-05-25 00:00:00.000000000,33.41,beauty
336,ord_00001861,2026-06-23 00:00:00.000000000,48.27,home_goods
336,ord_00001862,2026-07-09 03:13:23.553250726,86.57,beauty
336,ord_00001863,2026-07-28 23:05:53.144686026,36.87,beauty
337,ord_00001864,2025-01-08 00:00:00.000000000,62.17,apparel
338,ord_00001865,2024-11-06 00:00:00.000000000,120.61,outdoor
338,ord_00001866,2025-01-11 19:42:07.643868138,36.71,outdoor
338,ord_00001867,2025-05-15 05:27:16.250649748,29.91,electronics_accessories
338,ord_00001868,2025-06-26 15:55:27.788864506,103.19,beauty
338,ord_00001869,2025-09-28 11:57:38.949668977,33.48,electronics_accessories
338,ord_00001870,2025-12-06 14:59:58.458456886,64.23,beauty
338,ord_00001871,2026-02-09 03:10:23.127920718,58.26,apparel
338,ord_00001872,2026-03-28 08:49:04.622609834,68.74,home_goods
338,ord_00001873,2026-06-21 13:14:25.912469054,49.02,apparel
339,ord_00001874,2026-03-08 00:00:00.000000000,69.97,electronics_accessories
340,ord_00001875,2025-08-14 00:00:00.000000000,48.24,home_goods
340,ord_00001876,2025-09-10 03:19:11.819094947,24.55,beauty
340,ord_00001877,2025-10-02 09:01:56.745992138,64.01,home_goods
340,ord_00001878,2025-10-28 15:02:10.687989854,50.14,electronics_accessories
340,ord_00001879,2025-11-17 09:50:12.983320060,43.29,outdoor
340,ord_00001880,2025-12-03 04:22:29.929897458,84.87,beauty
340,ord_00001881,2026-01-10 07:58:15.307440693,33.61,outdoor
340,ord_00001882,2026-02-15 09:14:11.076543456,26.65,outdoor
340,ord_00001883,2026-03-16 22:28:20.975657131,107.6,home_goods
340,ord_00001884,2026-04-06 02:46:30.055869646,48.63,apparel
340,ord_00001885,2026-04-26 19:57:27.788356219,27.74,apparel
340,ord_00001886,2026-05-31 03:36:44.139608303,41.14,electronics_accessories
340,ord_00001887,2026-06-20 12:52:37.588050988,28.43,apparel
340,ord_00001888,2026-07-09 06:53:40.071742434,35.77,home_goods
341,ord_00001889,2025-03-08 00:00:00.000000000,36.18,home_goods
342,ord_00001890,2026-02-28 00:00:00.000000000,59.87,electronics_accessories
342,ord_00001891,2026-04-01 12:10:39.810852793,22.58,beauty
342,ord_00001892,2026-04-25 00:36:21.637286921,38.92,home_goods
342,ord_00001893,2026-05-24 19:39:52.480146132,83.54,outdoor
342,ord_00001894,2026-07-15 19:23:53.053775317,67.07,apparel
343,ord_00001895,2026-05-05 00:00:00.000000000,40.65,apparel
343,ord_00001896,2026-06-12 17:02:56.651040635,58.84,outdoor
343,ord_00001897,2026-07-04 22:14:52.004152911,50.65,home_goods
344,ord_00001898,2024-12-26 00:00:00.000000000,24.8,electronics_accessories
344,ord_00001899,2025-02-07 00:36:34.196908598,43.89,apparel
344,ord_00001900,2025-03-15 03:10:43.277790542,78.27,outdoor
344,ord_00001901,2025-04-25 21:30:20.678176843,27.96,apparel
344,ord_00001902,2025-06-09 02:19:01.710658941,49.76,apparel
344,ord_00001903,2025-07-14 09:18:01.369202966,58.78,electronics_accessories
344,ord_00001904,2025-08-24 05:42:00.651979762,98.65,apparel
344,ord_00001905,2025-09-24 15:20:45.376057547,46.91,home_goods
344,ord_00001906,2025-12-19 11:01:48.375851985,33.27,beauty
344,ord_00001907,2026-02-15 19:09:52.761373665,71.62,electronics_accessories
344,ord_00001908,2026-04-02 21:10:36.840989153,41.94,home_goods
344,ord_00001909,2026-06-02 05:35:13.974397989,67.77,apparel
344,ord_00001910,2026-06-25 16:19:26.970759529,13.05,electronics_accessories
344,ord_00001911,2026-07-15 09:24:48.338715602,10.68,outdoor
345,ord_00001912,2025-04-11 00:00:00.000000000,151.37,electronics_accessories
345,ord_00001913,2025-08-23 21:01:44.122113674,49.13,apparel
345,ord_00001914,2025-11-08 00:58:44.327749420,25.86,outdoor
345,ord_00001915,2025-12-29 23:52:56.512604777,51.32,beauty
345,ord_00001916,2026-03-07 12:07:44.934150165,42.75,apparel
345,ord_00001917,2026-05-23 08:01:32.235412815,36.86,beauty
345,ord_00001918,2026-07-18 22:28:21.549373238,53.17,apparel
346,ord_00001919,2026-07-11 00:00:00.000000000,88.18,electronics_accessories
347,ord_00001920,2025-08-15 00:00:00.000000000,46.39,apparel
347,ord_00001921,2025-09-07 10:38:21.538184101,48.51,apparel
347,ord_00001922,2025-10-19 19:16:55.587935063,81.21,outdoor
347,ord_00001923,2025-11-14 17:40:53.450379972,40.97,beauty
347,ord_00001924,2025-12-13 21:12:37.955361042,24.76,apparel
347,ord_00001925,2026-01-16 14:53:52.343662608,47.17,beauty
347,ord_00001926,2026-02-20 14:18:34.375588330,32.29,beauty
347,ord_00001927,2026-03-12 19:28:56.118264438,40.9,home_goods
347,ord_00001928,2026-04-13 06:45:54.189507462,27.06,home_goods
347,ord_00001929,2026-05-26 02:17:04.930970647,23.81,electronics_accessories
347,ord_00001930,2026-06-25 04:52:04.517705342,28.98,home_goods
347,ord_00001931,2026-07-26 17:31:41.791485096,34.24,apparel
348,ord_00001932,2026-02-13 00:00:00.000000000,32.52,outdoor
349,ord_00001933,2025-05-22 00:00:00.000000000,54.74,beauty
349,ord_00001934,2025-06-11 00:11:08.699837861,24.51,apparel
349,ord_00001935,2025-07-01 02:20:16.951206912,52.34,home_goods
349,ord_00001936,2025-08-09 20:25:00.504464655,54.32,electronics_accessories
349,ord_00001937,2025-09-02 17:47:14.534746676,39.69,electronics_accessories
349,ord_00001938,2025-09-19 07:01:28.228963551,34.37,beauty
349,ord_00001939,2025-10-13 13:52:06.104016382,44.87,outdoor
349,ord_00001940,2025-11-20 03:11:07.122005685,47.21,electronics_accessories
349,ord_00001941,2025-12-02 06:14:26.745983665,17.97,beauty
349,ord_00001942,2025-12-17 14:49:17.708416556,37.32,beauty
349,ord_00001943,2026-01-05 00:49:58.252673237,52.89,home_goods
349,ord_00001944,2026-01-22 11:35:04.401035522,90.0,electronics_accessories
349,ord_00001945,2026-02-09 09:03:56.182442903,72.22,outdoor
349,ord_00001946,2026-02-22 17:58:02.423060892,98.62,outdoor
349,ord_00001947,2026-03-24 21:05:56.758111497,116.16,home_goods
349,ord_00001948,2026-04-06 18:48:16.785897037,124.64,electronics_accessories
349,ord_00001949,2026-04-25 09:42:26.327895847,70.33,home_goods
349,ord_00001950,2026-05-22 11:10:31.691581642,44.58,outdoor
349,ord_00001951,2026-06-11 01:27:55.093842509,41.72,apparel
349,ord_00001952,2026-06-25 19:12:49.911677031,67.4,electronics_accessories
349,ord_00001953,2026-07-08 23:51:55.463100917,44.9,beauty
349,ord_00001954,2026-07-27 10:47:32.503754620,15.22,home_goods
350,ord_00001955,2026-01-09 00:00:00.000000000,44.25,beauty
351,ord_00001956,2025-06-12 00:00:00.000000000,85.08,home_goods
351,ord_00001957,2025-09-16 00:56:56.806880287,100.74,beauty
351,ord_00001958,2026-01-29 09:42:36.242384721,27.54,home_goods
351,ord_00001959,2026-03-30 20:59:41.477853201,101.71,electronics_accessories
352,ord_00001960,2024-08-29 00:00:00.000000000,65.38,outdoor
353,ord_00001961,2026-06-02 00:00:00.000000000,110.48,outdoor
354,ord_00001962,2025-07-03 00:00:00.000000000,62.51,apparel
354,ord_00001963,2025-07-22 09:33:45.815179203,23.8,outdoor
354,ord_00001964,2025-08-11 14:14:40.207960538,34.48,outdoor
354,ord_00001965,2025-09-12 04:24:44.630397458,44.53,outdoor
354,ord_00001966,2025-10-02 05:32:51.815073899,70.35,electronics_accessories
354,ord_00001967,2025-11-06 04:18:54.519298519,22.14,home_goods
354,ord_00001968,2025-11-29 02:53:14.913506845,41.81,apparel
354,ord_00001969,2025-12-18 13:42:17.281030856,45.25,beauty
354,ord_00001970,2026-01-11 11:03:35.981516819,36.47,home_goods
354,ord_00001971,2026-02-11 10:10:55.399540032,40.43,home_goods
354,ord_00001972,2026-03-09 04:16:37.418442514,53.3,electronics_accessories
354,ord_00001973,2026-04-06 10:55:51.244593731,35.49,apparel
354,ord_00001974,2026-05-10 22:40:48.909915413,63.06,electronics_accessories
354,ord_00001975,2026-06-18 16:06:47.265193429,33.0,beauty
354,ord_00001976,2026-07-14 04:09:59.567364795,52.56,apparel
354,ord_00001977,2026-08-03 15:14:02.491065527,90.68,beauty
355,ord_00001978,2025-12-26 00:00:00.000000000,72.51,outdoor
356,ord_00001979,2024-08-12 00:00:00.000000000,104.14,outdoor
357,ord_00001980,2025-10-24 00:00:00.000000000,26.94,electronics_accessories
357,ord_00001981,2025-12-01 01:44:58.735959536,32.79,outdoor
357,ord_00001982,2026-01-18 00:33:42.461512744,85.55,outdoor
357,ord_00001983,2026-02-26 01:01:17.100266531,52.65,beauty
357,ord_00001984,2026-05-05 05:33:05.803230194,87.8,home_goods
357,ord_00001985,2026-06-16 09:39:04.992034477,135.52,home_goods
357,ord_00001986,2026-07-22 20:56:08.079667613,39.94,beauty
358,ord_00001987,2024-11-15 00:00:00.000000000,37.07,outdoor
358,ord_00001988,2025-01-18 02:48:21.669133764,50.07,home_goods
358,ord_00001989,2025-03-15 02:22:48.265423831,83.98,home_goods
358,ord_00001990,2025-05-23 15:38:42.577913068,67.55,outdoor
358,ord_00001991,2025-07-22 21:46:21.611382039,43.53,electronics_accessories
358,ord_00001992,2025-10-18 08:42:45.409600688,61.52,beauty
358,ord_00001993,2025-12-17 16:15:13.503463060,78.88,beauty
358,ord_00001994,2026-03-20 15:29:47.607485712,47.33,outdoor
358,ord_00001995,2026-05-27 05:13:25.437703938,60.66,outdoor
358,ord_00001996,2026-06-26 05:11:08.365785741,79.88,beauty
359,ord_00001997,2025-10-31 00:00:00.000000000,50.62,electronics_accessories
360,ord_00001998,2025-03-09 00:00:00.000000000,53.2,outdoor
360,ord_00001999,2025-03-20 03:06:21.595588072,44.91,electronics_accessories
360,ord_00002000,2025-03-28 13:35:34.280602999,41.44,home_goods
360,ord_00002001,2025-04-04 15:49:18.926658563,173.1,home_goods
360,ord_00002002,2025-04-14 23:25:09.259691692,37.38,home_goods
360,ord_00002003,2025-04-28 10:52:45.677302596,256.45,apparel
360,ord_00002004,2025-05-11 04:34:22.950510771,24.78,outdoor
360,ord_00002005,2025-05-20 03:30:06.404978668,75.29,home_goods
360,ord_00002006,2025-06-01 06:34:17.283082709,77.83,apparel
360,ord_00002007,2025-06-13 08:58:18.866783165,44.46,outdoor
360,ord_00002008,2025-06-22 11:00:04.024740697,110.45,outdoor
360,ord_00002009,2025-06-30 00:48:09.968061876,65.58,apparel
360,ord_00002010,2025-07-07 17:47:12.956816728,61.4,outdoor
360,ord_00002011,2025-07-19 17:34:01.095233519,39.56,beauty
360,ord_00002012,2025-07-28 22:34:27.893600517,90.43,electronics_accessories
360,ord_00002013,2025-08-04 18:06:09.595999400,52.85,electronics_accessories
360,ord_00002014,2025-08-10 09:07:01.503177301,75.58,home_goods
360,ord_00002015,2025-08-22 08:22:39.710962776,54.93,outdoor
360,ord_00002016,2025-08-30 06:20:11.182429001,52.91,outdoor
360,ord_00002017,2025-09-09 13:28:36.763702643,26.43,apparel
360,ord_00002018,2025-09-23 02:07:42.398734162,55.18,apparel
360,ord_00002019,2025-09-29 09:15:42.744670873,40.12,electronics_accessories
360,ord_00002020,2025-10-08 14:04:16.050621186,49.93,home_goods
360,ord_00002021,2025-10-17 10:43:04.232853572,72.74,home_goods
360,ord_00002022,2025-10-27 21:32:41.281607070,53.71,home_goods
360,ord_00002023,2025-11-10 10:08:35.173240163,24.94,beauty
360,ord_00002024,2025-11-16 16:20:55.258415331,46.02,electronics_accessories
360,ord_00002025,2025-11-27 17:53:32.951861256,47.44,apparel
360,ord_00002026,2025-12-10 10:53:17.342992433,38.7,apparel
360,ord_00002027,2025-12-19 06:32:12.270109386,106.91,beauty
360,ord_00002028,2025-12-28 05:18:54.147859322,61.69,electronics_accessories
360,ord_00002029,2026-01-07 19:04:17.632985768,46.82,outdoor
360,ord_00002030,2026-01-18 03:17:02.916723543,51.26,beauty
360,ord_00002031,2026-01-29 05:49:47.915939776,44.92,home_goods
360,ord_00002032,2026-02-09 06:41:46.038926736,39.62,beauty
360,ord_00002033,2026-02-16 05:24:17.814225122,56.04,beauty
360,ord_00002034,2026-02-28 18:38:56.008172232,66.78,outdoor
360,ord_00002035,2026-03-14 00:16:30.507996983,36.25,apparel
360,ord_00002036,2026-03-23 20:56:41.256062301,31.4,apparel
360,ord_00002037,2026-03-29 19:54:32.163528380,37.1,electronics_accessories
360,ord_00002038,2026-04-07 20:09:17.816426179,28.9,outdoor
360,ord_00002039,2026-04-17 17:24:58.603982867,82.09,apparel
360,ord_00002040,2026-04-24 08:11:12.743298140,34.83,outdoor
360,ord_00002041,2026-05-02 17:05:06.767470412,92.55,home_goods
360,ord_00002042,2026-05-08 19:43:56.639877924,44.97,electronics_accessories
360,ord_00002043,2026-05-20 00:16:47.919005949,29.78,outdoor
360,ord_00002044,2026-05-29 19:31:29.494292064,75.44,outdoor
360,ord_00002045,2026-06-04 12:07:53.360819879,71.48,electronics_accessories
360,ord_00002046,2026-06-14 20:50:22.491376914,51.25,home_goods
360,ord_00002047,2026-06-24 00:53:48.594776903,38.01,home_goods
360,ord_00002048,2026-07-04 22:13:18.472183556,94.16,apparel
360,ord_00002049,2026-07-13 05:14:12.829970658,72.41,electronics_accessories
360,ord_00002050,2026-07-20 13:13:17.463999090,50.4,electronics_accessories
360,ord_00002051,2026-07-27 22:49:51.485112552,42.52,electronics_accessories
360,ord_00002052,2026-08-04 21:16:51.259126476,53.99,home_goods
361,ord_00002053,2025-01-01 00:00:00.000000000,15.32,apparel
361,ord_00002054,2025-01-14 06:14:08.246337380,28.2,electronics_accessories
361,ord_00002055,2025-01-27 04:29:22.047312741,25.63,apparel
361,ord_00002056,2025-02-14 16:10:10.702814949,61.16,home_goods
361,ord_00002057,2025-03-06 19:38:47.198749264,38.45,electronics_accessories
361,ord_00002058,2025-03-22 17:04:54.752339581,30.43,electronics_accessories
361,ord_00002059,2025-04-16 19:58:59.773381256,30.48,beauty
361,ord_00002060,2025-05-07 02:18:13.567194233,46.96,outdoor
361,ord_00002061,2025-05-31 15:59:38.519653092,42.39,apparel
361,ord_00002062,2025-06-20 05:29:22.116115043,114.11,electronics_accessories
361,ord_00002063,2025-07-06 13:09:01.533223813,99.06,home_goods
361,ord_00002064,2025-07-27 22:24:09.009057296,29.35,home_goods
361,ord_00002065,2025-08-11 01:59:21.357687609,89.26,outdoor
361,ord_00002066,2025-09-04 09:05:31.199692492,86.98,beauty
361,ord_00002067,2025-09-19 23:30:55.205108136,65.2,apparel
361,ord_00002068,2025-10-17 04:47:33.235719444,60.98,beauty
361,ord_00002069,2025-11-04 20:52:58.851428639,67.22,beauty
361,ord_00002070,2025-12-03 07:03:42.757102616,125.37,beauty
361,ord_00002071,2025-12-18 01:13:13.766308277,65.57,home_goods
361,ord_00002072,2026-01-03 21:56:33.707472793,69.14,beauty
361,ord_00002073,2026-01-27 01:58:01.820593810,62.18,outdoor
361,ord_00002074,2026-02-25 10:36:10.408906384,29.71,beauty
361,ord_00002075,2026-03-31 12:19:06.286826788,145.62,outdoor
361,ord_00002076,2026-04-21 10:29:23.659457077,43.53,electronics_accessories
361,ord_00002077,2026-05-27 07:17:02.991232982,87.91,electronics_accessories
361,ord_00002078,2026-06-15 05:58:54.159732829,30.76,electronics_accessories
361,ord_00002079,2026-07-13 23:36:59.278770631,92.25,outdoor
361,ord_00002080,2026-07-29 13:28:30.077832825,50.47,beauty
362,ord_00002081,2025-01-10 00:00:00.000000000,64.84,outdoor
363,ord_00002082,2026-03-01 00:00:00.000000000,106.69,home_goods
364,ord_00002083,2024-12-15 00:00:00.000000000,83.56,home_goods
365,ord_00002084,2025-04-23 00:00:00.000000000,49.01,electronics_accessories
365,ord_00002085,2025-05-13 17:27:51.828510167,45.38,beauty
365,ord_00002086,2025-06-07 09:48:04.492482841,30.92,outdoor
365,ord_00002087,2025-06-24 09:24:01.365463042,13.74,electronics_accessories
365,ord_00002088,2025-07-18 05:04:43.162100514,28.11,beauty
365,ord_00002089,2025-08-07 17:50:00.659539723,74.83,outdoor
365,ord_00002090,2025-08-28 03:37:08.608396884,95.54,apparel
365,ord_00002091,2025-09-19 10:34:01.154118308,69.16,beauty
365,ord_00002092,2025-10-11 21:06:35.887981379,39.39,beauty
365,ord_00002093,2025-11-03 22:49:33.900327590,87.65,beauty
365,ord_00002094,2025-11-22 07:17:42.179971447,51.02,apparel
365,ord_00002095,2025-12-10 21:34:13.826441809,41.16,outdoor
365,ord_00002096,2026-01-01 02:17:51.195891695,132.48,beauty
365,ord_00002097,2026-01-22 18:25:05.161023490,96.35,apparel
365,ord_00002098,2026-02-11 00:32:31.296069942,115.39,apparel
365,ord_00002099,2026-03-07 05:29:41.949911730,38.76,electronics_accessories
365,ord_00002100,2026-03-19 23:20:02.957409952,29.47,apparel
365,ord_00002101,2026-04-06 14:44:49.690848521,68.96,home_goods
365,ord_00002102,2026-04-26 19:26:13.755199821,44.78,beauty
365,ord_00002103,2026-05-13 19:11:12.431816198,65.24,home_goods
365,ord_00002104,2026-06-18 14:35:52.123447766,19.52,beauty
365,ord_00002105,2026-07-10 16:44:26.290973882,41.49,apparel
365,ord_00002106,2026-08-02 20:36:06.964630945,64.47,home_goods
366,ord_00002107,2025-04-08 00:00:00.000000000,98.04,beauty
367,ord_00002108,2025-08-13 00:00:00.000000000,26.63,electronics_accessories
367,ord_00002109,2025-08-23 09:53:13.940616316,34.04,outdoor
367,ord_00002110,2025-09-03 06:46:23.429861489,59.8,outdoor
367,ord_00002111,2025-09-10 18:53:15.848643418,49.77,home_goods
367,ord_00002112,2025-09-21 11:38:30.362525805,65.77,outdoor
367,ord_00002113,2025-09-30 16:04:06.967525013,33.71,beauty
367,ord_00002114,2025-10-07 12:15:43.307308704,49.84,apparel
367,ord_00002115,2025-10-20 00:43:21.675911541,107.08,apparel
367,ord_00002116,2025-10-28 16:08:39.714216017,23.55,home_goods
367,ord_00002117,2025-11-06 17:35:30.830400323,200.78,electronics_accessories
367,ord_00002118,2025-11-15 15:24:14.474144712,43.1,outdoor
367,ord_00002119,2025-11-30 11:15:21.699876604,36.92,outdoor
367,ord_00002120,2025-12-10 13:54:01.111252225,12.37,outdoor
367,ord_00002121,2025-12-21 01:26:24.457872513,74.06,outdoor
367,ord_00002122,2025-12-30 00:39:51.758487407,31.32,electronics_accessories
367,ord_00002123,2026-01-10 18:53:48.963993668,78.4,electronics_accessories
367,ord_00002124,2026-01-26 03:06:42.649513547,20.59,apparel
367,ord_00002125,2026-02-07 13:27:02.164873785,44.08,outdoor
367,ord_00002126,2026-02-20 03:18:03.510246857,33.91,electronics_accessories
367,ord_00002127,2026-03-04 09:56:12.813818155,26.26,outdoor
367,ord_00002128,2026-03-11 04:17:38.567668616,54.99,apparel
367,ord_00002129,2026-03-19 01:09:34.764671931,65.01,apparel
367,ord_00002130,2026-03-28 16:08:59.361153822,54.61,electronics_accessories
367,ord_00002131,2026-04-05 21:43:25.010387702,23.97,beauty
367,ord_00002132,2026-04-13 08:12:34.662256970,63.2,home_goods
367,ord_00002133,2026-04-19 04:17:25.155807646,45.45,electronics_accessories
367,ord_00002134,2026-04-26 00:17:52.411165071,83.44,home_goods
367,ord_00002135,2026-05-05 11:44:38.699077297,97.09,home_goods
367,ord_00002136,2026-05-15 12:19:18.705390949,101.72,outdoor
367,ord_00002137,2026-05-23 13:57:10.957914451,30.26,outdoor
367,ord_00002138,2026-06-03 01:28:46.871280610,16.56,electronics_accessories
367,ord_00002139,2026-06-12 01:08:36.977536277,52.23,apparel
367,ord_00002140,2026-06-26 05:51:27.396476963,34.04,home_goods
367,ord_00002141,2026-07-05 23:52:20.056847621,32.11,apparel
367,ord_00002142,2026-07-18 14:34:51.008947643,39.96,outdoor
367,ord_00002143,2026-07-29 11:39:47.101271141,28.31,apparel
367,ord_00002144,2026-08-05 04:57:37.844154710,46.77,electronics_accessories
368,ord_00002145,2026-01-02 00:00:00.000000000,22.76,apparel
368,ord_00002146,2026-03-03 09:27:45.524575619,58.51,apparel
368,ord_00002147,2026-04-30 18:15:56.633804291,103.01,beauty
368,ord_00002148,2026-06-11 09:33:08.942253825,35.81,beauty
368,ord_00002149,2026-07-02 00:07:37.260955465,48.12,electronics_accessories
368,ord_00002150,2026-07-31 19:37:55.263180321,45.74,apparel
369,ord_00002151,2026-07-23 00:00:00.000000000,33.13,home_goods
370,ord_00002152,2025-12-26 00:00:00.000000000,46.41,outdoor
370,ord_00002153,2026-01-11 01:47:40.222045736,52.4,electronics_accessories
370,ord_00002154,2026-01-23 13:09:42.455188828,40.6,outdoor
370,ord_00002155,2026-02-10 15:25:35.018790675,58.51,beauty
370,ord_00002156,2026-02-25 08:24:44.889918434,79.93,electronics_accessories
370,ord_00002157,2026-03-15 04:06:02.926639195,44.47,home_goods
370,ord_00002158,2026-03-30 01:54:00.490132496,25.38,home_goods
370,ord_00002159,2026-04-14 19:48:45.124409631,44.6,electronics_accessories
370,ord_00002160,2026-04-26 11:02:20.765258100,19.61,outdoor
370,ord_00002161,2026-05-08 02:24:05.075227054,28.71,electronics_accessories
370,ord_00002162,2026-05-28 09:47:20.946349892,43.15,electronics_accessories
370,ord_00002163,2026-06-14 10:14:57.225949790,55.14,beauty
370,ord_00002164,2026-06-24 18:36:08.362124594,20.18,outdoor
370,ord_00002165,2026-07-09 14:58:59.565924342,78.89,beauty
370,ord_00002166,2026-07-16 12:35:19.233010407,37.43,home_goods
370,ord_00002167,2026-07-28 08:45:17.266272839,48.07,electronics_accessories
371,ord_00002168,2025-06-02 00:00:00.000000000,39.25,beauty
371,ord_00002169,2025-06-15 15:16:09.766702107,66.51,apparel
371,ord_00002170,2025-07-04 05:57:00.380348908,116.67,beauty
371,ord_00002171,2025-07-23 03:41:57.580149521,35.64,beauty
371,ord_00002172,2025-08-10 22:08:52.611491805,23.36,electronics_accessories
371,ord_00002173,2025-09-11 14:03:00.268605840,60.99,outdoor
371,ord_00002174,2025-09-28 00:44:10.894653591,61.96,beauty
371,ord_00002175,2025-10-23 22:26:29.221992285,58.12,outdoor
371,ord_00002176,2025-11-17 18:05:46.232145365,25.76,home_goods
371,ord_00002177,2025-12-19 07:48:43.683811169,30.34,home_goods
371,ord_00002178,2026-01-11 01:36:04.185866804,40.53,beauty
371,ord_00002179,2026-02-10 01:47:18.571443498,36.84,beauty
371,ord_00002180,2026-03-04 13:12:52.977254509,24.62,beauty
371,ord_00002181,2026-03-31 12:18:27.313897935,57.36,home_goods
371,ord_00002182,2026-04-15 14:10:45.449976011,44.14,electronics_accessories
371,ord_00002183,2026-04-26 07:35:38.593915871,62.52,beauty
371,ord_00002184,2026-05-22 19:44:42.576728535,56.7,apparel
371,ord_00002185,2026-06-18 18:12:55.070159787,52.82,electronics_accessories
371,ord_00002186,2026-07-16 01:20:17.311942449,69.07,electronics_accessories
371,ord_00002187,2026-08-05 06:36:06.385070551,53.59,outdoor
372,ord_00002188,2025-01-16 00:00:00.000000000,106.19,beauty
373,ord_00002189,2024-08-10 00:00:00.000000000,60.08,electronics_accessories
374,ord_00002190,2024-08-11 00:00:00.000000000,36.42,home_goods
375,ord_00002191,2025-06-28 00:00:00.000000000,41.39,outdoor
376,ord_00002192,2024-12-28 00:00:00.000000000,23.83,outdoor
377,ord_00002193,2026-06-12 00:00:00.000000000,65.18,electronics_accessories
378,ord_00002194,2025-03-07 00:00:00.000000000,68.08,home_goods
379,ord_00002195,2026-04-12 00:00:00.000000000,61.96,home_goods
380,ord_00002196,2026-02-05 00:00:00.000000000,79.04,home_goods
380,ord_00002197,2026-03-08 14:49:28.229898410,68.96,home_goods
380,ord_00002198,2026-04-10 00:02:13.681671148,86.34,apparel
380,ord_00002199,2026-05-28 19:12:43.466525838,39.29,home_goods
380,ord_00002200,2026-06-30 05:04:10.055224916,30.38,beauty
381,ord_00002201,2025-07-01 00:00:00.000000000,48.31,home_goods
381,ord_00002202,2025-09-28 21:41:13.656754728,25.78,home_goods
381,ord_00002203,2026-03-16 20:44:24.856956708,28.75,home_goods
381,ord_00002204,2026-07-18 23:56:57.909627478,40.54,outdoor
382,ord_00002205,2026-04-18 00:00:00.000000000,37.67,outdoor
382,ord_00002206,2026-05-15 07:50:24.542710602,45.44,electronics_accessories
382,ord_00002207,2026-07-09 08:40:08.113449736,27.58,apparel
383,ord_00002208,2025-02-01 00:00:00.000000000,49.51,outdoor
383,ord_00002209,2025-03-08 08:19:36.065749728,21.25,electronics_accessories
383,ord_00002210,2025-04-09 10:08:28.920783581,44.94,home_goods
383,ord_00002211,2025-05-31 00:39:35.075846460,82.6,beauty
383,ord_00002212,2025-06-30 23:18:16.205252841,19.64,beauty
383,ord_00002213,2025-07-23 18:09:41.532598023,38.83,beauty
383,ord_00002214,2025-08-22 07:19:09.605656561,79.84,electronics_accessories
383,ord_00002215,2025-10-15 05:36:15.822993679,121.27,home_goods
383,ord_00002216,2025-11-30 17:23:52.113988037,68.79,outdoor
383,ord_00002217,2026-01-03 06:40:01.342297827,55.69,beauty
383,ord_00002218,2026-02-26 23:07:34.456803641,41.39,electronics_accessories
383,ord_00002219,2026-04-13 07:05:27.577428624,25.38,apparel
383,ord_00002220,2026-05-16 17:34:08.710303958,32.73,home_goods
383,ord_00002221,2026-06-20 04:39:17.500836747,91.18,apparel
383,ord_00002222,2026-07-30 04:12:59.850526442,16.43,electronics_accessories
384,ord_00002223,2025-04-11 00:00:00.000000000,46.06,home_goods
385,ord_00002224,2026-01-14 00:00:00.000000000,11.01,home_goods
386,ord_00002225,2025-04-03 00:00:00.000000000,34.91,home_goods
386,ord_00002226,2025-05-08 11:02:31.274881117,144.22,apparel
386,ord_00002227,2025-06-21 04:40:11.895735663,54.86,apparel
386,ord_00002228,2025-07-21 20:47:01.674397366,82.93,beauty
386,ord_00002229,2025-08-16 19:19:50.034878158,36.5,beauty
386,ord_00002230,2025-09-17 18:11:28.092068857,26.02,apparel
386,ord_00002231,2025-10-24 07:01:18.844543108,44.59,outdoor
386,ord_00002232,2025-12-02 01:16:50.284500641,40.39,apparel
386,ord_00002233,2025-12-30 14:19:24.830596003,33.96,outdoor
386,ord_00002234,2026-02-15 23:54:39.240861316,64.46,apparel
386,ord_00002235,2026-03-18 00:18:52.913569299,46.54,outdoor
386,ord_00002236,2026-04-14 21:00:05.198752987,34.02,apparel
386,ord_00002237,2026-05-15 14:41:02.062708231,23.11,apparel
386,ord_00002238,2026-07-04 13:00:44.755252984,63.54,beauty
387,ord_00002239,2024-09-04 00:00:00.000000000,53.8,outdoor
387,ord_00002240,2024-09-28 13:43:53.452091100,65.02,electronics_accessories
387,ord_00002241,2024-10-18 09:19:53.028881196,42.07,outdoor
387,ord_00002242,2024-11-03 14:33:03.379665476,110.96,beauty
387,ord_00002243,2024-12-02 02:42:35.345029290,104.04,outdoor
387,ord_00002244,2024-12-31 06:40:02.097003133,68.34,home_goods
387,ord_00002245,2025-01-30 14:39:06.511726299,42.68,electronics_accessories
387,ord_00002246,2025-02-18 14:55:54.443063444,46.32,outdoor
387,ord_00002247,2025-03-23 03:01:48.184870356,30.42,outdoor
387,ord_00002248,2025-04-11 19:17:35.809738725,104.94,apparel
387,ord_00002249,2025-05-09 13:32:27.691668989,84.71,apparel
387,ord_00002250,2025-05-29 03:21:18.978167618,39.72,home_goods
387,ord_00002251,2025-06-19 11:24:08.413276746,65.43,apparel
387,ord_00002252,2025-06-30 12:16:38.242174698,36.62,apparel
387,ord_00002253,2025-07-21 08:29:30.844854846,17.76,electronics_accessories
387,ord_00002254,2025-08-13 19:17:58.924823589,61.55,home_goods
387,ord_00002255,2025-09-02 23:32:50.220325376,44.11,beauty
387,ord_00002256,2025-10-11 15:01:26.146406510,75.73,beauty
387,ord_00002257,2025-10-27 17:25:23.734946680,25.81,home_goods
387,ord_00002258,2025-11-15 23:52:21.038334803,27.53,outdoor
387,ord_00002259,2025-12-03 09:18:57.947280971,54.22,apparel
387,ord_00002260,2025-12-22 15:44:17.491193054,17.89,apparel
387,ord_00002261,2026-01-22 17:58:08.848082708,57.73,home_goods
387,ord_00002262,2026-02-27 07:11:31.000267817,42.88,outdoor
387,ord_00002263,2026-03-17 18:59:30.042609344,55.25,home_goods
387,ord_00002264,2026-04-05 03:50:36.787657746,37.68,beauty
387,ord_00002265,2026-04-21 06:51:43.532955038,52.81,beauty
387,ord_00002266,2026-05-25 01:14:12.677672584,30.68,beauty
387,ord_00002267,2026-06-25 23:47:47.417379403,62.78,outdoor
387,ord_00002268,2026-07-18 02:17:41.108017252,100.35,electronics_accessories
387,ord_00002269,2026-08-02 02:32:19.321054010,65.17,home_goods
388,ord_00002270,2025-03-29 00:00:00.000000000,56.48,outdoor
388,ord_00002271,2025-05-09 15:38:27.539238008,44.93,home_goods
388,ord_00002272,2025-07-09 23:17:10.341386131,43.93,beauty
388,ord_00002273,2025-08-15 00:43:10.625692181,28.28,electronics_accessories
388,ord_00002274,2025-09-23 11:19:10.885786431,44.26,outdoor
388,ord_00002275,2025-11-20 17:37:10.015116553,66.58,beauty
388,ord_00002276,2025-12-31 23:40:18.548924093,41.37,home_goods
388,ord_00002277,2026-01-31 09:25:54.159045043,39.34,home_goods
388,ord_00002278,2026-05-02 13:40:58.447031586,45.59,outdoor
388,ord_00002279,2026-06-02 06:05:42.721320209,40.31,outdoor
388,ord_00002280,2026-07-13 20:17:58.164306512,27.16,outdoor
389,ord_00002281,2026-04-17 00:00:00.000000000,31.52,beauty
390,ord_00002282,2025-02-18 00:00:00.000000000,29.05,apparel
390,ord_00002283,2025-03-15 17:08:30.252573666,49.2,beauty
390,ord_00002284,2025-04-13 18:36:36.486163879,44.92,apparel
390,ord_00002285,2025-05-04 13:35:35.040021661,87.89,apparel
390,ord_00002286,2025-05-18 22:31:52.799190763,139.03,electronics_accessories
390,ord_00002287,2025-06-02 08:46:54.729153800,142.75,beauty
390,ord_00002288,2025-06-30 11:31:44.359289379,65.12,home_goods
390,ord_00002289,2025-07-15 08:42:20.402761111,89.64,outdoor
390,ord_00002290,2025-08-08 19:06:51.216107241,25.64,electronics_accessories
390,ord_00002291,2025-08-31 06:39:08.557193973,92.59,apparel
390,ord_00002292,2025-09-24 14:26:47.646230237,44.11,electronics_accessories
390,ord_00002293,2025-10-19 15:01:10.459840730,49.68,beauty
390,ord_00002294,2025-11-05 01:00:08.929298085,44.91,outdoor
390,ord_00002295,2025-11-21 06:04:08.370709314,33.9,outdoor
390,ord_00002296,2025-12-18 04:07:31.636759018,81.25,apparel
390,ord_00002297,2026-01-05 03:46:16.572291693,65.91,apparel
390,ord_00002298,2026-01-14 16:13:55.101781873,23.37,electronics_accessories
390,ord_00002299,2026-02-10 01:35:22.829465227,66.38,electronics_accessories
390,ord_00002300,2026-02-25 23:37:53.791265088,92.07,outdoor
390,ord_00002301,2026-03-22 23:24:12.869938369,142.47,home_goods
390,ord_00002302,2026-04-24 23:09:40.326473184,40.68,outdoor
390,ord_00002303,2026-05-16 19:07:58.117096771,34.09,outdoor
390,ord_00002304,2026-06-15 01:58:45.504177909,49.73,home_goods
390,ord_00002305,2026-07-07 19:56:26.132061795,43.95,beauty
391,ord_00002306,2026-01-03 00:00:00.000000000,49.23,home_goods
391,ord_00002307,2026-01-16 19:54:41.993026199,40.22,outdoor
391,ord_00002308,2026-01-30 17:30:36.050481219,64.02,outdoor
391,ord_00002309,2026-02-16 16:37:46.650995474,72.21,home_goods
391,ord_00002310,2026-03-01 18:23:22.511405035,36.97,apparel
391,ord_00002311,2026-03-20 09:25:23.628194500,50.93,electronics_accessories
391,ord_00002312,2026-04-07 09:02:55.321177242,105.69,electronics_accessories
391,ord_00002313,2026-04-22 07:18:20.732040350,23.62,outdoor
391,ord_00002314,2026-05-16 20:50:29.043874189,36.3,beauty
391,ord_00002315,2026-06-04 10:24:42.301069561,24.75,beauty
391,ord_00002316,2026-06-30 10:19:03.444788322,67.41,beauty
391,ord_00002317,2026-07-18 06:07:56.657981702,38.87,apparel
391,ord_00002318,2026-08-06 00:26:49.846266218,40.71,home_goods
392,ord_00002319,2024-12-12 00:00:00.000000000,112.75,home_goods
393,ord_00002320,2024-10-21 00:00:00.000000000,58.7,apparel
393,ord_00002321,2024-11-11 00:30:37.844463235,72.55,outdoor
393,ord_00002322,2024-11-26 12:56:22.765836074,47.23,apparel
393,ord_00002323,2024-12-27 01:23:50.502605978,71.72,electronics_accessories
393,ord_00002324,2025-01-10 04:42:23.639449828,54.61,electronics_accessories
393,ord_00002325,2025-01-31 12:49:53.657071377,23.98,beauty
393,ord_00002326,2025-02-23 10:33:52.427124369,66.66,home_goods
393,ord_00002327,2025-03-09 14:22:11.427990292,40.17,home_goods
393,ord_00002328,2025-03-22 20:19:15.003115534,93.59,beauty
393,ord_00002329,2025-04-12 12:37:20.127649591,112.39,beauty
393,ord_00002330,2025-05-02 04:44:45.514532999,48.86,outdoor
393,ord_00002331,2025-05-13 00:58:56.566337174,40.55,home_goods
393,ord_00002332,2025-05-24 20:12:27.755047124,21.47,electronics_accessories
393,ord_00002333,2025-06-01 13:51:15.263481892,58.4,electronics_accessories
393,ord_00002334,2025-06-21 08:53:23.079911977,69.28,electronics_accessories
393,ord_00002335,2025-07-06 16:12:24.409648033,16.51,outdoor
393,ord_00002336,2025-07-22 10:40:24.904414839,22.85,home_goods
393,ord_00002337,2025-08-01 09:52:59.556676367,28.61,outdoor
393,ord_00002338,2025-08-13 07:41:51.537084562,100.84,home_goods
393,ord_00002339,2025-08-27 15:57:13.448249650,45.1,home_goods
393,ord_00002340,2025-09-10 04:42:37.012753224,67.53,apparel
393,ord_00002341,2025-09-27 08:20:24.162979318,109.52,home_goods
393,ord_00002342,2025-10-17 01:40:48.134270701,51.31,electronics_accessories
393,ord_00002343,2025-11-18 18:39:33.372019799,43.22,beauty
393,ord_00002344,2025-12-05 05:36:46.464025542,68.67,outdoor
393,ord_00002345,2025-12-28 08:50:58.146504127,46.26,home_goods
393,ord_00002346,2026-01-10 06:36:16.142015802,117.31,beauty
393,ord_00002347,2026-01-20 07:00:03.501789448,72.39,beauty
393,ord_00002348,2026-02-04 04:28:56.110250496,63.09,apparel
393,ord_00002349,2026-02-14 10:30:47.207062423,54.98,apparel
393,ord_00002350,2026-03-03 01:35:54.665126657,49.58,home_goods
393,ord_00002351,2026-03-16 03:59:22.061349520,59.09,electronics_accessories
393,ord_00002352,2026-03-25 09:03:44.154428140,53.15,outdoor
393,ord_00002353,2026-04-22 05:55:35.238958592,47.74,home_goods
393,ord_00002354,2026-05-06 08:04:53.978281385,47.23,home_goods
393,ord_00002355,2026-05-16 11:11:06.947629620,52.98,apparel
393,ord_00002356,2026-06-07 03:23:28.812953570,35.8,outdoor
393,ord_00002357,2026-06-20 10:42:35.580157164,57.88,home_goods
393,ord_00002358,2026-07-13 09:45:31.121552378,24.42,electronics_accessories
393,ord_00002359,2026-07-26 16:37:10.629660304,38.36,outdoor
394,ord_00002360,2026-07-26 00:00:00.000000000,55.94,outdoor
395,ord_00002361,2024-11-25 00:00:00.000000000,91.67,electronics_accessories
396,ord_00002362,2025-07-07 00:00:00.000000000,39.43,electronics_accessories
397,ord_00002363,2025-04-03 00:00:00.000000000,11.61,apparel
397,ord_00002364,2025-04-15 07:41:33.479682581,30.31,apparel
397,ord_00002365,2025-04-24 17:53:14.114589332,81.57,outdoor
397,ord_00002366,2025-05-06 01:18:36.322155798,59.57,beauty
397,ord_00002367,2025-05-13 06:25:45.864104678,55.01,apparel
397,ord_00002368,2025-05-26 18:31:48.415723941,65.22,electronics_accessories
397,ord_00002369,2025-06-02 23:04:08.011043189,52.35,home_goods
397,ord_00002370,2025-06-15 11:09:27.218119623,36.01,beauty
397,ord_00002371,2025-06-23 17:49:36.197335087,105.72,outdoor
397,ord_00002372,2025-07-03 00:16:34.550261331,98.49,electronics_accessories
397,ord_00002373,2025-07-19 22:08:16.349759385,30.66,beauty
397,ord_00002374,2025-08-03 04:32:01.990281197,93.55,apparel
397,ord_00002375,2025-08-20 01:43:22.284438826,58.22,apparel
397,ord_00002376,2025-09-08 04:01:00.439004083,35.99,outdoor
397,ord_00002377,2025-09-17 15:39:04.414815840,28.71,beauty
397,ord_00002378,2025-10-06 09:40:03.589676354,67.83,outdoor
397,ord_00002379,2025-10-14 02:35:27.316351747,111.67,apparel
397,ord_00002380,2025-10-29 01:37:36.980212892,70.4,outdoor
397,ord_00002381,2025-11-08 09:10:18.011531933,54.53,electronics_accessories
397,ord_00002382,2025-11-17 10:18:10.948374372,144.0,beauty
397,ord_00002383,2025-12-01 19:26:14.371968493,47.96,beauty
397,ord_00002384,2025-12-17 16:32:36.681217725,100.16,outdoor
397,ord_00002385,2026-01-02 10:16:15.804791158,170.73,electronics_accessories
397,ord_00002386,2026-01-15 04:24:48.692261467,34.25,beauty
397,ord_00002387,2026-01-27 15:02:09.227358089,91.11,home_goods
397,ord_00002388,2026-02-10 15:13:04.314544390,27.17,electronics_accessories
397,ord_00002389,2026-02-23 17:38:07.442594552,47.81,home_goods
397,ord_00002390,2026-03-09 19:16:54.687892799,82.93,beauty
397,ord_00002391,2026-03-22 12:25:42.593472700,62.09,apparel
397,ord_00002392,2026-04-06 22:01:51.133887130,40.4,apparel
397,ord_00002393,2026-04-14 06:11:50.976890526,369.78,home_goods
397,ord_00002394,2026-04-25 18:08:41.915595599,69.8,beauty
397,ord_00002395,2026-05-03 15:39:15.779739251,25.82,apparel
397,ord_00002396,2026-05-16 15:31:46.621613828,35.92,outdoor
397,ord_00002397,2026-06-05 05:15:57.623579186,37.81,beauty
397,ord_00002398,2026-06-15 14:14:40.787471475,49.01,apparel
397,ord_00002399,2026-06-28 00:26:44.885980257,92.17,home_goods
397,ord_00002400,2026-07-13 00:36:08.242318617,45.63,outdoor
397,ord_00002401,2026-07-19 10:57:37.682286751,96.42,home_goods
397,ord_00002402,2026-07-29 16:22:39.467060789,48.21,outdoor
398,ord_00002403,2024-11-03 00:00:00.000000000,70.54,electronics_accessories
399,ord_00002404,2025-12-08 00:00:00.000000000,14.69,apparel
400,ord_00002405,2026-07-17 00:00:00.000000000,46.75,home_goods
401,ord_00002406,2025-03-26 00:00:00.000000000,38.17,apparel
402,ord_00002407,2025-03-21 00:00:00.000000000,23.07,outdoor
402,ord_00002408,2025-05-09 04:41:42.599464279,95.61,beauty
402,ord_00002409,2025-07-14 19:26:10.497836269,75.95,beauty
402,ord_00002410,2025-08-24 08:56:20.516981500,32.84,electronics_accessories
402,ord_00002411,2025-10-01 02:35:28.851876186,44.48,outdoor
402,ord_00002412,2025-12-11 02:56:10.703040669,30.54,apparel
402,ord_00002413,2026-02-10 04:40:12.751510178,68.19,home_goods
402,ord_00002414,2026-04-25 20:40:41.824502653,29.23,beauty
402,ord_00002415,2026-06-13 02:49:34.721857681,69.27,apparel
402,ord_00002416,2026-07-27 17:15:53.833699945,105.1,electronics_accessories
403,ord_00002417,2025-07-23 00:00:00.000000000,61.68,apparel
403,ord_00002418,2025-10-10 16:48:16.001364652,67.84,beauty
403,ord_00002419,2026-01-11 09:04:05.137293746,45.22,outdoor
403,ord_00002420,2026-02-27 07:47:22.327809455,34.2,beauty
403,ord_00002421,2026-05-04 22:03:46.135711966,58.84,apparel
403,ord_00002422,2026-07-12 04:30:56.046025278,29.69,apparel
404,ord_00002423,2025-12-13 00:00:00.000000000,20.66,electronics_accessories
405,ord_00002424,2026-05-23 00:00:00.000000000,109.1,electronics_accessories
405,ord_00002425,2026-07-08 17:55:43.842606923,70.33,home_goods
406,ord_00002426,2026-05-23 00:00:00.000000000,25.0,outdoor
406,ord_00002427,2026-07-31 04:37:51.649880302,40.21,electronics_accessories
407,ord_00002428,2025-09-12 00:00:00.000000000,34.47,outdoor
408,ord_00002429,2025-05-30 00:00:00.000000000,28.94,electronics_accessories
408,ord_00002430,2025-07-08 19:31:58.314746167,54.6,electronics_accessories
408,ord_00002431,2025-08-01 13:22:45.063333985,66.71,home_goods
408,ord_00002432,2025-08-29 14:34:20.763935505,65.42,electronics_accessories
408,ord_00002433,2025-10-01 10:01:32.310603834,37.36,apparel
408,ord_00002434,2025-11-02 21:03:49.647450364,36.03,electronics_accessories
408,ord_00002435,2026-01-01 14:13:03.004919232,53.61,outdoor
408,ord_00002436,2026-02-07 11:55:07.021239436,29.47,outdoor
408,ord_00002437,2026-02-28 17:00:38.009098959,50.69,beauty
408,ord_00002438,2026-04-08 17:31:13.278201503,21.09,apparel
408,ord_00002439,2026-05-19 06:32:25.469039337,63.35,beauty
408,ord_00002440,2026-06-21 10:11:47.740764126,93.68,outdoor
408,ord_00002441,2026-07-15 08:13:45.892574917,41.43,home_goods
409,ord_00002442,2026-01-10 00:00:00.000000000,51.31,beauty
410,ord_00002443,2025-12-18 00:00:00.000000000,29.89,home_goods
410,ord_00002444,2026-03-06 09:02:23.208440055,60.59,outdoor
410,ord_00002445,2026-05-20 06:07:08.127961856,28.51,apparel
411,ord_00002446,2025-04-08 00:00:00.000000000,25.08,electronics_accessories
411,ord_00002447,2025-06-17 18:42:49.842815429,52.06,electronics_accessories
411,ord_00002448,2025-07-29 06:55:27.663289118,61.94,electronics_accessories
411,ord_00002449,2025-09-17 12:04:59.407169102,55.92,outdoor
411,ord_00002450,2025-11-02 14:37:02.188624667,51.38,beauty
411,ord_00002451,2026-02-13 15:09:43.965732295,42.6,beauty
411,ord_00002452,2026-05-03 23:32:23.753088106,39.92,electronics_accessories
411,ord_00002453,2026-06-26 06:33:56.733899441,60.67,outdoor
412,ord_00002454,2026-01-12 00:00:00.000000000,95.19,beauty
412,ord_00002455,2026-01-25 08:55:41.315395977,44.65,electronics_accessories
412,ord_00002456,2026-02-14 17:02:51.320706995,65.82,beauty
412,ord_00002457,2026-03-14 18:29:12.133920114,34.11,electronics_accessories
412,ord_00002458,2026-04-02 15:48:59.973530231,56.67,beauty
412,ord_00002459,2026-04-18 14:34:17.944310737,22.71,home_goods
412,ord_00002460,2026-05-07 21:47:22.663220700,48.28,beauty
412,ord_00002461,2026-05-20 17:42:44.822356048,52.72,apparel
412,ord_00002462,2026-06-16 11:03:52.251269098,56.24,electronics_accessories
412,ord_00002463,2026-07-05 13:03:59.934011625,96.42,home_goods
412,ord_00002464,2026-07-20 07:20:10.788859249,41.63,electronics_accessories
412,ord_00002465,2026-08-06 11:16:04.021476713,68.95,beauty
413,ord_00002466,2024-08-26 00:00:00.000000000,62.16,home_goods
414,ord_00002467,2025-01-24 00:00:00.000000000,75.22,apparel
414,ord_00002468,2025-04-08 06:34:44.480938139,72.33,beauty
414,ord_00002469,2025-05-26 12:32:13.860868426,35.68,outdoor
414,ord_00002470,2025-07-04 19:09:19.754312735,44.88,electronics_accessories
414,ord_00002471,2025-08-21 22:35:57.952057717,108.08,beauty
414,ord_00002472,2025-10-26 10:37:46.741216974,54.02,electronics_accessories
414,ord_00002473,2025-12-25 05:08:48.019178840,66.91,apparel
414,ord_00002474,2026-02-22 22:07:31.298949943,47.64,electronics_accessories
414,ord_00002475,2026-04-13 12:44:53.457107428,43.24,outdoor
414,ord_00002476,2026-05-30 19:45:19.727142406,39.65,beauty
414,ord_00002477,2026-07-19 22:45:38.157140544,86.14,electronics_accessories
415,ord_00002478,2025-12-18 00:00:00.000000000,65.58,home_goods
416,ord_00002479,2025-09-27 00:00:00.000000000,24.57,home_goods
417,ord_00002480,2026-06-29 00:00:00.000000000,24.37,home_goods
418,ord_00002481,2025-03-06 00:00:00.000000000,33.53,outdoor
418,ord_00002482,2025-04-02 01:31:47.990707497,27.27,outdoor
418,ord_00002483,2025-04-20 08:56:58.699952165,151.83,outdoor
418,ord_00002484,2025-05-18 09:04:50.976371376,111.76,apparel
418,ord_00002485,2025-06-23 00:41:55.637778211,93.48,apparel
418,ord_00002486,2025-07-14 05:17:32.500219532,88.52,home_goods
418,ord_00002487,2025-08-05 17:18:10.562300164,47.08,home_goods
418,ord_00002488,2025-09-05 15:52:43.973028609,104.75,home_goods
418,ord_00002489,2025-10-06 20:02:40.126882124,86.87,electronics_accessories
418,ord_00002490,2025-10-19 20:11:41.490473041,26.77,electronics_accessories
418,ord_00002491,2025-12-08 06:13:03.356767248,36.85,outdoor
418,ord_00002492,2026-01-08 21:26:51.705908954,79.24,beauty
418,ord_00002493,2026-02-11 04:00:40.175404476,22.16,home_goods
418,ord_00002494,2026-03-09 00:36:17.741102403,32.4,beauty
418,ord_00002495,2026-03-24 11:57:01.401816532,24.21,home_goods
418,ord_00002496,2026-04-26 13:12:50.041601761,41.81,beauty
418,ord_00002497,2026-05-19 08:04:05.582696154,75.12,outdoor
418,ord_00002498,2026-06-20 02:48:32.712074541,33.83,beauty
418,ord_00002499,2026-07-15 09:32:52.693408826,14.97,electronics_accessories
419,ord_00002500,2025-02-01 00:00:00.000000000,121.4,apparel
420,ord_00002501,2025-02-04 00:00:00.000000000,78.25,apparel
420,ord_00002502,2025-03-06 05:16:03.969684386,39.05,home_goods
420,ord_00002503,2025-04-10 14:20:56.449138736,50.09,electronics_accessories
420,ord_00002504,2025-05-30 21:11:25.497524537,18.54,outdoor
420,ord_00002505,2025-07-03 01:00:36.975862601,47.08,home_goods
420,ord_00002506,2025-08-13 14:14:18.794421587,33.36,electronics_accessories
420,ord_00002507,2025-09-21 03:18:08.575097996,44.42,apparel
420,ord_00002508,2025-10-23 18:14:03.509319805,54.18,electronics_accessories
420,ord_00002509,2025-11-25 19:14:27.798204007,108.08,home_goods
420,ord_00002510,2026-01-07 01:16:08.663204298,95.96,electronics_accessories
420,ord_00002511,2026-02-04 21:59:13.768942647,41.26,outdoor
420,ord_00002512,2026-03-21 05:22:03.927548688,44.13,beauty
420,ord_00002513,2026-04-23 19:28:27.321207345,27.67,apparel
420,ord_00002514,2026-06-03 00:15:14.101429541,40.73,electronics_accessories
420,ord_00002515,2026-07-31 14:46:48.764617836,35.31,home_goods
421,ord_00002516,2025-03-14 00:00:00.000000000,64.43,home_goods
421,ord_00002517,2025-04-06 05:13:41.874867818,52.58,apparel
421,ord_00002518,2025-04-22 04:20:19.244140940,116.95,apparel
421,ord_00002519,2025-05-18 06:27:56.603882821,51.4,electronics_accessories
421,ord_00002520,2025-06-03 15:32:30.363358286,54.99,apparel
421,ord_00002521,2025-06-25 22:04:36.466215117,45.31,electronics_accessories
421,ord_00002522,2025-07-15 08:46:47.257222816,57.67,electronics_accessories
421,ord_00002523,2025-08-07 09:34:44.577033153,71.85,outdoor
421,ord_00002524,2025-08-26 10:38:10.306218803,28.37,home_goods
421,ord_00002525,2025-09-06 15:07:26.061997466,47.26,home_goods
421,ord_00002526,2025-10-01 13:38:43.414254164,30.16,apparel
421,ord_00002527,2025-10-19 12:23:30.406134556,102.68,home_goods
421,ord_00002528,2025-11-11 20:48:27.646373533,56.37,home_goods
421,ord_00002529,2025-12-04 12:46:47.887564243,72.51,home_goods
421,ord_00002530,2025-12-19 03:26:47.022353987,99.27,electronics_accessories
421,ord_00002531,2026-01-02 03:32:19.202401990,25.44,apparel
421,ord_00002532,2026-01-24 13:50:48.015851575,134.95,apparel
421,ord_00002533,2026-02-10 09:37:06.187479171,38.29,apparel
421,ord_00002534,2026-03-06 19:17:11.137764312,29.52,outdoor
421,ord_00002535,2026-03-24 06:29:35.204945671,42.99,electronics_accessories
421,ord_00002536,2026-04-18 07:38:41.284839224,58.26,outdoor
421,ord_00002537,2026-05-09 05:45:10.939524013,37.22,outdoor
421,ord_00002538,2026-05-29 07:53:04.275754144,28.27,electronics_accessories
421,ord_00002539,2026-06-14 19:10:30.170113330,37.84,beauty
421,ord_00002540,2026-07-04 13:20:19.536303665,53.15,home_goods
421,ord_00002541,2026-07-30 21:50:19.439411647,43.55,electronics_accessories
422,ord_00002542,2024-10-08 00:00:00.000000000,66.88,apparel
423,ord_00002543,2025-10-24 00:00:00.000000000,27.55,outdoor
424,ord_00002544,2025-05-03 00:00:00.000000000,65.4,apparel
425,ord_00002545,2024-09-02 00:00:00.000000000,80.83,beauty
425,ord_00002546,2024-10-01 10:20:45.737442048,134.87,home_goods
425,ord_00002547,2024-11-12 16:08:59.018928048,73.89,electronics_accessories
425,ord_00002548,2024-12-11 07:07:37.497915011,50.28,electronics_accessories
425,ord_00002549,2024-12-27 18:53:21.442359300,33.89,apparel
425,ord_00002550,2025-01-25 09:27:57.760209825,23.95,beauty
425,ord_00002551,2025-03-16 02:07:49.343449898,50.65,beauty
425,ord_00002552,2025-04-03 09:08:54.562721939,42.69,apparel
425,ord_00002553,2025-04-30 12:54:28.043409488,48.49,beauty
425,ord_00002554,2025-05-25 16:28:29.765740113,42.13,home_goods
425,ord_00002555,2025-06-22 09:17:57.284737382,41.05,apparel
425,ord_00002556,2025-07-20 22:02:07.395399944,42.08,outdoor
425,ord_00002557,2025-08-27 19:24:11.104641863,78.52,apparel
425,ord_00002558,2025-09-24 10:01:02.199088873,19.08,outdoor
425,ord_00002559,2025-11-02 21:37:13.520081557,49.48,beauty
425,ord_00002560,2025-11-28 21:11:25.964181108,51.83,electronics_accessories
425,ord_00002561,2025-12-23 02:45:07.707973283,37.73,outdoor
425,ord_00002562,2026-01-14 03:13:52.030727147,31.22,apparel
425,ord_00002563,2026-01-29 17:44:45.976035786,39.62,apparel
425,ord_00002564,2026-02-27 23:26:11.583274110,107.29,apparel
425,ord_00002565,2026-04-18 19:41:59.245750507,48.11,electronics_accessories
425,ord_00002566,2026-05-19 16:52:07.372124259,170.33,outdoor
425,ord_00002567,2026-06-21 18:37:46.176588404,65.24,beauty
425,ord_00002568,2026-07-15 13:19:15.048142805,68.25,beauty
426,ord_00002569,2025-04-09 00:00:00.000000000,79.35,electronics_accessories
426,ord_00002570,2025-05-25 03:32:31.213823704,33.6,beauty
426,ord_00002571,2025-07-09 00:26:49.257497053,38.79,home_goods
426,ord_00002572,2025-08-14 15:35:25.480449292,51.84,outdoor
426,ord_00002573,2025-10-01 15:45:35.118824746,122.94,home_goods
426,ord_00002574,2025-12-20 16:15:28.848260683,55.87,home_goods
426,ord_00002575,2026-02-21 06:51:20.963305815,42.4,home_goods
426,ord_00002576,2026-04-09 23:34:58.726442063,97.41,apparel
426,ord_00002577,2026-06-05 06:26:27.059188552,29.44,outdoor
426,ord_00002578,2026-07-08 19:33:45.094725972,78.06,home_goods
427,ord_00002579,2026-04-11 00:00:00.000000000,38.6,home_goods
428,ord_00002580,2024-10-26 00:00:00.000000000,29.79,beauty
428,ord_00002581,2024-12-27 00:04:00.582401395,19.46,electronics_accessories
428,ord_00002582,2025-03-12 15:03:27.682963650,20.06,apparel
428,ord_00002583,2025-05-01 00:09:31.421191642,50.19,electronics_accessories
428,ord_00002584,2025-06-24 05:55:49.626766260,114.06,beauty
428,ord_00002585,2025-09-05 21:31:32.761077614,20.03,apparel
428,ord_00002586,2025-11-16 12:36:40.852464047,30.13,beauty
428,ord_00002587,2026-01-08 14:47:50.926401823,27.21,outdoor
428,ord_00002588,2026-03-06 20:35:39.422654709,91.3,outdoor
428,ord_00002589,2026-04-27 09:48:07.933970887,66.67,electronics_accessories
428,ord_00002590,2026-07-17 17:52:06.464210873,70.28,beauty
429,ord_00002591,2025-05-09 00:00:00.000000000,33.9,electronics_accessories
430,ord_00002592,2025-10-09 00:00:00.000000000,74.67,beauty
430,ord_00002593,2025-11-14 02:16:15.798524761,37.41,outdoor
430,ord_00002594,2025-12-20 20:38:06.986370643,88.32,outdoor
430,ord_00002595,2026-01-26 06:14:31.458559547,28.46,home_goods
430,ord_00002596,2026-03-05 21:04:13.640257309,25.29,electronics_accessories
430,ord_00002597,2026-04-19 23:37:56.070226399,41.57,home_goods
430,ord_00002598,2026-05-30 02:25:55.541001437,147.52,home_goods
430,ord_00002599,2026-07-04 07:46:24.979602719,38.41,home_goods
431,ord_00002600,2026-02-25 00:00:00.000000000,95.06,electronics_accessories
431,ord_00002601,2026-03-27 03:38:01.589947445,74.3,apparel
431,ord_00002602,2026-04-22 16:49:35.151930283,28.48,beauty
431,ord_00002603,2026-05-20 20:31:09.256528429,37.11,electronics_accessories
431,ord_00002604,2026-05-31 00:26:22.396140176,27.32,outdoor
431,ord_00002605,2026-06-29 19:46:32.446294991,99.51,home_goods
431,ord_00002606,2026-07-29 06:42:58.421621040,54.08,home_goods
432,ord_00002607,2026-01-23 00:00:00.000000000,117.43,beauty
432,ord_00002608,2026-02-23 23:31:25.803427907,19.73,beauty
432,ord_00002609,2026-03-15 04:25:01.066270148,63.41,apparel
432,ord_00002610,2026-04-09 04:06:24.955031403,46.27,apparel
432,ord_00002611,2026-05-04 02:14:36.488284915,65.24,home_goods
432,ord_00002612,2026-06-01 13:46:02.773373797,43.19,electronics_accessories
432,ord_00002613,2026-06-26 18:02:47.991803921,46.99,apparel
432,ord_00002614,2026-07-15 11:03:46.107228790,50.15,outdoor
433,ord_00002615,2025-03-30 00:00:00.000000000,48.76,home_goods
433,ord_00002616,2025-04-17 14:52:57.034809009,154.5,apparel
433,ord_00002617,2025-04-30 08:18:20.538987324,25.66,home_goods
433,ord_00002618,2025-05-11 12:31:59.726871230,37.3,electronics_accessories
433,ord_00002619,2025-06-02 03:09:41.788595472,66.42,home_goods
433,ord_00002620,2025-06-24 01:27:51.016020528,30.76,apparel
433,ord_00002621,2025-07-10 01:15:01.549890236,45.58,apparel
433,ord_00002622,2025-07-29 13:19:24.791965219,39.49,beauty
433,ord_00002623,2025-08-17 10:48:32.493060644,68.08,home_goods
433,ord_00002624,2025-09-07 20:18:37.166485202,88.52,outdoor
433,ord_00002625,2025-09-29 06:10:14.753754584,90.13,electronics_accessories
433,ord_00002626,2025-10-07 10:18:11.551933302,24.98,beauty
433,ord_00002627,2025-10-24 01:04:12.418451661,26.93,home_goods
433,ord_00002628,2025-11-13 21:42:55.736002969,49.63,home_goods
433,ord_00002629,2025-11-29 16:39:35.946898780,36.56,beauty
433,ord_00002630,2025-12-17 17:56:29.192787371,38.93,outdoor
433,ord_00002631,2026-01-09 02:48:04.000861236,65.79,home_goods
433,ord_00002632,2026-01-27 09:56:05.936018328,38.91,apparel
433,ord_00002633,2026-02-24 11:42:51.313210187,25.21,outdoor
433,ord_00002634,2026-03-21 12:43:51.208572140,37.12,beauty
433,ord_00002635,2026-04-07 18:21:17.827732729,51.7,beauty
433,ord_00002636,2026-04-24 14:13:58.683401856,34.13,beauty
433,ord_00002637,2026-05-02 04:29:31.580564939,36.87,electronics_accessories
433,ord_00002638,2026-05-18 09:06:07.318367822,100.48,beauty
433,ord_00002639,2026-05-30 06:41:19.863077420,50.81,outdoor
433,ord_00002640,2026-06-18 08:42:03.425195006,23.35,outdoor
433,ord_00002641,2026-07-07 01:24:57.445657726,59.96,beauty
433,ord_00002642,2026-07-29 01:30:53.279761453,42.02,electronics_accessories
434,ord_00002643,2026-07-10 00:00:00.000000000,35.47,outdoor
435,ord_00002644,2024-08-21 00:00:00.000000000,27.3,home_goods
436,ord_00002645,2026-06-20 00:00:00.000000000,48.84,home_goods
437,ord_00002646,2024-09-27 00:00:00.000000000,45.92,outdoor
438,ord_00002647,2026-03-04 00:00:00.000000000,32.0,outdoor
439,ord_00002648,2024-09-15 00:00:00.000000000,59.37,electronics_accessories
439,ord_00002649,2024-11-29 16:52:46.177954504,16.53,apparel
439,ord_00002650,2025-03-15 07:51:10.244658632,19.85,outdoor
439,ord_00002651,2025-06-25 04:11:42.278474476,132.32,home_goods
439,ord_00002652,2025-09-22 20:31:25.168779517,34.84,beauty
439,ord_00002653,2025-11-18 10:41:56.961185612,38.86,home_goods
439,ord_00002654,2026-01-17 23:42:56.506280607,50.79,electronics_accessories
439,ord_00002655,2026-03-29 18:21:11.071745211,41.56,home_goods
439,ord_00002656,2026-05-15 20:34:52.579948553,34.99,electronics_accessories
440,ord_00002657,2026-05-02 00:00:00.000000000,56.65,apparel
440,ord_00002658,2026-06-23 04:18:58.205074524,52.76,apparel
440,ord_00002659,2026-07-23 19:16:28.328734055,38.37,home_goods
441,ord_00002660,2025-11-07 00:00:00.000000000,53.47,beauty
441,ord_00002661,2025-12-14 10:10:25.407000496,42.02,home_goods
441,ord_00002662,2026-01-09 19:52:41.105055267,61.1,apparel
441,ord_00002663,2026-01-27 17:46:33.205478119,114.8,outdoor
441,ord_00002664,2026-02-13 16:43:07.185905746,24.99,beauty
441,ord_00002665,2026-03-02 09:55:42.118320108,22.58,beauty
441,ord_00002666,2026-04-05 04:37:21.230041868,105.63,apparel
441,ord_00002667,2026-04-25 01:23:57.602411966,58.87,electronics_accessories
441,ord_00002668,2026-05-25 18:21:11.857188083,53.68,beauty
441,ord_00002669,2026-06-24 00:01:46.174023818,90.53,beauty
441,ord_00002670,2026-07-21 12:35:20.150267000,88.15,outdoor
442,ord_00002671,2025-12-29 00:00:00.000000000,41.49,beauty
443,ord_00002672,2025-07-01 00:00:00.000000000,63.01,electronics_accessories
443,ord_00002673,2025-08-26 09:33:08.200837124,126.69,home_goods
443,ord_00002674,2025-10-19 03:25:55.402504625,61.01,electronics_accessories
443,ord_00002675,2026-01-11 01:01:08.360874734,119.04,electronics_accessories
443,ord_00002676,2026-04-19 10:11:31.141276359,39.47,home_goods
443,ord_00002677,2026-06-06 02:50:56.058736414,26.4,beauty
443,ord_00002678,2026-07-31 07:11:03.227877909,45.32,beauty
444,ord_00002679,2024-10-04 00:00:00.000000000,71.8,electronics_accessories
445,ord_00002680,2026-06-08 00:00:00.000000000,43.01,apparel
446,ord_00002681,2026-05-17 00:00:00.000000000,70.09,outdoor
446,ord_00002682,2026-06-27 02:31:51.970061724,69.58,home_goods
447,ord_00002683,2026-06-01 00:00:00.000000000,27.7,apparel
447,ord_00002684,2026-06-25 01:22:04.725105580,21.65,electronics_accessories
448,ord_00002685,2025-02-17 00:00:00.000000000,79.14,beauty
448,ord_00002686,2025-03-07 04:21:09.111213846,27.36,beauty
448,ord_00002687,2025-04-09 14:43:40.620337084,106.06,apparel
448,ord_00002688,2025-04-25 07:46:46.754285862,40.82,home_goods
448,ord_00002689,2025-05-16 05:57:36.796072470,27.86,apparel
448,ord_00002690,2025-06-09 06:37:41.285189624,48.8,beauty
448,ord_00002691,2025-07-15 14:22:28.965585652,99.35,electronics_accessories
448,ord_00002692,2025-08-26 17:08:58.638516901,38.07,beauty
448,ord_00002693,2025-10-05 11:09:09.096574249,38.23,beauty
448,ord_00002694,2025-11-01 17:38:18.014351081,102.64,electronics_accessories
448,ord_00002695,2025-11-15 12:28:47.605118040,19.33,outdoor
448,ord_00002696,2025-12-17 15:01:01.566085891,46.5,home_goods
448,ord_00002697,2026-01-31 00:18:32.555678052,29.47,electronics_accessories
448,ord_00002698,2026-03-13 08:33:11.383962489,25.16,home_goods
448,ord_00002699,2026-04-15 03:56:15.731310000,39.13,beauty
448,ord_00002700,2026-05-05 03:33:05.439481717,38.48,electronics_accessories
448,ord_00002701,2026-05-29 12:55:08.620975144,47.67,outdoor
448,ord_00002702,2026-07-19 13:02:15.616917685,108.48,home_goods
448,ord_00002703,2026-08-07 05:02:47.791826454,63.22,outdoor
449,ord_00002704,2025-07-10 00:00:00.000000000,45.6,apparel
450,ord_00002705,2025-09-18 00:00:00.000000000,70.5,outdoor
450,ord_00002706,2025-12-15 09:05:23.164648447,93.19,beauty
450,ord_00002707,2026-03-25 00:26:42.564174201,77.09,home_goods
450,ord_00002708,2026-08-02 11:28:31.908991991,46.75,outdoor
451,ord_00002709,2025-12-18 00:00:00.000000000,141.88,outdoor
452,ord_00002710,2026-01-28 00:00:00.000000000,65.7,electronics_accessories
452,ord_00002711,2026-02-15 10:09:56.036847348,64.64,home_goods
452,ord_00002712,2026-03-12 17:50:29.532467486,28.58,beauty
452,ord_00002713,2026-03-29 04:53:27.964698600,65.53,apparel
452,ord_00002714,2026-04-19 04:34:08.615882883,77.25,electronics_accessories
452,ord_00002715,2026-04-27 17:39:00.320522854,57.74,electronics_accessories
452,ord_00002716,2026-05-11 02:55:13.018269566,69.77,beauty
452,ord_00002717,2026-05-19 23:38:13.450261572,49.37,beauty
452,ord_00002718,2026-06-08 15:18:07.930213530,42.64,home_goods
452,ord_00002719,2026-06-18 09:55:27.870610424,34.98,apparel
452,ord_00002720,2026-06-29 00:17:49.421039730,24.31,outdoor
452,ord_00002721,2026-07-17 03:44:07.982137988,30.06,electronics_accessories
452,ord_00002722,2026-08-07 12:56:59.077649801,110.71,apparel
453,ord_00002723,2025-07-11 00:00:00.000000000,81.62,home_goods
453,ord_00002724,2025-07-31 12:14:01.091955728,41.78,home_goods
453,ord_00002725,2025-08-21 00:10:58.131136755,59.13,apparel
453,ord_00002726,2025-08-30 14:56:08.080664566,28.08,beauty
453,ord_00002727,2025-09-06 00:57:36.384105221,25.4,electronics_accessories
453,ord_00002728,2025-09-19 10:06:06.969955850,47.69,apparel
453,ord_00002729,2025-10-08 13:39:54.817609398,28.25,outdoor
453,ord_00002730,2025-10-30 14:37:59.619141280,112.49,home_goods
453,ord_00002731,2025-11-10 03:21:28.916814735,54.8,beauty
453,ord_00002732,2025-12-03 06:27:18.529571051,18.07,apparel
453,ord_00002733,2025-12-10 06:39:28.146586150,62.22,home_goods
453,ord_00002734,2025-12-22 12:31:36.625341425,54.44,beauty
453,ord_00002735,2026-01-03 14:05:37.245632106,54.79,electronics_accessories
453,ord_00002736,2026-01-22 21:47:58.386834872,59.34,home_goods
453,ord_00002737,2026-02-12 02:15:43.490130639,35.6,home_goods
453,ord_00002738,2026-03-02 07:12:39.829648264,16.1,electronics_accessories
453,ord_00002739,2026-03-11 10:03:38.072831886,28.54,apparel
453,ord_00002740,2026-03-29 03:09:54.329281405,71.4,home_goods
453,ord_00002741,2026-04-14 01:29:11.813652819,39.48,home_goods
453,ord_00002742,2026-04-22 08:15:45.750144406,100.78,outdoor
453,ord_00002743,2026-04-29 16:47:04.750134384,77.34,beauty
453,ord_00002744,2026-05-18 08:51:11.370932088,21.74,home_goods
453,ord_00002745,2026-05-31 07:46:05.365537328,101.35,beauty
453,ord_00002746,2026-06-09 14:57:06.301078406,51.97,beauty
453,ord_00002747,2026-06-22 11:15:33.421210867,28.25,apparel
453,ord_00002748,2026-07-07 17:18:22.531966528,51.96,beauty
453,ord_00002749,2026-07-21 01:25:32.324946695,89.43,beauty
453,ord_00002750,2026-07-29 15:26:29.677815626,193.24,apparel
454,ord_00002751,2026-03-03 00:00:00.000000000,35.96,apparel
455,ord_00002752,2026-07-22 00:00:00.000000000,21.28,apparel
456,ord_00002753,2025-04-08 00:00:00.000000000,29.53,home_goods
457,ord_00002754,2024-09-12 00:00:00.000000000,64.24,beauty
457,ord_00002755,2024-12-05 14:17:41.804329614,60.2,outdoor
457,ord_00002756,2025-01-25 16:07:29.337352228,69.7,electronics_accessories
457,ord_00002757,2025-03-14 16:48:35.634466322,50.3,apparel
457,ord_00002758,2025-05-09 02:32:45.322435280,164.62,apparel
457,ord_00002759,2025-06-23 00:38:55.252623338,89.0,electronics_accessories
457,ord_00002760,2025-08-07 16:17:57.542968738,72.4,home_goods
457,ord_00002761,2025-10-08 00:56:29.298802627,24.08,beauty
457,ord_00002762,2025-12-04 08:48:18.183381547,98.02,apparel
457,ord_00002763,2026-03-17 03:44:17.422052654,37.26,home_goods
457,ord_00002764,2026-05-18 00:20:35.622462350,65.41,home_goods
457,ord_00002765,2026-08-02 14:38:12.916785156,27.75,outdoor
458,ord_00002766,2025-04-26 00:00:00.000000000,51.87,electronics_accessories
459,ord_00002767,2025-02-21 00:00:00.000000000,39.19,home_goods
459,ord_00002768,2025-08-11 06:18:00.804328480,133.28,home_goods
459,ord_00002769,2025-10-19 13:07:07.084179479,46.54,apparel
459,ord_00002770,2025-12-07 13:09:56.461972452,68.01,apparel
459,ord_00002771,2026-01-17 22:57:01.325801780,93.58,beauty
459,ord_00002772,2026-03-14 08:54:02.601704326,61.21,beauty
459,ord_00002773,2026-04-29 10:46:56.271609937,35.43,outdoor
459,ord_00002774,2026-07-08 17:50:04.070828137,78.18,outdoor
460,ord_00002775,2026-06-14 00:00:00.000000000,74.56,apparel
460,ord_00002776,2026-08-07 23:49:32.881695404,63.18,electronics_accessories
461,ord_00002777,2025-10-23 00:00:00.000000000,36.79,outdoor
461,ord_00002778,2025-11-14 18:18:06.699275620,21.07,apparel
461,ord_00002779,2025-12-03 12:38:05.772522776,27.02,home_goods
461,ord_00002780,2025-12-25 16:10:03.159609126,54.15,beauty
461,ord_00002781,2026-01-17 00:20:28.393699808,20.22,electronics_accessories
461,ord_00002782,2026-02-07 02:45:58.506329420,37.54,electronics_accessories
461,ord_00002783,2026-02-27 20:55:41.532643540,43.29,home_goods
461,ord_00002784,2026-03-23 17:57:07.201756447,84.6,beauty
461,ord_00002785,2026-04-16 12:53:58.460018667,48.24,electronics_accessories
461,ord_00002786,2026-05-31 23:28:59.447466386,102.27,beauty
461,ord_00002787,2026-06-23 23:43:04.371064666,33.78,apparel
461,ord_00002788,2026-07-22 16:52:41.070727372,53.49,outdoor
462,ord_00002789,2025-04-10 00:00:00.000000000,60.96,apparel
463,ord_00002790,2024-10-16 00:00:00.000000000,45.15,home_goods
463,ord_00002791,2024-11-01 23:36:24.261407602,61.03,beauty
463,ord_00002792,2024-11-17 12:56:43.557393185,62.52,apparel
463,ord_00002793,2024-12-06 12:20:19.089869672,52.22,beauty
463,ord_00002794,2024-12-27 04:37:46.112994619,114.39,apparel
463,ord_00002795,2025-01-14 18:55:48.554589393,93.76,beauty
463,ord_00002796,2025-01-29 12:02:50.462987933,34.23,outdoor
463,ord_00002797,2025-02-19 19:45:24.543438770,91.53,home_goods
463,ord_00002798,2025-03-04 05:22:59.763929579,42.67,apparel
463,ord_00002799,2025-03-15 01:37:21.075014708,62.46,home_goods
463,ord_00002800,2025-03-21 05:54:46.243436963,31.86,home_goods
463,ord_00002801,2025-04-06 00:36:07.238891642,87.04,electronics_accessories
463,ord_00002802,2025-04-18 14:51:50.316215259,78.38,apparel
463,ord_00002803,2025-05-06 18:37:14.895538824,46.08,electronics_accessories
463,ord_00002804,2025-05-15 16:42:33.735155779,54.69,home_goods
463,ord_00002805,2025-05-28 23:12:13.061876771,160.6,outdoor
463,ord_00002806,2025-06-16 12:32:38.579219838,55.52,home_goods
463,ord_00002807,2025-06-28 08:29:47.779057991,89.61,beauty
463,ord_00002808,2025-07-16 13:45:34.877990027,41.16,apparel
463,ord_00002809,2025-07-30 04:59:08.675724487,21.46,home_goods
463,ord_00002810,2025-08-15 03:56:23.957480012,39.38,home_goods
463,ord_00002811,2025-09-03 10:16:56.047965975,108.32,electronics_accessories
463,ord_00002812,2025-09-24 20:59:19.969919347,33.56,outdoor
463,ord_00002813,2025-10-11 10:36:44.792911923,65.61,beauty
463,ord_00002814,2025-10-24 01:33:30.774384394,36.18,electronics_accessories
463,ord_00002815,2025-11-07 02:38:50.398816548,76.57,electronics_accessories
463,ord_00002816,2025-11-26 14:49:24.547218361,37.64,home_goods
463,ord_00002817,2025-12-08 11:30:29.142278795,25.78,beauty
463,ord_00002818,2025-12-23 18:07:57.167466849,49.65,home_goods
463,ord_00002819,2026-01-07 02:35:51.529276701,42.58,beauty
463,ord_00002820,2026-01-22 17:31:53.206577110,24.63,beauty
463,ord_00002821,2026-02-03 15:14:25.031573711,145.85,home_goods
463,ord_00002822,2026-02-12 21:07:43.392681941,29.1,outdoor
463,ord_00002823,2026-03-03 17:15:49.371574005,30.56,electronics_accessories
463,ord_00002824,2026-03-25 05:43:24.620196052,42.32,electronics_accessories
463,ord_00002825,2026-04-03 15:37:35.273161270,39.12,outdoor
463,ord_00002826,2026-04-21 15:37:51.245275791,42.82,home_goods
463,ord_00002827,2026-05-13 22:52:10.698008594,87.63,electronics_accessories
463,ord_00002828,2026-06-02 05:18:58.846325894,9.66,outdoor
463,ord_00002829,2026-06-16 10:36:52.826464010,48.28,beauty
463,ord_00002830,2026-06-28 14:01:05.630455670,35.5,home_goods
463,ord_00002831,2026-07-15 02:16:14.344489171,90.11,beauty
463,ord_00002832,2026-08-01 10:51:24.851540207,24.39,beauty
464,ord_00002833,2025-01-05 00:00:00.000000000,24.25,beauty
465,ord_00002834,2025-07-05 00:00:00.000000000,52.48,home_goods
465,ord_00002835,2025-08-08 10:12:09.652792158,16.36,home_goods
465,ord_00002836,2025-09-12 20:07:15.971397678,62.47,home_goods
465,ord_00002837,2025-10-22 11:29:05.919183302,74.28,home_goods
465,ord_00002838,2025-12-04 02:27:56.101605801,70.68,apparel
465,ord_00002839,2026-01-03 11:38:00.864657515,53.86,electronics_accessories
465,ord_00002840,2026-02-09 19:28:46.267810785,34.05,apparel
465,ord_00002841,2026-03-13 14:05:27.325436776,19.31,apparel
465,ord_00002842,2026-04-10 09:31:17.909559479,72.85,home_goods
465,ord_00002843,2026-05-11 17:32:13.718472967,38.72,outdoor
465,ord_00002844,2026-06-09 02:07:32.795247458,43.98,apparel
465,ord_00002845,2026-07-14 09:17:52.702654291,94.5,apparel
466,ord_00002846,2025-01-01 00:00:00.000000000,65.78,home_goods
466,ord_00002847,2025-03-06 05:17:43.875107545,50.44,beauty
466,ord_00002848,2025-06-06 03:14:22.735274327,24.39,home_goods
466,ord_00002849,2025-09-07 06:11:30.292094234,160.15,electronics_accessories
466,ord_00002850,2025-11-03 21:46:10.751983280,17.91,home_goods
466,ord_00002851,2025-12-26 00:49:02.005552742,47.97,beauty
466,ord_00002852,2026-03-10 16:38:45.639794725,48.45,beauty
466,ord_00002853,2026-06-15 15:32:15.626097400,47.61,apparel
466,ord_00002854,2026-08-01 13:32:44.146752172,32.42,electronics_accessories
467,ord_00002855,2026-02-16 00:00:00.000000000,64.31,outdoor
467,ord_00002856,2026-03-30 03:03:23.108790289,20.31,electronics_accessories
467,ord_00002857,2026-04-27 18:53:06.580717142,53.51,beauty
467,ord_00002858,2026-05-20 10:30:32.008485873,48.33,home_goods
467,ord_00002859,2026-06-07 16:07:24.224385649,72.4,home_goods
467,ord_00002860,2026-07-06 09:39:33.388575785,49.33,electronics_accessories
467,ord_00002861,2026-07-27 01:48:54.625404026,54.59,electronics_accessories
468,ord_00002862,2025-07-11 00:00:00.000000000,114.29,beauty
468,ord_00002863,2025-07-20 19:17:09.541027655,70.33,electronics_accessories
468,ord_00002864,2025-08-05 00:57:01.063563030,19.47,electronics_accessories
468,ord_00002865,2025-08-18 17:53:30.619250494,53.43,home_goods
468,ord_00002866,2025-09-06 12:55:46.993710930,32.84,beauty
468,ord_00002867,2025-09-16 22:46:46.865967538,53.38,electronics_accessories
468,ord_00002868,2025-10-03 05:59:41.742791910,76.3,apparel
468,ord_00002869,2025-10-16 12:12:00.380320457,18.77,apparel
468,ord_00002870,2025-10-26 20:19:40.511221668,31.83,beauty
468,ord_00002871,2025-11-11 05:56:18.449839935,40.25,apparel
468,ord_00002872,2025-11-24 16:44:42.920654238,28.26,apparel
468,ord_00002873,2025-12-06 01:22:37.033854986,53.63,apparel
468,ord_00002874,2025-12-19 22:48:54.237824274,35.51,electronics_accessories
468,ord_00002875,2026-01-02 03:31:43.813705570,39.04,home_goods
468,ord_00002876,2026-01-15 05:57:20.103778813,33.65,apparel
468,ord_00002877,2026-01-27 08:53:04.875897740,49.58,outdoor
468,ord_00002878,2026-02-05 15:29:02.111938884,36.39,beauty
468,ord_00002879,2026-02-19 16:12:57.086997606,109.39,beauty
468,ord_00002880,2026-03-02 11:00:45.605673186,40.8,outdoor
468,ord_00002881,2026-03-12 13:27:13.650200407,53.14,beauty
468,ord_00002882,2026-03-25 07:46:44.718070646,39.71,apparel
468,ord_00002883,2026-04-11 10:09:06.059123645,42.1,home_goods
468,ord_00002884,2026-04-25 22:16:10.985657121,59.96,beauty
468,ord_00002885,2026-05-07 15:02:01.820387748,38.37,beauty
468,ord_00002886,2026-05-19 04:25:55.055800431,37.18,apparel
468,ord_00002887,2026-06-04 18:53:23.041939470,216.92,beauty
468,ord_00002888,2026-06-11 11:18:58.977215580,17.56,apparel
468,ord_00002889,2026-06-28 21:33:40.469733759,22.2,outdoor
468,ord_00002890,2026-07-06 17:13:30.659733414,96.37,home_goods
468,ord_00002891,2026-07-15 16:34:07.842168358,35.13,home_goods
468,ord_00002892,2026-07-27 10:45:28.996792739,71.58,outdoor
469,ord_00002893,2024-12-31 00:00:00.000000000,43.37,electronics_accessories
470,ord_00002894,2026-08-06 00:00:00.000000000,76.61,apparel
471,ord_00002895,2025-07-07 00:00:00.000000000,35.22,apparel
472,ord_00002896,2025-03-11 00:00:00.000000000,133.04,beauty
473,ord_00002897,2025-01-08 00:00:00.000000000,27.14,electronics_accessories
474,ord_00002898,2026-03-23 00:00:00.000000000,64.71,home_goods
475,ord_00002899,2025-09-13 00:00:00.000000000,52.16,electronics_accessories
476,ord_00002900,2026-02-07 00:00:00.000000000,70.76,apparel
477,ord_00002901,2026-07-25 00:00:00.000000000,34.92,home_goods
478,ord_00002902,2025-09-27 00:00:00.000000000,30.53,outdoor
478,ord_00002903,2025-10-29 01:12:58.931236065,34.4,apparel
478,ord_00002904,2026-01-15 13:50:13.461287150,111.21,apparel
478,ord_00002905,2026-02-06 17:33:57.315918638,32.34,outdoor
478,ord_00002906,2026-03-25 14:24:49.029795851,37.82,beauty
478,ord_00002907,2026-04-21 17:45:50.561101014,68.51,home_goods
478,ord_00002908,2026-05-28 07:22:43.658727899,20.02,outdoor
479,ord_00002909,2026-02-05 00:00:00.000000000,41.98,beauty
479,ord_00002910,2026-02-27 12:27:53.846737438,44.1,outdoor
479,ord_00002911,2026-03-08 13:03:19.339853785,27.55,apparel
479,ord_00002912,2026-03-19 00:06:11.204734766,135.51,electronics_accessories
479,ord_00002913,2026-04-04 04:06:52.765104002,49.19,electronics_accessories
479,ord_00002914,2026-04-16 03:33:43.462566734,27.66,apparel
479,ord_00002915,2026-04-25 04:53:43.825057873,31.91,electronics_accessories
479,ord_00002916,2026-05-21 12:55:35.270268772,30.41,home_goods
479,ord_00002917,2026-06-01 02:42:15.263999497,30.28,apparel
479,ord_00002918,2026-06-14 13:50:23.116786330,69.95,electronics_accessories
479,ord_00002919,2026-06-27 23:43:25.678206394,31.6,apparel
479,ord_00002920,2026-07-15 15:51:16.519867884,40.59,beauty
479,ord_00002921,2026-08-01 01:34:49.595177593,55.01,home_goods
480,ord_00002922,2025-10-13 00:00:00.000000000,24.13,home_goods
481,ord_00002923,2025-08-28 00:00:00.000000000,26.07,apparel
482,ord_00002924,2025-02-18 00:00:00.000000000,64.41,outdoor
483,ord_00002925,2026-03-19 00:00:00.000000000,92.31,outdoor
483,ord_00002926,2026-04-08 08:44:47.120299126,95.08,electronics_accessories
483,ord_00002927,2026-04-28 08:41:30.787861955,39.99,electronics_accessories
483,ord_00002928,2026-05-28 07:26:50.352814800,66.61,home_goods
483,ord_00002929,2026-06-21 05:45:27.712406381,111.62,apparel
484,ord_00002930,2026-05-30 00:00:00.000000000,56.33,home_goods
485,ord_00002931,2026-05-31 00:00:00.000000000,117.93,apparel
486,ord_00002932,2026-01-19 00:00:00.000000000,123.86,outdoor
487,ord_00002933,2024-08-13 00:00:00.000000000,24.46,apparel
488,ord_00002934,2024-09-13 00:00:00.000000000,21.64,apparel
489,ord_00002935,2025-12-13 00:00:00.000000000,40.06,apparel
489,ord_00002936,2026-01-02 15:33:18.023906314,64.39,electronics_accessories
489,ord_00002937,2026-01-30 05:36:22.998988506,30.59,beauty
489,ord_00002938,2026-02-15 06:41:41.326672069,59.45,apparel
489,ord_00002939,2026-03-05 09:23:26.951755375,71.13,outdoor
489,ord_00002940,2026-03-18 16:01:57.993036109,49.05,beauty
489,ord_00002941,2026-04-05 03:19:34.254050389,52.18,electronics_accessories
489,ord_00002942,2026-05-17 15:02:52.821212658,21.27,beauty
489,ord_00002943,2026-06-11 09:59:11.358060660,43.63,outdoor
489,ord_00002944,2026-06-29 13:07:21.441429232,124.65,outdoor
489,ord_00002945,2026-07-15 21:14:38.712320496,29.07,outdoor
489,ord_00002946,2026-08-04 06:21:38.329326354,17.99,home_goods
490,ord_00002947,2025-10-24 00:00:00.000000000,40.39,outdoor
490,ord_00002948,2025-11-23 09:58:55.773963877,41.07,beauty
490,ord_00002949,2025-12-10 22:48:06.383321162,62.28,home_goods
490,ord_00002950,2026-01-03 05:20:26.509723535,44.01,beauty
490,ord_00002951,2026-01-19 08:52:09.110293572,79.4,beauty
490,ord_00002952,2026-02-05 00:50:33.893524576,38.39,apparel
490,ord_00002953,2026-02-22 10:51:17.728042437,54.55,home_goods
490,ord_00002954,2026-03-18 23:10:07.376723518,55.5,home_goods
490,ord_00002955,2026-04-07 06:39:33.521750630,22.85,beauty
490,ord_00002956,2026-04-20 02:02:36.735425197,18.01,electronics_accessories
490,ord_00002957,2026-05-18 16:51:00.918999727,45.26,beauty
490,ord_00002958,2026-06-03 19:28:29.232007002,46.59,home_goods
490,ord_00002959,2026-06-19 03:40:50.921254316,68.16,apparel
490,ord_00002960,2026-06-26 16:18:36.539867070,60.46,beauty
490,ord_00002961,2026-07-17 22:55:35.437645815,33.7,apparel
490,ord_00002962,2026-08-05 02:02:17.057670957,49.42,electronics_accessories
491,ord_00002963,2026-07-10 00:00:00.000000000,82.52,beauty
492,ord_00002964,2025-09-25 00:00:00.000000000,49.54,beauty
492,ord_00002965,2025-10-14 11:45:28.354386124,26.38,beauty
492,ord_00002966,2025-11-10 07:13:48.224807491,17.37,outdoor
492,ord_00002967,2025-12-11 20:46:08.011072213,26.97,home_goods
492,ord_00002968,2026-01-31 06:00:10.931790394,43.66,apparel
492,ord_00002969,2026-02-19 17:31:36.400056863,78.36,home_goods
492,ord_00002970,2026-03-11 12:06:30.043102260,43.76,beauty
492,ord_00002971,2026-04-07 05:33:11.305252242,38.95,outdoor
492,ord_00002972,2026-04-25 11:40:14.249546786,69.16,apparel
492,ord_00002973,2026-05-16 23:01:46.308118907,68.11,electronics_accessories
492,ord_00002974,2026-06-05 17:42:33.956396691,41.1,beauty
492,ord_00002975,2026-06-15 22:33:42.916384612,96.31,home_goods
492,ord_00002976,2026-07-09 04:25:47.140791332,28.78,home_goods
492,ord_00002977,2026-07-30 09:25:39.472701627,71.98,home_goods
493,ord_00002978,2024-09-18 00:00:00.000000000,39.02,beauty
493,ord_00002979,2024-11-10 04:47:36.736447023,48.37,electronics_accessories
493,ord_00002980,2025-01-20 09:07:09.127051287,68.61,outdoor
493,ord_00002981,2025-03-12 01:47:52.314083584,52.15,outdoor
493,ord_00002982,2025-05-03 13:22:14.377991419,79.67,apparel
493,ord_00002983,2025-07-02 16:23:22.671893706,86.18,home_goods
493,ord_00002984,2025-08-13 23:40:05.653130658,80.81,apparel
493,ord_00002985,2025-09-24 17:45:59.296932897,45.38,outdoor
493,ord_00002986,2025-11-23 05:47:00.454581315,25.44,electronics_accessories
493,ord_00002987,2026-01-13 09:31:09.006099004,72.99,electronics_accessories
493,ord_00002988,2026-02-28 01:37:30.030176063,108.31,electronics_accessories
493,ord_00002989,2026-04-19 09:48:51.101212777,130.68,electronics_accessories
493,ord_00002990,2026-07-11 16:10:19.450962204,67.35,outdoor
494,ord_00002991,2025-11-17 00:00:00.000000000,24.72,electronics_accessories
495,ord_00002992,2025-09-15 00:00:00.000000000,53.76,apparel
495,ord_00002993,2025-10-12 23:49:46.761504519,64.37,electronics_accessories
495,ord_00002994,2025-11-08 16:45:01.364104021,49.32,home_goods
495,ord_00002995,2025-12-08 23:07:45.700567277,38.18,apparel
495,ord_00002996,2026-01-03 11:30:32.815447901,28.33,outdoor
495,ord_00002997,2026-02-07 06:11:49.228162119,49.68,electronics_accessories
495,ord_00002998,2026-02-18 20:44:57.196179178,41.26,home_goods
495,ord_00002999,2026-03-18 16:15:22.424202548,37.35,apparel
495,ord_00003000,2026-04-25 08:40:50.364219127,37.21,outdoor
495,ord_00003001,2026-06-10 09:38:34.139186506,72.98,outdoor
495,ord_00003002,2026-07-13 03:00:04.502571570,28.07,home_goods
496,ord_00003003,2025-04-26 00:00:00.000000000,79.62,beauty
497,ord_00003004,2026-04-29 00:00:00.000000000,64.96,home_goods
498,ord_00003005,2025-04-23 00:00:00.000000000,39.17,beauty
498,ord_00003006,2025-08-21 15:37:32.433046720,41.74,apparel
498,ord_00003007,2025-12-19 06:06:51.690805776,91.83,beauty
498,ord_00003008,2026-06-27 06:31:13.517530920,52.77,electronics_accessories
499,ord_00003009,2025-12-09 00:00:00.000000000,38.04,outdoor
500,ord_00003010,2026-06-20 00:00:00.000000000,56.58,outdoor
501,ord_00003011,2026-07-10 00:00:00.000000000,85.6,beauty
502,ord_00003012,2025-04-17 00:00:00.000000000,64.79,home_goods
502,ord_00003013,2025-04-30 04:25:59.536779940,56.3,apparel
502,ord_00003014,2025-05-31 16:24:28.936671419,44.55,home_goods
502,ord_00003015,2025-06-19 23:38:28.351129805,34.79,beauty
502,ord_00003016,2025-07-01 03:55:19.053940059,21.29,outdoor
502,ord_00003017,2025-07-16 03:47:03.443186196,75.26,home_goods
502,ord_00003018,2025-08-01 13:53:59.187799000,44.31,electronics_accessories
502,ord_00003019,2025-08-10 08:03:21.784930969,68.31,beauty
502,ord_00003020,2025-08-30 05:53:10.889788310,20.34,outdoor
502,ord_00003021,2025-09-11 19:11:48.006105034,47.18,apparel
502,ord_00003022,2025-09-24 15:31:28.248335719,50.7,electronics_accessories
502,ord_00003023,2025-10-07 22:37:26.831711077,96.74,home_goods
502,ord_00003024,2025-10-26 13:15:13.919589318,17.73,outdoor
502,ord_00003025,2025-11-06 01:51:19.416595529,74.08,beauty
502,ord_00003026,2025-11-13 23:42:48.542291906,20.51,electronics_accessories
502,ord_00003027,2025-11-28 12:46:37.941596170,45.64,apparel
502,ord_00003028,2025-12-05 16:23:42.370757133,26.27,electronics_accessories
502,ord_00003029,2025-12-17 17:51:38.905221012,158.86,beauty
502,ord_00003030,2026-01-05 14:11:56.521456545,51.6,electronics_accessories
502,ord_00003031,2026-01-21 07:08:34.158861752,26.85,beauty
502,ord_00003032,2026-02-08 08:17:19.553617657,46.21,apparel
502,ord_00003033,2026-02-24 05:55:37.447937663,23.46,beauty
502,ord_00003034,2026-03-23 10:51:21.505908631,38.56,beauty
502,ord_00003035,2026-04-03 12:25:50.289131505,38.58,outdoor
502,ord_00003036,2026-04-18 09:27:22.343077437,122.38,beauty
502,ord_00003037,2026-04-29 23:15:52.676555939,86.77,electronics_accessories
502,ord_00003038,2026-05-17 13:26:04.990750250,54.98,home_goods
502,ord_00003039,2026-05-30 12:27:59.786179568,19.28,electronics_accessories
502,ord_00003040,2026-06-21 15:04:24.474021809,21.81,beauty
502,ord_00003041,2026-07-02 21:15:46.237276013,33.06,beauty
502,ord_00003042,2026-07-23 00:29:57.077358786,61.71,apparel
502,ord_00003043,2026-08-07 19:02:04.743373379,43.36,home_goods
503,ord_00003044,2026-07-28 00:00:00.000000000,26.72,beauty
504,ord_00003045,2026-04-07 00:00:00.000000000,33.06,beauty
505,ord_00003046,2025-04-12 00:00:00.000000000,135.79,home_goods
506,ord_00003047,2025-03-08 00:00:00.000000000,86.94,electronics_accessories
506,ord_00003048,2025-04-03 23:01:31.924944186,38.97,home_goods
506,ord_00003049,2025-06-07 01:49:47.399676013,64.11,home_goods
506,ord_00003050,2025-09-09 16:41:02.860408761,55.75,apparel
506,ord_00003051,2025-12-08 09:40:41.716917588,27.84,home_goods
506,ord_00003052,2026-01-24 13:13:45.930218996,21.75,apparel
506,ord_00003053,2026-03-27 19:07:44.036864022,19.79,apparel
506,ord_00003054,2026-04-28 13:26:16.579829743,44.45,electronics_accessories
506,ord_00003055,2026-07-14 12:08:43.169408473,56.61,home_goods
507,ord_00003056,2026-06-21 00:00:00.000000000,126.83,outdoor
508,ord_00003057,2025-11-14 00:00:00.000000000,20.22,apparel
508,ord_00003058,2025-12-28 15:38:53.306081201,44.75,apparel
508,ord_00003059,2026-02-23 12:18:06.048066035,66.02,outdoor
508,ord_00003060,2026-04-14 12:54:55.368451558,66.08,outdoor
508,ord_00003061,2026-06-01 14:13:18.578099718,26.5,home_goods
508,ord_00003062,2026-07-24 01:51:28.448354332,25.27,beauty
509,ord_00003063,2026-05-29 00:00:00.000000000,19.31,apparel
510,ord_00003064,2025-04-19 00:00:00.000000000,23.7,outdoor
511,ord_00003065,2026-01-04 00:00:00.000000000,77.28,electronics_accessories
512,ord_00003066,2026-07-11 00:00:00.000000000,52.4,apparel
512,ord_00003067,2026-07-22 03:27:06.652847200,65.38,outdoor
512,ord_00003068,2026-07-30 20:00:55.693767238,66.77,outdoor
513,ord_00003069,2025-08-01 00:00:00.000000000,43.09,apparel
514,ord_00003070,2025-03-28 00:00:00.000000000,39.64,beauty
515,ord_00003071,2026-03-21 00:00:00.000000000,32.38,outdoor
516,ord_00003072,2025-12-02 00:00:00.000000000,46.58,apparel
517,ord_00003073,2026-02-13 00:00:00.000000000,25.21,beauty
518,ord_00003074,2026-03-12 00:00:00.000000000,43.93,outdoor
518,ord_00003075,2026-03-25 20:46:44.633419391,43.55,beauty
518,ord_00003076,2026-04-08 21:38:43.911610428,64.71,beauty
518,ord_00003077,2026-04-28 23:19:29.446384564,34.88,apparel
518,ord_00003078,2026-05-12 13:58:59.245756219,95.41,beauty
518,ord_00003079,2026-05-27 06:57:56.503684434,44.97,outdoor
518,ord_00003080,2026-06-09 23:31:32.155032604,48.99,home_goods
518,ord_00003081,2026-06-20 05:04:30.783028902,58.81,apparel
518,ord_00003082,2026-07-03 00:29:08.432650277,37.26,beauty
518,ord_00003083,2026-07-16 21:50:57.108114807,65.48,outdoor
518,ord_00003084,2026-08-01 20:03:22.283335213,41.55,outdoor
519,ord_00003085,2024-12-09 00:00:00.000000000,62.07,electronics_accessories
520,ord_00003086,2026-03-05 00:00:00.000000000,67.94,apparel
520,ord_00003087,2026-04-17 13:14:38.456846447,52.39,home_goods
520,ord_00003088,2026-05-11 04:01:32.631290502,93.55,home_goods
520,ord_00003089,2026-06-22 19:31:31.068254989,60.67,electronics_accessories
521,ord_00003090,2026-06-22 00:00:00.000000000,38.71,apparel
521,ord_00003091,2026-07-16 10:50:47.363151873,20.16,outdoor
522,ord_00003092,2025-03-03 00:00:00.000000000,17.6,home_goods
523,ord_00003093,2025-06-23 00:00:00.000000000,105.01,home_goods
524,ord_00003094,2025-06-26 00:00:00.000000000,51.34,outdoor
524,ord_00003095,2025-07-30 18:52:21.993405331,66.95,beauty
524,ord_00003096,2025-09-08 04:56:32.559354386,46.38,apparel
524,ord_00003097,2025-10-26 18:19:52.383288105,48.39,beauty
524,ord_00003098,2025-11-22 02:58:44.432772458,37.54,apparel
524,ord_00003099,2025-12-27 14:31:44.862588277,25.48,home_goods
524,ord_00003100,2026-03-02 09:35:57.948335622,84.61,electronics_accessories
524,ord_00003101,2026-04-02 04:26:58.392899497,59.18,electronics_accessories
524,ord_00003102,2026-05-05 20:04:36.532693444,197.1,beauty
524,ord_00003103,2026-06-17 03:12:03.504902725,23.95,outdoor
524,ord_00003104,2026-08-01 23:57:18.343267633,91.52,apparel
525,ord_00003105,2025-12-20 00:00:00.000000000,43.71,home_goods
526,ord_00003106,2025-12-10 00:00:00.000000000,34.85,electronics_accessories
527,ord_00003107,2026-02-17 00:00:00.000000000,123.86,apparel
527,ord_00003108,2026-04-12 08:54:15.775036925,126.75,apparel
527,ord_00003109,2026-05-17 23:48:45.145048879,30.87,home_goods
527,ord_00003110,2026-06-16 03:13:33.090648148,65.67,electronics_accessories
527,ord_00003111,2026-08-06 19:05:08.006293443,72.18,home_goods
528,ord_00003112,2024-11-15 00:00:00.000000000,48.29,apparel
528,ord_00003113,2025-02-01 20:34:41.265014443,73.21,outdoor
528,ord_00003114,2025-04-24 19:01:37.328563587,23.86,outdoor
528,ord_00003115,2025-06-13 11:59:55.605266049,65.66,beauty
528,ord_00003116,2025-09-17 04:07:59.202965757,25.48,beauty
528,ord_00003117,2025-11-29 02:14:05.817801027,29.63,electronics_accessories
528,ord_00003118,2026-02-27 17:40:31.453377334,47.07,home_goods
528,ord_00003119,2026-05-23 08:16:33.552865851,17.01,home_goods
529,ord_00003120,2025-10-27 00:00:00.000000000,82.34,home_goods
529,ord_00003121,2025-12-30 11:12:09.688069725,117.54,home_goods
529,ord_00003122,2026-03-10 16:55:31.082750915,67.91,beauty
529,ord_00003123,2026-06-19 15:16:01.208143520,33.41,apparel
530,ord_00003124,2024-12-17 00:00:00.000000000,49.58,electronics_accessories
531,ord_00003125,2025-04-24 00:00:00.000000000,84.94,outdoor
531,ord_00003126,2025-07-07 18:56:48.876060957,45.42,electronics_accessories
531,ord_00003127,2025-08-29 13:30:43.725911959,45.87,home_goods
531,ord_00003128,2025-10-18 23:06:21.088127670,33.82,beauty
531,ord_00003129,2025-12-21 08:01:19.249137086,35.32,apparel
531,ord_00003130,2026-02-09 11:57:38.178444330,48.89,apparel
531,ord_00003131,2026-03-30 10:03:39.930908572,26.04,electronics_accessories
531,ord_00003132,2026-06-12 08:46:18.447133009,91.04,apparel
532,ord_00003133,2025-12-27 00:00:00.000000000,98.15,beauty
532,ord_00003134,2026-02-13 17:49:20.800388027,19.72,beauty
532,ord_00003135,2026-04-02 21:37:04.237983859,37.93,beauty
532,ord_00003136,2026-05-19 08:43:35.955587779,36.11,apparel
532,ord_00003137,2026-06-28 10:49:16.436698443,111.06,electronics_accessories
533,ord_00003138,2025-08-28 00:00:00.000000000,51.55,electronics_accessories
534,ord_00003139,2025-04-09 00:00:00.000000000,32.89,apparel
534,ord_00003140,2025-05-13 13:50:06.349028481,54.32,outdoor
534,ord_00003141,2025-06-25 12:37:30.941405029,77.64,electronics_accessories
534,ord_00003142,2025-07-16 14:41:20.546558017,44.75,beauty
534,ord_00003143,2025-08-15 17:12:56.845838670,43.72,home_goods
534,ord_00003144,2025-09-26 18:35:38.743355524,49.19,electronics_accessories
534,ord_00003145,2025-10-30 05:19:42.689940864,37.6,electronics_accessories
534,ord_00003146,2025-12-20 03:41:42.189628458,37.73,outdoor
534,ord_00003147,2026-01-09 14:15:52.254326757,42.69,apparel
534,ord_00003148,2026-01-29 08:19:44.408574643,34.58,home_goods
534,ord_00003149,2026-03-11 15:51:34.701131130,63.95,apparel
534,ord_00003150,2026-04-23 04:23:54.580761698,66.67,electronics_accessories
534,ord_00003151,2026-05-24 03:09:19.650216117,65.07,electronics_accessories
534,ord_00003152,2026-06-30 02:42:11.196373007,33.99,home_goods
535,ord_00003153,2025-01-28 00:00:00.000000000,29.22,outdoor
536,ord_00003154,2025-03-12 00:00:00.000000000,30.35,home_goods
537,ord_00003155,2025-03-19 00:00:00.000000000,92.42,apparel
538,ord_00003156,2024-11-09 00:00:00.000000000,63.57,electronics_accessories
539,ord_00003157,2026-04-06 00:00:00.000000000,41.34,outdoor
540,ord_00003158,2025-01-24 00:00:00.000000000,32.62,outdoor
540,ord_00003159,2025-03-04 15:49:33.972054115,26.48,outdoor
540,ord_00003160,2025-04-28 13:17:04.493335731,60.11,apparel
540,ord_00003161,2025-07-18 00:40:22.311281176,58.66,home_goods
540,ord_00003162,2025-09-22 19:03:15.641847610,16.36,electronics_accessories
540,ord_00003163,2025-11-26 19:25:08.490211681,60.95,electronics_accessories
540,ord_00003164,2026-01-14 02:53:42.938936165,69.72,beauty
540,ord_00003165,2026-03-23 17:54:37.630563255,33.85,electronics_accessories
540,ord_00003166,2026-06-24 18:49:01.341329150,53.33,beauty
541,ord_00003167,2025-06-15 00:00:00.000000000,52.86,apparel
541,ord_00003168,2025-08-13 18:09:51.612001131,22.74,apparel
541,ord_00003169,2025-10-16 15:23:14.142831288,121.05,electronics_accessories
541,ord_00003170,2025-11-19 13:31:51.991931417,52.76,outdoor
541,ord_00003171,2025-12-30 12:41:20.346358020,20.51,home_goods
541,ord_00003172,2026-01-26 12:53:06.053116458,98.51,electronics_accessories
541,ord_00003173,2026-05-02 22:11:36.349031734,20.52,apparel
541,ord_00003174,2026-08-01 15:09:35.441797021,31.12,electronics_accessories
542,ord_00003175,2025-05-05 00:00:00.000000000,19.06,apparel
542,ord_00003176,2025-06-09 23:41:10.001038857,25.14,home_goods
542,ord_00003177,2025-07-09 01:33:46.513075280,40.83,apparel
542,ord_00003178,2025-08-20 18:13:43.039837090,156.34,electronics_accessories
542,ord_00003179,2025-09-24 09:14:38.660800747,28.82,electronics_accessories
542,ord_00003180,2025-11-09 21:27:43.324721460,34.4,home_goods
542,ord_00003181,2025-12-10 06:35:24.628459541,31.98,outdoor
542,ord_00003182,2026-03-04 14:08:00.726057331,74.59,beauty
542,ord_00003183,2026-04-02 03:17:58.210641520,38.71,beauty
542,ord_00003184,2026-04-27 22:14:23.057219225,60.82,electronics_accessories
542,ord_00003185,2026-05-22 18:45:45.322154449,29.81,outdoor
542,ord_00003186,2026-06-23 12:35:38.980861333,82.62,beauty
542,ord_00003187,2026-07-13 17:06:30.359349185,41.13,outdoor
543,ord_00003188,2024-12-27 00:00:00.000000000,19.64,outdoor
543,ord_00003189,2025-02-01 04:14:01.967299120,29.88,beauty
543,ord_00003190,2025-03-12 17:36:51.566904752,47.82,outdoor
543,ord_00003191,2025-05-01 06:19:58.472476221,55.93,electronics_accessories
543,ord_00003192,2025-07-12 20:39:49.503030042,78.96,electronics_accessories
543,ord_00003193,2025-10-06 11:37:36.174756510,54.46,beauty
543,ord_00003194,2026-01-03 23:33:07.261407278,39.61,electronics_accessories
543,ord_00003195,2026-03-14 07:38:41.874842368,36.67,beauty
543,ord_00003196,2026-05-11 00:19:48.898125349,44.78,outdoor
543,ord_00003197,2026-07-25 02:01:28.292977586,54.11,beauty
544,ord_00003198,2026-06-20 00:00:00.000000000,72.51,apparel
544,ord_00003199,2026-07-22 13:09:57.011094296,55.01,electronics_accessories
545,ord_00003200,2025-06-25 00:00:00.000000000,93.3,electronics_accessories
546,ord_00003201,2025-05-24 00:00:00.000000000,46.65,beauty
547,ord_00003202,2026-03-18 00:00:00.000000000,31.44,outdoor
548,ord_00003203,2024-11-27 00:00:00.000000000,48.1,outdoor
549,ord_00003204,2025-10-08 00:00:00.000000000,47.95,home_goods
549,ord_00003205,2025-11-22 01:06:09.760843700,33.56,home_goods
549,ord_00003206,2026-01-13 05:56:13.170944335,84.84,beauty
549,ord_00003207,2026-03-10 15:40:40.603727936,44.57,apparel
549,ord_00003208,2026-05-10 11:58:39.909324174,39.08,outdoor
549,ord_00003209,2026-07-03 17:47:35.258951900,23.88,apparel
550,ord_00003210,2024-09-13 00:00:00.000000000,46.94,electronics_accessories
551,ord_00003211,2026-07-19 00:00:00.000000000,58.33,beauty
552,ord_00003212,2025-07-12 00:00:00.000000000,38.72,apparel
553,ord_00003213,2025-06-11 00:00:00.000000000,27.1,electronics_accessories
554,ord_00003214,2025-03-13 00:00:00.000000000,119.42,apparel
554,ord_00003215,2025-04-14 10:05:36.442996310,33.08,outdoor
554,ord_00003216,2025-07-05 03:17:03.145862793,112.22,home_goods
554,ord_00003217,2025-08-06 07:06:45.039856249,46.02,home_goods
554,ord_00003218,2025-09-16 22:52:06.126741127,26.73,beauty
554,ord_00003219,2025-10-15 21:01:13.991631339,21.81,electronics_accessories
554,ord_00003220,2025-11-27 12:26:28.635314654,59.23,beauty
554,ord_00003221,2026-01-13 18:47:39.903148190,57.56,outdoor
554,ord_00003222,2026-02-13 07:05:45.391206927,49.91,home_goods
554,ord_00003223,2026-03-21 02:26:29.071401259,19.72,beauty
554,ord_00003224,2026-04-17 22:14:50.468662804,53.55,beauty
554,ord_00003225,2026-05-13 17:57:46.075592644,132.53,beauty
554,ord_00003226,2026-07-02 10:14:23.212940532,30.84,home_goods
554,ord_00003227,2026-08-02 06:02:26.929999746,48.17,outdoor
555,ord_00003228,2024-12-31 00:00:00.000000000,61.4,beauty
556,ord_00003229,2025-02-10 00:00:00.000000000,26.31,home_goods
557,ord_00003230,2025-09-30 00:00:00.000000000,56.34,beauty
558,ord_00003231,2026-04-09 00:00:00.000000000,51.4,outdoor
559,ord_00003232,2024-09-25 00:00:00.000000000,88.59,home_goods
559,ord_00003233,2024-12-06 19:12:44.602345175,50.16,outdoor
559,ord_00003234,2025-01-28 10:23:51.913129405,47.48,beauty
559,ord_00003235,2025-04-09 16:32:23.491133695,69.12,electronics_accessories
559,ord_00003236,2025-07-15 05:09:07.830853286,34.39,outdoor
559,ord_00003237,2025-10-01 23:51:35.587191905,124.51,outdoor
559,ord_00003238,2025-12-25 02:34:03.979622445,81.86,home_goods
559,ord_00003239,2026-02-21 14:25:12.617137393,59.76,beauty
559,ord_00003240,2026-04-25 20:14:40.032060871,45.5,apparel
559,ord_00003241,2026-06-29 16:37:46.178642432,73.78,home_goods
560,ord_00003242,2026-06-03 00:00:00.000000000,24.53,apparel
561,ord_00003243,2026-04-18 00:00:00.000000000,48.04,beauty
562,ord_00003244,2025-04-17 00:00:00.000000000,61.21,electronics_accessories
563,ord_00003245,2025-04-24 00:00:00.000000000,120.51,apparel
563,ord_00003246,2025-06-20 10:48:29.858590570,34.15,beauty
563,ord_00003247,2025-08-01 09:02:45.484934501,43.85,beauty
563,ord_00003248,2025-10-01 05:12:47.332910325,83.28,home_goods
563,ord_00003249,2025-11-13 13:19:21.479812727,32.04,outdoor
563,ord_00003250,2025-12-27 17:55:14.450613771,36.81,outdoor
563,ord_00003251,2026-02-08 15:21:42.599937149,94.5,beauty
563,ord_00003252,2026-04-20 06:52:56.776454892,53.51,apparel
563,ord_00003253,2026-06-05 13:03:59.268032819,63.25,beauty
564,ord_00003254,2026-04-02 00:00:00.000000000,53.93,home_goods
564,ord_00003255,2026-05-06 06:28:41.981661788,66.16,electronics_accessories
564,ord_00003256,2026-06-12 07:21:45.834171170,28.01,outdoor
564,ord_00003257,2026-07-21 08:32:40.406058644,33.01,outdoor
565,ord_00003258,2026-02-23 00:00:00.000000000,73.51,beauty
565,ord_00003259,2026-05-13 10:35:22.472441797,39.85,outdoor
565,ord_00003260,2026-06-18 16:39:04.036740389,24.39,apparel
565,ord_00003261,2026-08-03 05:05:50.076705760,45.57,apparel
566,ord_00003262,2025-10-05 00:00:00.000000000,88.34,outdoor
566,ord_00003263,2025-11-17 22:06:07.380727806,84.95,home_goods
566,ord_00003264,2025-12-11 02:09:50.629447482,94.87,outdoor
566,ord_00003265,2026-01-04 10:07:59.254602733,41.31,beauty
566,ord_00003266,2026-02-19 00:35:55.979239490,45.39,electronics_accessories
566,ord_00003267,2026-03-23 01:35:21.027188441,74.86,electronics_accessories
566,ord_00003268,2026-04-30 08:34:34.717576714,43.48,beauty
566,ord_00003269,2026-06-04 16:34:06.732285914,75.1,apparel
566,ord_00003270,2026-07-05 16:20:55.368993565,37.1,home_goods
566,ord_00003271,2026-08-02 21:28:26.017252682,34.67,outdoor
567,ord_00003272,2025-06-07 00:00:00.000000000,20.89,home_goods
567,ord_00003273,2025-06-30 01:17:42.656637769,35.99,electronics_accessories
567,ord_00003274,2025-08-13 23:06:38.651562862,44.17,home_goods
567,ord_00003275,2025-09-13 02:52:16.826023668,47.19,beauty
567,ord_00003276,2025-11-08 06:36:15.056506528,82.59,beauty
567,ord_00003277,2025-12-01 03:21:21.435253798,19.16,apparel
567,ord_00003278,2026-01-03 03:10:23.505899948,33.09,beauty
567,ord_00003279,2026-01-31 08:46:05.796671601,53.14,outdoor
567,ord_00003280,2026-02-26 08:37:20.345149058,26.85,outdoor
567,ord_00003281,2026-03-28 10:58:10.431839138,50.49,apparel
567,ord_00003282,2026-05-26 16:49:07.114961426,46.45,electronics_accessories
567,ord_00003283,2026-07-02 01:29:08.943626686,49.01,electronics_accessories
567,ord_00003284,2026-07-29 12:41:17.958234618,60.35,apparel
568,ord_00003285,2025-12-15 00:00:00.000000000,24.9,apparel
569,ord_00003286,2026-02-26 00:00:00.000000000,147.45,beauty
570,ord_00003287,2025-06-25 00:00:00.000000000,56.67,electronics_accessories
571,ord_00003288,2025-10-04 00:00:00.000000000,77.92,apparel
572,ord_00003289,2025-12-19 00:00:00.000000000,62.16,electronics_accessories
572,ord_00003290,2025-12-31 02:04:44.947203394,51.13,outdoor
572,ord_00003291,2026-01-25 18:38:46.678599975,73.5,outdoor
572,ord_00003292,2026-02-20 00:49:59.247770747,29.01,electronics_accessories
572,ord_00003293,2026-03-04 12:25:59.927717068,43.16,apparel
572,ord_00003294,2026-03-16 04:38:57.044246927,40.31,home_goods
572,ord_00003295,2026-03-24 22:21:22.266894783,40.96,home_goods
572,ord_00003296,2026-04-08 13:30:42.108473022,53.05,outdoor
572,ord_00003297,2026-04-23 13:37:36.576805083,82.66,outdoor
572,ord_00003298,2026-05-11 16:20:24.618713041,37.79,home_goods
572,ord_00003299,2026-05-30 11:08:38.303496086,52.82,beauty
572,ord_00003300,2026-06-12 22:26:53.085456903,89.72,electronics_accessories
572,ord_00003301,2026-06-29 19:44:54.237156081,46.24,home_goods
572,ord_00003302,2026-07-11 09:45:01.429425039,20.93,beauty
572,ord_00003303,2026-07-28 04:44:55.856332681,41.96,electronics_accessories
573,ord_00003304,2025-01-17 00:00:00.000000000,121.21,electronics_accessories
574,ord_00003305,2025-03-11 00:00:00.000000000,25.95,beauty
574,ord_00003306,2025-03-28 21:59:19.965769166,54.65,outdoor
574,ord_00003307,2025-05-01 22:32:23.510668675,33.26,beauty
574,ord_00003308,2025-05-19 20:00:51.880206537,44.59,home_goods
574,ord_00003309,2025-06-07 05:57:34.127803579,34.4,electronics_accessories
574,ord_00003310,2025-06-27 02:39:04.062383870,79.69,electronics_accessories
574,ord_00003311,2025-07-22 23:22:15.513649039,48.94,apparel
574,ord_00003312,2025-08-22 01:59:51.863773290,56.55,outdoor
574,ord_00003313,2025-09-26 19:52:12.269660598,43.96,home_goods
574,ord_00003314,2025-10-31 00:33:34.982961050,38.24,apparel
574,ord_00003315,2025-11-25 00:32:00.122604464,78.45,apparel
574,ord_00003316,2025-12-28 23:13:31.583847651,82.92,electronics_accessories
574,ord_00003317,2026-01-18 09:41:25.265596675,96.37,electronics_accessories
574,ord_00003318,2026-02-01 21:03:41.424896430,38.35,beauty
574,ord_00003319,2026-02-22 07:30:25.474580079,83.11,outdoor
574,ord_00003320,2026-03-13 22:28:05.383707128,181.58,electronics_accessories
574,ord_00003321,2026-04-03 14:42:25.493587718,57.69,home_goods
574,ord_00003322,2026-04-22 08:31:27.296777281,57.12,beauty
574,ord_00003323,2026-05-14 02:51:55.122555249,47.01,beauty
574,ord_00003324,2026-06-13 05:19:22.627511481,57.23,beauty
574,ord_00003325,2026-07-25 00:48:16.110085857,64.11,apparel
575,ord_00003326,2024-12-12 00:00:00.000000000,98.74,outdoor
575,ord_00003327,2025-01-19 08:06:49.861046553,61.05,home_goods
575,ord_00003328,2025-02-28 06:33:17.323968265,50.53,beauty
575,ord_00003329,2025-03-29 21:25:12.716387613,45.03,outdoor
575,ord_00003330,2025-06-10 09:34:23.510276837,66.27,electronics_accessories
575,ord_00003331,2025-07-17 20:19:46.716138348,42.0,outdoor
575,ord_00003332,2025-09-14 17:30:27.289819121,45.3,apparel
575,ord_00003333,2025-11-01 14:08:32.722147183,19.75,electronics_accessories
575,ord_00003334,2025-12-19 20:10:54.699089733,63.49,home_goods
575,ord_00003335,2026-01-31 08:45:55.303535139,35.86,apparel
575,ord_00003336,2026-03-07 03:25:31.431065852,42.99,outdoor
575,ord_00003337,2026-04-09 02:02:03.861308499,70.97,beauty
575,ord_00003338,2026-06-22 01:39:08.480056016,54.22,electronics_accessories
575,ord_00003339,2026-08-06 15:36:17.187009393,93.17,electronics_accessories
576,ord_00003340,2026-01-15 00:00:00.000000000,37.6,electronics_accessories
577,ord_00003341,2025-04-03 00:00:00.000000000,62.12,outdoor
577,ord_00003342,2025-05-11 15:51:49.148769436,69.07,beauty
577,ord_00003343,2025-06-11 11:55:55.237588855,24.02,apparel
577,ord_00003344,2025-07-08 09:53:40.439570991,51.94,apparel
577,ord_00003345,2025-08-27 20:04:56.692555762,86.53,electronics_accessories
577,ord_00003346,2025-10-20 20:00:55.316420604,40.3,outdoor
577,ord_00003347,2025-11-24 11:21:21.997242269,17.08,electronics_accessories
577,ord_00003348,2026-01-31 01:18:19.180130909,52.85,outdoor
577,ord_00003349,2026-03-23 17:46:04.616386895,87.89,home_goods
577,ord_00003350,2026-06-05 18:17:05.979550507,100.96,beauty
577,ord_00003351,2026-07-30 22:42:42.201030304,45.62,beauty
578,ord_00003352,2024-09-27 00:00:00.000000000,69.1,apparel
578,ord_00003353,2024-10-23 03:08:47.110418914,83.8,electronics_accessories
578,ord_00003354,2024-11-08 14:15:26.748360224,40.99,electronics_accessories
578,ord_00003355,2024-12-02 01:56:47.005673864,53.03,beauty
578,ord_00003356,2024-12-30 10:17:08.172291073,39.35,beauty
578,ord_00003357,2025-01-22 04:38:18.666744154,93.51,outdoor
578,ord_00003358,2025-02-09 04:20:20.349079050,45.68,electronics_accessories
578,ord_00003359,2025-03-14 06:09:09.856779398,52.28,apparel
578,ord_00003360,2025-04-13 11:39:34.045338981,72.69,home_goods
578,ord_00003361,2025-05-01 06:05:04.954348851,37.4,apparel
578,ord_00003362,2025-05-17 17:21:05.428115857,95.41,apparel
578,ord_00003363,2025-06-04 23:21:00.713304816,69.31,outdoor
578,ord_00003364,2025-07-03 13:41:29.810464579,29.66,apparel
578,ord_00003365,2025-07-29 22:41:17.715996205,41.96,electronics_accessories
578,ord_00003366,2025-08-29 17:20:01.396964391,20.4,beauty
578,ord_00003367,2025-09-20 17:47:01.370684428,63.27,apparel
578,ord_00003368,2025-10-09 03:22:11.260400693,65.91,home_goods
578,ord_00003369,2025-11-10 03:06:24.363661957,35.23,home_goods
578,ord_00003370,2025-11-30 16:43:23.392463833,57.39,apparel
578,ord_00003371,2025-12-26 09:02:16.206206291,45.76,home_goods
578,ord_00003372,2026-01-10 15:06:16.637331525,66.74,electronics_accessories
578,ord_00003373,2026-01-31 02:18:14.410888612,85.28,home_goods
578,ord_00003374,2026-03-04 23:10:56.513175666,55.19,beauty
578,ord_00003375,2026-03-24 13:15:58.021191033,41.19,home_goods
578,ord_00003376,2026-04-24 13:20:34.865972951,76.11,beauty
578,ord_00003377,2026-05-06 14:56:20.974671358,80.36,apparel
578,ord_00003378,2026-05-27 03:40:34.501106047,61.12,electronics_accessories
578,ord_00003379,2026-06-19 05:14:43.789253809,46.76,outdoor
578,ord_00003380,2026-07-30 04:11:33.463241960,20.75,home_goods
579,ord_00003381,2025-05-28 00:00:00.000000000,45.78,electronics_accessories
579,ord_00003382,2025-07-02 02:45:41.097376246,27.23,home_goods
579,ord_00003383,2025-08-08 02:26:36.837605742,54.44,outdoor
579,ord_00003384,2025-08-28 20:48:08.212308135,83.68,home_goods
579,ord_00003385,2025-09-20 17:41:57.519555449,23.83,outdoor
579,ord_00003386,2025-11-07 17:25:46.827306930,43.99,beauty
579,ord_00003387,2025-12-10 15:26:22.352844425,49.81,outdoor
579,ord_00003388,2026-01-04 23:46:57.624038783,34.09,beauty
579,ord_00003389,2026-02-03 00:56:22.930118858,119.83,home_goods
579,ord_00003390,2026-03-16 19:58:29.547078944,75.48,apparel
579,ord_00003391,2026-04-25 18:19:15.989337086,55.93,electronics_accessories
579,ord_00003392,2026-05-15 04:44:34.265266845,92.48,home_goods
579,ord_00003393,2026-07-03 11:01:21.748701341,53.59,home_goods
580,ord_00003394,2025-06-28 00:00:00.000000000,98.62,apparel
581,ord_00003395,2026-06-16 00:00:00.000000000,36.13,apparel
582,ord_00003396,2025-12-22 00:00:00.000000000,21.37,electronics_accessories
583,ord_00003397,2026-07-17 00:00:00.000000000,74.86,home_goods
584,ord_00003398,2026-01-29 00:00:00.000000000,43.35,beauty
585,ord_00003399,2026-03-08 00:00:00.000000000,63.52,outdoor
585,ord_00003400,2026-06-15 08:10:12.973787861,57.46,outdoor
586,ord_00003401,2026-06-19 00:00:00.000000000,33.29,outdoor
586,ord_00003402,2026-07-11 13:04:26.441944473,123.93,beauty
586,ord_00003403,2026-07-19 16:05:48.670966669,85.8,beauty
586,ord_00003404,2026-08-02 20:45:19.426322803,39.06,home_goods
587,ord_00003405,2025-05-13 00:00:00.000000000,70.28,electronics_accessories
588,ord_00003406,2025-03-07 00:00:00.000000000,18.48,outdoor
589,ord_00003407,2024-11-18 00:00:00.000000000,61.53,home_goods
590,ord_00003408,2025-10-28 00:00:00.000000000,47.62,beauty
591,ord_00003409,2026-05-07 00:00:00.000000000,70.79,home_goods
592,ord_00003410,2024-10-22 00:00:00.000000000,69.75,beauty
593,ord_00003411,2026-07-19 00:00:00.000000000,39.21,electronics_accessories
594,ord_00003412,2025-06-14 00:00:00.000000000,37.77,outdoor
594,ord_00003413,2025-07-21 01:06:03.630203205,16.98,home_goods
594,ord_00003414,2025-08-11 05:33:13.126809240,64.97,beauty
594,ord_00003415,2025-09-11 19:27:00.095948723,47.78,electronics_accessories
594,ord_00003416,2025-10-21 22:38:19.586150687,38.03,electronics_accessories
594,ord_00003417,2025-11-16 04:35:17.772804124,82.03,electronics_accessories
594,ord_00003418,2025-12-20 11:47:20.096866497,66.24,electronics_accessories
594,ord_00003419,2026-01-19 08:18:04.920520591,53.49,beauty
594,ord_00003420,2026-02-14 17:00:15.261958850,62.13,outdoor
594,ord_00003421,2026-03-18 14:13:30.401980419,31.06,electronics_accessories
594,ord_00003422,2026-05-01 19:18:51.741676017,73.39,home_goods
594,ord_00003423,2026-05-22 19:58:35.423514074,88.02,electronics_accessories
594,ord_00003424,2026-06-10 22:10:41.687007510,30.49,electronics_accessories
594,ord_00003425,2026-06-29 16:22:47.432562524,32.93,outdoor
594,ord_00003426,2026-08-02 23:44:37.361041977,54.31,home_goods
595,ord_00003427,2026-01-15 00:00:00.000000000,28.17,apparel
596,ord_00003428,2026-05-23 00:00:00.000000000,17.3,home_goods
597,ord_00003429,2025-06-23 00:00:00.000000000,41.74,outdoor
597,ord_00003430,2025-07-24 19:07:17.936106695,50.3,home_goods
597,ord_00003431,2025-09-29 03:33:32.780259889,25.22,outdoor
597,ord_00003432,2025-11-24 20:34:25.965541006,23.35,electronics_accessories
597,ord_00003433,2025-12-19 12:33:34.693661534,41.72,outdoor
597,ord_00003434,2026-01-23 02:58:20.962436882,19.38,apparel
597,ord_00003435,2026-02-13 10:35:25.568386195,26.46,outdoor
597,ord_00003436,2026-03-07 18:09:13.546788939,113.32,beauty
597,ord_00003437,2026-03-30 20:27:21.857512261,69.46,beauty
597,ord_00003438,2026-04-30 18:25:16.720013338,85.16,home_goods
597,ord_00003439,2026-06-01 02:01:43.371548728,51.32,electronics_accessories
597,ord_00003440,2026-07-06 18:27:00.556442192,65.15,home_goods
598,ord_00003441,2024-11-15 00:00:00.000000000,38.66,apparel
598,ord_00003442,2024-12-15 12:01:58.465192590,63.22,outdoor
598,ord_00003443,2025-02-07 04:08:05.923820745,44.57,electronics_accessories
598,ord_00003444,2025-03-18 10:56:42.772257741,63.45,electronics_accessories
598,ord_00003445,2025-05-07 22:21:59.781805309,101.05,electronics_accessories
598,ord_00003446,2025-07-06 19:56:19.402168643,82.37,outdoor
598,ord_00003447,2025-08-31 09:09:52.954151866,13.89,apparel
598,ord_00003448,2025-10-20 20:19:13.024460686,124.0,home_goods
598,ord_00003449,2025-12-14 22:55:03.499601076,41.92,beauty
598,ord_00003450,2026-02-08 20:00:25.602115714,72.34,outdoor
598,ord_00003451,2026-04-21 00:29:46.009561880,20.94,beauty
598,ord_00003452,2026-06-05 00:15:41.456539813,51.01,home_goods
598,ord_00003453,2026-07-22 18:06:38.920911894,125.36,home_goods
599,ord_00003454,2026-05-06 00:00:00.000000000,37.42,electronics_accessories
599,ord_00003455,2026-05-28 00:48:25.156713582,37.28,apparel
599,ord_00003456,2026-06-18 09:03:13.930330652,38.98,apparel
599,ord_00003457,2026-07-29 04:51:23.063855814,43.41,home_goods
600,ord_00003458,2025-05-01 00:00:00.000000000,32.3,home_goods
600,ord_00003459,2025-05-25 07:59:36.244210911,96.54,apparel
600,ord_00003460,2025-06-19 07:02:31.032745625,38.9,beauty
600,ord_00003461,2025-07-08 22:45:36.329989354,28.67,electronics_accessories
600,ord_00003462,2025-07-31 04:37:16.037279718,39.91,electronics_accessories
600,ord_00003463,2025-09-13 13:52:08.874445521,14.65,outdoor
600,ord_00003464,2025-10-27 10:58:55.542775121,38.32,beauty
600,ord_00003465,2025-11-13 09:18:18.839614451,73.33,home_goods
600,ord_00003466,2025-12-01 01:00:43.060205705,34.68,apparel
600,ord_00003467,2025-12-17 22:41:16.677670089,39.28,outdoor
600,ord_00003468,2026-01-18 20:09:34.090514958,103.85,electronics_accessories
600,ord_00003469,2026-02-08 10:47:34.570033023,32.75,outdoor
600,ord_00003470,2026-03-05 09:48:10.110966477,28.1,beauty
600,ord_00003471,2026-04-16 16:37:20.177037250,23.55,home_goods
600,ord_00003472,2026-05-09 20:19:35.757001491,54.68,apparel
600,ord_00003473,2026-06-07 13:19:58.457774482,93.82,beauty
600,ord_00003474,2026-07-04 16:58:45.375252707,163.79,electronics_accessories
600,ord_00003475,2026-07-24 04:15:03.013800464,47.61,beauty
601,ord_00003476,2025-08-22 00:00:00.000000000,25.79,beauty
602,ord_00003477,2025-06-14 00:00:00.000000000,11.72,apparel
602,ord_00003478,2025-07-31 18:35:51.522599611,19.39,home_goods
602,ord_00003479,2025-08-28 16:42:16.018949422,38.0,outdoor
602,ord_00003480,2025-10-11 08:43:19.278178724,44.35,home_goods
602,ord_00003481,2025-11-22 03:42:19.601680371,75.14,home_goods
602,ord_00003482,2026-01-02 02:58:35.620640547,41.28,outdoor
602,ord_00003483,2026-02-03 03:17:15.230773584,38.22,beauty
602,ord_00003484,2026-03-31 06:44:27.714076316,61.31,outdoor
602,ord_00003485,2026-06-11 23:19:00.207078423,27.42,apparel
602,ord_00003486,2026-07-10 03:14:03.548108974,107.56,apparel
603,ord_00003487,2024-10-21 00:00:00.000000000,86.76,home_goods
603,ord_00003488,2024-11-09 11:18:35.566607093,26.99,home_goods
603,ord_00003489,2024-11-29 03:07:19.458290006,90.96,electronics_accessories
603,ord_00003490,2024-12-17 01:57:16.134567999,31.69,home_goods
603,ord_00003491,2024-12-29 17:03:02.300868573,71.28,outdoor
603,ord_00003492,2025-01-15 22:12:26.864700494,56.68,outdoor
603,ord_00003493,2025-02-16 22:16:18.596492441,30.17,apparel
603,ord_00003494,2025-03-07 17:51:35.635556807,120.02,electronics_accessories
603,ord_00003495,2025-03-28 04:42:34.012738925,58.58,apparel
603,ord_00003496,2025-04-19 04:48:06.992215118,40.19,home_goods
603,ord_00003497,2025-05-30 05:43:03.929065257,53.64,electronics_accessories
603,ord_00003498,2025-06-20 09:21:34.598348260,60.34,electronics_accessories
603,ord_00003499,2025-07-19 16:19:03.937144460,33.41,apparel
603,ord_00003500,2025-08-06 07:26:21.838966425,23.73,home_goods
603,ord_00003501,2025-08-25 19:49:33.517130360,20.62,beauty
603,ord_00003502,2025-09-16 00:01:41.748071016,42.02,home_goods
603,ord_00003503,2025-10-02 17:23:39.551967406,63.17,apparel
603,ord_00003504,2025-10-22 13:40:14.696126288,133.13,outdoor
603,ord_00003505,2025-11-19 02:31:19.807411003,154.02,beauty
603,ord_00003506,2025-12-05 16:44:31.475091856,43.97,outdoor
603,ord_00003507,2025-12-26 19:02:51.676363443,24.35,apparel
603,ord_00003508,2026-01-21 21:17:15.978898467,81.32,apparel
603,ord_00003509,2026-02-07 08:38:19.522455829,47.91,electronics_accessories
603,ord_00003510,2026-03-08 15:54:23.938126552,18.75,outdoor
603,ord_00003511,2026-03-30 05:23:26.692143260,75.41,apparel
603,ord_00003512,2026-04-19 07:12:49.764835742,43.9,beauty
603,ord_00003513,2026-04-30 20:23:40.056420225,87.05,home_goods
603,ord_00003514,2026-05-19 17:00:14.741140626,35.85,outdoor
603,ord_00003515,2026-06-12 07:00:09.442460613,50.53,apparel
603,ord_00003516,2026-07-17 21:40:27.070030540,50.65,electronics_accessories
604,ord_00003517,2025-08-25 00:00:00.000000000,34.95,home_goods
604,ord_00003518,2025-09-11 07:57:57.222281055,82.69,outdoor
604,ord_00003519,2025-10-17 10:03:29.117486402,104.61,electronics_accessories
604,ord_00003520,2025-11-11 18:13:51.826510878,83.03,beauty
604,ord_00003521,2026-01-12 21:44:26.124320782,90.09,apparel
604,ord_00003522,2026-03-15 07:20:50.065277002,17.49,beauty
604,ord_00003523,2026-05-03 13:39:23.297505572,50.1,apparel
604,ord_00003524,2026-06-08 02:05:47.985716763,46.17,beauty
604,ord_00003525,2026-07-06 06:48:14.190453460,45.13,outdoor
604,ord_00003526,2026-08-06 14:31:39.900981135,29.94,outdoor
605,ord_00003527,2026-06-22 00:00:00.000000000,56.87,home_goods
606,ord_00003528,2025-10-01 00:00:00.000000000,112.33,electronics_accessories
606,ord_00003529,2025-12-31 05:38:32.403435444,136.73,apparel
606,ord_00003530,2026-02-03 05:58:52.205266311,69.17,home_goods
606,ord_00003531,2026-04-06 02:22:40.454366881,51.53,electronics_accessories
606,ord_00003532,2026-06-08 08:36:55.517355929,56.57,electronics_accessories
607,ord_00003533,2026-01-18 00:00:00.000000000,80.62,apparel
607,ord_00003534,2026-02-19 00:03:05.097403339,32.17,home_goods
607,ord_00003535,2026-03-27 06:37:00.424638170,107.48,apparel
607,ord_00003536,2026-05-02 15:10:59.656922819,45.5,electronics_accessories
607,ord_00003537,2026-06-04 00:12:44.567180399,45.26,apparel
607,ord_00003538,2026-07-19 19:20:27.341419078,87.05,beauty
608,ord_00003539,2024-10-13 00:00:00.000000000,86.19,electronics_accessories
609,ord_00003540,2025-08-09 00:00:00.000000000,49.83,outdoor
609,ord_00003541,2025-09-16 15:11:16.190610812,46.53,beauty
609,ord_00003542,2025-10-14 16:00:45.393299777,49.46,electronics_accessories
609,ord_00003543,2025-11-02 13:47:04.070856131,57.75,outdoor
609,ord_00003544,2025-12-05 19:29:19.322661238,79.75,apparel
609,ord_00003545,2025-12-24 06:38:21.326556960,37.68,beauty
609,ord_00003546,2026-01-26 09:12:39.553735076,45.87,outdoor
609,ord_00003547,2026-03-01 04:03:23.617183669,55.07,outdoor
609,ord_00003548,2026-03-17 14:45:54.067372869,86.05,outdoor
609,ord_00003549,2026-04-12 10:23:35.841711728,24.5,electronics_accessories
609,ord_00003550,2026-05-09 20:25:21.311841984,37.29,electronics_accessories
609,ord_00003551,2026-06-26 08:44:36.595870001,86.67,apparel
609,ord_00003552,2026-07-13 17:14:59.757216947,94.53,apparel
610,ord_00003553,2025-04-19 00:00:00.000000000,52.74,apparel
611,ord_00003554,2025-12-26 00:00:00.000000000,42.29,apparel
611,ord_00003555,2026-01-12 09:31:25.428985395,57.59,apparel
611,ord_00003556,2026-01-23 11:20:16.655002808,10.58,electronics_accessories
611,ord_00003557,2026-02-07 11:31:19.235227570,54.14,electronics_accessories
611,ord_00003558,2026-03-17 10:19:35.931911410,58.66,electronics_accessories
611,ord_00003559,2026-04-03 04:19:23.040230580,62.35,beauty
611,ord_00003560,2026-04-14 23:32:44.179034863,71.77,home_goods
611,ord_00003561,2026-05-02 06:18:40.443720705,26.71,apparel
611,ord_00003562,2026-05-15 08:34:54.553378809,56.83,apparel
611,ord_00003563,2026-05-26 19:41:13.378150621,35.73,beauty
611,ord_00003564,2026-06-24 13:25:47.446343848,34.33,home_goods
611,ord_00003565,2026-07-15 14:51:55.398652507,39.31,outdoor
611,ord_00003566,2026-08-01 13:57:24.683322301,40.23,outdoor
612,ord_00003567,2024-09-06 00:00:00.000000000,48.62,home_goods
612,ord_00003568,2024-09-27 22:52:49.886061668,32.18,outdoor
612,ord_00003569,2024-10-27 21:27:02.098251433,35.14,apparel
612,ord_00003570,2024-12-04 14:40:06.405606748,64.07,outdoor
612,ord_00003571,2025-01-11 05:57:07.542072102,24.35,apparel
612,ord_00003572,2025-03-02 01:37:24.624820573,55.79,home_goods
612,ord_00003573,2025-05-02 04:29:19.464683946,31.51,electronics_accessories
612,ord_00003574,2025-06-26 14:19:26.050584215,42.36,electronics_accessories
612,ord_00003575,2025-08-11 21:49:06.938229209,34.41,beauty
612,ord_00003576,2025-09-14 13:43:26.064303571,60.11,home_goods
612,ord_00003577,2025-10-13 18:28:09.239771298,32.32,beauty
612,ord_00003578,2025-11-18 03:46:59.048728252,62.42,apparel
612,ord_00003579,2025-12-30 02:47:27.977819921,33.75,electronics_accessories
612,ord_00003580,2026-02-13 03:47:46.515843721,22.91,electronics_accessories
612,ord_00003581,2026-03-27 14:11:57.201354873,40.08,outdoor
612,ord_00003582,2026-04-30 12:48:42.378160707,41.52,outdoor
612,ord_00003583,2026-06-14 02:30:05.407173490,113.58,home_goods
612,ord_00003584,2026-08-04 11:39:04.710252464,42.89,beauty
613,ord_00003585,2025-05-06 00:00:00.000000000,84.53,outdoor
613,ord_00003586,2025-06-16 20:52:17.191155623,38.31,apparel
613,ord_00003587,2025-07-31 11:21:23.167994192,22.15,outdoor
613,ord_00003588,2025-09-22 15:40:55.460708534,52.76,beauty
613,ord_00003589,2025-12-09 09:53:21.679149159,39.93,outdoor
613,ord_00003590,2026-01-18 06:46:02.121849691,149.25,outdoor
613,ord_00003591,2026-02-24 12:42:58.742942707,46.33,apparel
613,ord_00003592,2026-03-27 10:40:18.521510818,244.56,outdoor
613,ord_00003593,2026-05-14 15:59:23.953586514,88.47,apparel
613,ord_00003594,2026-06-14 07:59:12.164109231,22.96,outdoor
613,ord_00003595,2026-07-25 00:18:47.681950731,25.18,apparel
614,ord_00003596,2026-01-08 00:00:00.000000000,33.98,outdoor
614,ord_00003597,2026-02-11 12:16:04.111891059,50.75,outdoor
614,ord_00003598,2026-04-05 00:45:15.754652462,100.55,outdoor
614,ord_00003599,2026-05-06 23:00:09.695183379,44.35,electronics_accessories
614,ord_00003600,2026-06-17 16:56:26.867980702,31.93,home_goods
614,ord_00003601,2026-08-05 02:49:47.505080718,58.26,electronics_accessories
615,ord_00003602,2024-08-26 00:00:00.000000000,43.08,outdoor
616,ord_00003603,2025-02-10 00:00:00.000000000,40.0,beauty
616,ord_00003604,2025-03-25 00:40:43.753954621,85.7,outdoor
616,ord_00003605,2025-05-04 10:45:48.162878720,39.86,beauty
616,ord_00003606,2025-07-01 10:50:04.154281624,27.75,home_goods
616,ord_00003607,2025-07-22 00:13:51.708108735,50.92,home_goods
616,ord_00003608,2025-09-02 12:36:28.062025726,24.19,home_goods
616,ord_00003609,2025-10-08 14:23:37.826965129,72.24,apparel
616,ord_00003610,2025-12-20 17:00:53.277543135,80.43,apparel
616,ord_00003611,2026-02-03 08:26:46.504127812,57.39,beauty
616,ord_00003612,2026-03-18 10:03:33.760596234,147.31,apparel
616,ord_00003613,2026-05-07 15:18:40.827543863,42.49,beauty
616,ord_00003614,2026-06-19 06:14:01.582864494,22.94,outdoor
616,ord_00003615,2026-08-03 10:02:31.068065596,118.85,home_goods
617,ord_00003616,2024-11-06 00:00:00.000000000,64.44,electronics_accessories
617,ord_00003617,2024-11-22 21:29:26.232046423,58.28,electronics_accessories
617,ord_00003618,2024-12-11 23:08:13.009103698,60.22,outdoor
617,ord_00003619,2025-01-11 07:20:00.717060830,42.15,outdoor
617,ord_00003620,2025-01-25 14:07:06.590165881,44.15,apparel
617,ord_00003621,2025-02-06 05:42:14.368531569,38.36,beauty
617,ord_00003622,2025-03-18 12:04:31.741759092,56.4,outdoor
617,ord_00003623,2025-04-10 13:59:15.224716836,88.13,beauty
617,ord_00003624,2025-05-04 16:00:47.007272083,46.21,home_goods
617,ord_00003625,2025-05-24 10:16:34.086398194,21.06,apparel
617,ord_00003626,2025-06-17 14:16:36.923495907,22.04,home_goods
617,ord_00003627,2025-06-30 22:30:16.545427734,73.19,home_goods
617,ord_00003628,2025-07-17 06:24:32.219839631,69.19,beauty
617,ord_00003629,2025-08-07 22:56:08.652733146,35.21,outdoor
617,ord_00003630,2025-08-18 14:07:49.512179215,37.27,home_goods
617,ord_00003631,2025-09-06 18:44:03.960878916,101.68,electronics_accessories
617,ord_00003632,2025-09-25 14:53:53.918452069,115.23,beauty
617,ord_00003633,2025-10-14 19:28:42.500080306,58.29,beauty
617,ord_00003634,2025-11-01 14:59:05.822977583,96.32,home_goods
617,ord_00003635,2025-11-17 05:05:10.221598489,40.63,home_goods
617,ord_00003636,2025-11-29 09:03:57.300111026,46.32,apparel
617,ord_00003637,2025-12-21 07:48:42.218239716,45.26,outdoor
617,ord_00003638,2026-01-09 12:44:47.809909314,28.26,outdoor
617,ord_00003639,2026-01-23 10:36:09.120173248,64.83,beauty
617,ord_00003640,2026-02-13 20:30:55.954601460,100.97,home_goods
617,ord_00003641,2026-03-05 02:09:59.109709393,127.85,outdoor
617,ord_00003642,2026-03-23 09:22:49.563252649,22.51,home_goods
617,ord_00003643,2026-04-03 09:27:12.305329345,36.22,outdoor
617,ord_00003644,2026-04-29 04:27:54.569999481,95.0,electronics_accessories
617,ord_00003645,2026-05-13 16:52:28.971987139,43.73,apparel
617,ord_00003646,2026-06-04 02:54:04.818129360,33.24,beauty
617,ord_00003647,2026-06-20 14:39:48.633167049,87.04,electronics_accessories
617,ord_00003648,2026-07-09 07:30:28.069411606,73.65,beauty
618,ord_00003649,2025-10-15 00:00:00.000000000,60.24,apparel
619,ord_00003650,2026-08-03 00:00:00.000000000,26.51,apparel
620,ord_00003651,2026-05-28 00:00:00.000000000,41.06,outdoor
621,ord_00003652,2024-09-26 00:00:00.000000000,31.44,electronics_accessories
621,ord_00003653,2024-10-21 02:04:57.352283231,64.62,apparel
621,ord_00003654,2024-11-11 17:38:20.751519073,44.45,outdoor
621,ord_00003655,2024-12-03 16:15:25.002235509,127.96,home_goods
621,ord_00003656,2024-12-19 06:55:25.481050401,30.71,electronics_accessories
621,ord_00003657,2025-01-08 04:38:01.902849848,27.73,home_goods
621,ord_00003658,2025-01-20 19:57:13.837029767,68.54,apparel
621,ord_00003659,2025-02-07 23:44:51.801715572,38.28,outdoor
621,ord_00003660,2025-02-16 19:59:31.990880315,26.88,outdoor
621,ord_00003661,2025-02-28 15:03:32.488694592,36.32,outdoor
621,ord_00003662,2025-03-17 18:24:02.552706923,64.27,electronics_accessories
621,ord_00003663,2025-04-25 06:20:46.778722321,51.86,beauty
621,ord_00003664,2025-05-06 06:19:55.217347959,23.61,beauty
621,ord_00003665,2025-05-19 06:20:40.602107476,27.84,apparel
621,ord_00003666,2025-06-08 09:53:32.748176868,47.51,apparel
621,ord_00003667,2025-07-10 12:19:09.217682303,27.24,beauty
621,ord_00003668,2025-07-30 13:45:12.259504934,35.54,home_goods
621,ord_00003669,2025-08-22 21:05:41.917527164,25.61,outdoor
621,ord_00003670,2025-09-08 22:33:14.125945817,84.89,apparel
621,ord_00003671,2025-09-25 03:18:06.892283452,16.43,electronics_accessories
621,ord_00003672,2025-10-14 11:42:51.743689204,36.17,home_goods
621,ord_00003673,2025-10-29 23:36:59.714222906,33.76,apparel
621,ord_00003674,2025-11-22 10:41:00.806063714,104.47,home_goods
621,ord_00003675,2025-12-04 02:31:43.131736627,63.54,home_goods
621,ord_00003676,2025-12-28 18:17:46.259404878,82.96,beauty
621,ord_00003677,2026-01-16 20:46:26.014809630,24.85,electronics_accessories
621,ord_00003678,2026-02-03 13:36:33.012879669,30.84,beauty
621,ord_00003679,2026-02-15 02:23:20.451464219,33.04,home_goods
621,ord_00003680,2026-03-01 04:05:48.708071503,80.47,electronics_accessories
621,ord_00003681,2026-03-28 05:16:44.152365445,53.02,beauty
621,ord_00003682,2026-04-14 22:53:42.580833362,24.7,outdoor
621,ord_00003683,2026-05-05 11:27:55.872974243,31.89,beauty
621,ord_00003684,2026-05-19 23:29:05.640398661,55.3,outdoor
621,ord_00003685,2026-06-07 16:39:17.551962351,62.26,home_goods
621,ord_00003686,2026-06-20 04:51:42.665786528,38.66,outdoor
621,ord_00003687,2026-07-09 15:44:47.780068888,54.13,beauty
621,ord_00003688,2026-07-30 18:08:17.098136056,29.52,electronics_accessories
622,ord_00003689,2025-12-09 00:00:00.000000000,46.65,apparel
623,ord_00003690,2025-07-20 00:00:00.000000000,27.87,apparel
623,ord_00003691,2025-09-05 04:48:08.691332038,18.49,outdoor
623,ord_00003692,2025-10-04 13:37:23.832280572,32.5,home_goods
623,ord_00003693,2025-11-08 16:35:32.384876174,108.76,home_goods
623,ord_00003694,2026-01-14 00:28:25.132696392,65.17,beauty
623,ord_00003695,2026-03-04 13:03:55.545582683,106.13,home_goods
623,ord_00003696,2026-04-02 16:55:53.082952140,25.09,beauty
623,ord_00003697,2026-05-26 09:07:14.359357281,63.05,home_goods
623,ord_00003698,2026-07-06 05:08:56.624761711,31.8,outdoor
624,ord_00003699,2026-01-24 00:00:00.000000000,38.21,electronics_accessories
625,ord_00003700,2026-03-29 00:00:00.000000000,15.7,outdoor
625,ord_00003701,2026-04-11 10:04:35.709461499,98.7,apparel
625,ord_00003702,2026-04-22 03:29:06.509472547,26.36,beauty
625,ord_00003703,2026-05-09 06:44:15.936744703,70.33,outdoor
625,ord_00003704,2026-05-21 06:12:11.180838659,34.37,electronics_accessories
625,ord_00003705,2026-06-07 21:55:11.794110491,37.17,beauty
625,ord_00003706,2026-06-22 01:07:00.145155522,139.63,apparel
625,ord_00003707,2026-07-03 17:28:05.367597107,33.21,apparel
625,ord_00003708,2026-07-19 02:23:40.622129387,30.0,home_goods
625,ord_00003709,2026-08-03 12:01:44.016516487,43.75,home_goods
626,ord_00003710,2026-02-08 00:00:00.000000000,100.16,apparel
627,ord_00003711,2026-08-07 00:00:00.000000000,88.15,beauty
628,ord_00003712,2026-03-29 00:00:00.000000000,22.77,home_goods
629,ord_00003713,2025-09-24 00:00:00.000000000,33.25,apparel
629,ord_00003714,2025-10-06 22:00:14.426980127,61.75,home_goods
629,ord_00003715,2025-10-17 01:22:47.972122638,28.39,outdoor
629,ord_00003716,2025-10-30 12:40:45.435451449,58.67,home_goods
629,ord_00003717,2025-11-13 17:57:37.339988490,63.52,electronics_accessories
629,ord_00003718,2025-11-30 01:19:11.032520111,75.72,electronics_accessories
629,ord_00003719,2025-12-31 04:29:52.293935576,53.85,apparel
629,ord_00003720,2026-01-17 11:32:20.355727527,38.4,electronics_accessories
629,ord_00003721,2026-02-04 07:07:34.130601362,82.47,apparel
629,ord_00003722,2026-02-26 02:58:37.575257543,47.87,beauty
629,ord_00003723,2026-03-15 13:42:38.929777335,109.48,apparel
629,ord_00003724,2026-04-05 16:41:35.937377065,48.9,home_goods
629,ord_00003725,2026-04-26 01:49:00.626279430,62.94,electronics_accessories
629,ord_00003726,2026-05-15 12:17:35.232002580,47.04,electronics_accessories
629,ord_00003727,2026-06-27 11:22:54.230029787,59.68,home_goods
629,ord_00003728,2026-07-22 02:21:12.824722744,48.45,beauty
629,ord_00003729,2026-08-04 15:22:56.752817314,73.28,home_goods
630,ord_00003730,2024-08-27 00:00:00.000000000,73.31,outdoor
630,ord_00003731,2024-10-28 03:57:56.095997332,33.21,outdoor
630,ord_00003732,2025-01-20 02:51:05.372109247,84.9,beauty
630,ord_00003733,2025-03-09 13:08:55.406688383,92.63,beauty
630,ord_00003734,2025-05-08 12:42:31.489851381,38.74,apparel
630,ord_00003735,2025-07-02 13:12:13.118338265,52.17,outdoor
630,ord_00003736,2025-08-29 05:37:11.315069788,37.33,electronics_accessories
630,ord_00003737,2025-10-11 16:41:48.512748499,96.21,electronics_accessories
630,ord_00003738,2025-12-18 01:35:33.655017222,31.62,beauty
630,ord_00003739,2026-02-20 07:39:36.194984410,126.65,apparel
630,ord_00003740,2026-05-14 15:58:09.310274709,28.59,electronics_accessories
630,ord_00003741,2026-07-10 04:13:25.856984744,32.62,electronics_accessories
631,ord_00003742,2026-07-12 00:00:00.000000000,95.55,apparel
632,ord_00003743,2025-07-28 00:00:00.000000000,42.24,apparel
632,ord_00003744,2025-09-22 10:07:55.788433864,35.7,beauty
632,ord_00003745,2025-11-21 12:40:28.890545945,25.57,beauty
632,ord_00003746,2026-01-24 06:39:07.045374444,39.43,apparel
632,ord_00003747,2026-03-06 04:46:56.592455053,49.86,outdoor
632,ord_00003748,2026-05-08 20:53:55.610254764,93.54,home_goods
632,ord_00003749,2026-07-27 01:14:22.891865564,75.69,electronics_accessories
633,ord_00003750,2025-02-18 00:00:00.000000000,27.39,outdoor
634,ord_00003751,2025-08-26 00:00:00.000000000,65.7,apparel
635,ord_00003752,2025-11-14 00:00:00.000000000,52.17,beauty
636,ord_00003753,2026-06-05 00:00:00.000000000,72.2,outdoor
637,ord_00003754,2025-11-14 00:00:00.000000000,40.23,outdoor
637,ord_00003755,2025-12-19 15:45:24.217138462,49.3,apparel
637,ord_00003756,2026-04-01 19:18:17.632782318,31.28,beauty
637,ord_00003757,2026-05-15 20:00:09.953724147,21.66,outdoor
637,ord_00003758,2026-07-05 19:05:51.920599582,118.67,beauty
638,ord_00003759,2025-01-17 00:00:00.000000000,81.25,outdoor
638,ord_00003760,2025-02-17 21:30:14.870646289,26.97,home_goods
638,ord_00003761,2025-04-01 05:38:47.024682392,26.13,electronics_accessories
638,ord_00003762,2025-06-21 17:00:31.348597093,48.0,beauty
638,ord_00003763,2025-12-25 06:51:53.345530781,51.96,electronics_accessories
638,ord_00003764,2026-03-12 03:18:43.886198287,28.14,home_goods
638,ord_00003765,2026-05-24 10:30:17.469383045,35.33,apparel
638,ord_00003766,2026-07-26 07:13:43.727729740,24.47,apparel
639,ord_00003767,2025-07-11 00:00:00.000000000,27.71,electronics_accessories
639,ord_00003768,2025-08-02 17:58:28.934732127,19.43,outdoor
639,ord_00003769,2025-08-26 01:45:52.052662315,41.34,outdoor
639,ord_00003770,2025-09-08 01:11:44.117778523,24.03,home_goods
639,ord_00003771,2025-09-25 13:12:23.000807561,88.36,outdoor
639,ord_00003772,2025-10-28 22:23:17.576846522,75.27,apparel
639,ord_00003773,2025-11-12 04:28:01.216610926,19.68,home_goods
639,ord_00003774,2025-12-03 22:15:17.878973202,70.66,electronics_accessories
639,ord_00003775,2025-12-23 16:07:18.814736659,61.08,beauty
639,ord_00003776,2026-01-19 05:21:19.583230121,130.07,electronics_accessories
639,ord_00003777,2026-02-09 03:00:32.845281923,11.74,electronics_accessories
639,ord_00003778,2026-02-25 22:23:24.137966343,29.17,outdoor
639,ord_00003779,2026-03-17 10:46:44.615035485,50.07,beauty
639,ord_00003780,2026-04-06 01:13:29.806499425,26.9,outdoor
639,ord_00003781,2026-04-24 15:52:07.475065229,41.38,home_goods
639,ord_00003782,2026-05-07 12:55:44.684599027,26.49,electronics_accessories
639,ord_00003783,2026-06-04 07:31:59.978116494,40.22,beauty
639,ord_00003784,2026-06-30 15:43:46.853123941,36.11,home_goods
639,ord_00003785,2026-07-14 15:21:39.548121707,56.35,electronics_accessories
639,ord_00003786,2026-08-01 02:51:22.544796819,50.47,outdoor
640,ord_00003787,2026-05-17 00:00:00.000000000,40.56,home_goods
640,ord_00003788,2026-06-25 21:38:27.141321026,25.17,home_goods
640,ord_00003789,2026-07-25 19:26:30.611433994,40.07,home_goods
641,ord_00003790,2025-11-11 00:00:00.000000000,50.57,apparel
641,ord_00003791,2025-12-23 02:32:41.900152264,32.34,beauty
641,ord_00003792,2026-01-19 22:01:18.779318814,78.91,home_goods
641,ord_00003793,2026-02-17 08:28:24.907463640,48.31,apparel
641,ord_00003794,2026-03-28 07:22:35.545501380,26.17,electronics_accessories
641,ord_00003795,2026-05-19 19:52:53.381958272,19.17,home_goods
641,ord_00003796,2026-07-05 08:46:18.887409009,36.94,outdoor
641,ord_00003797,2026-08-03 15:33:42.598323882,57.03,home_goods
642,ord_00003798,2024-12-30 00:00:00.000000000,36.67,home_goods
642,ord_00003799,2025-03-19 15:38:38.728481778,111.09,apparel
642,ord_00003800,2025-05-21 05:57:29.650976236,69.63,apparel
642,ord_00003801,2025-08-01 12:52:27.753318757,64.21,home_goods
642,ord_00003802,2025-10-30 13:53:46.787635481,32.61,apparel
642,ord_00003803,2025-12-10 23:48:24.937196782,35.47,outdoor
642,ord_00003804,2026-01-20 14:26:44.752935039,41.12,beauty
642,ord_00003805,2026-03-24 15:26:00.449399856,47.33,electronics_accessories
642,ord_00003806,2026-05-15 04:00:03.887840827,158.06,outdoor
642,ord_00003807,2026-07-09 06:32:04.322938498,51.19,home_goods
643,ord_00003808,2026-03-18 00:00:00.000000000,37.7,outdoor
644,ord_00003809,2025-05-30 00:00:00.000000000,128.55,home_goods
645,ord_00003810,2025-11-01 00:00:00.000000000,25.04,beauty
645,ord_00003811,2025-12-01 01:49:51.248157242,36.7,outdoor
645,ord_00003812,2026-01-08 09:14:58.907655358,43.87,electronics_accessories
645,ord_00003813,2026-02-13 02:34:18.582296650,47.43,apparel
645,ord_00003814,2026-03-17 06:55:49.031893590,95.02,home_goods
645,ord_00003815,2026-04-30 00:13:34.058575957,71.72,outdoor
645,ord_00003816,2026-05-20 00:43:44.608319710,85.11,outdoor
645,ord_00003817,2026-06-28 09:10:20.058064042,55.95,home_goods
646,ord_00003818,2025-04-19 00:00:00.000000000,54.14,electronics_accessories
646,ord_00003819,2025-06-19 11:24:33.457532293,31.44,outdoor
646,ord_00003820,2025-08-23 21:02:30.602237992,47.25,outdoor
646,ord_00003821,2025-09-26 23:12:40.486845681,61.59,beauty
646,ord_00003822,2025-11-30 05:39:56.854210571,45.19,beauty
646,ord_00003823,2026-01-06 06:54:30.740735891,85.51,beauty
646,ord_00003824,2026-02-11 10:40:02.322140512,33.16,outdoor
646,ord_00003825,2026-04-14 19:52:35.418827491,37.61,beauty
646,ord_00003826,2026-05-26 23:27:31.384235335,35.58,apparel
646,ord_00003827,2026-07-24 17:28:49.560409571,24.54,beauty
647,ord_00003828,2025-05-14 00:00:00.000000000,67.8,electronics_accessories
648,ord_00003829,2026-01-03 00:00:00.000000000,47.21,electronics_accessories
649,ord_00003830,2024-11-18 00:00:00.000000000,21.69,home_goods
649,ord_00003831,2025-01-14 08:58:45.739404531,55.3,beauty
649,ord_00003832,2025-03-13 09:04:03.440097716,39.22,electronics_accessories
649,ord_00003833,2025-05-05 20:31:57.440400841,20.84,apparel
649,ord_00003834,2025-06-23 20:31:49.332322703,102.65,outdoor
649,ord_00003835,2025-09-12 15:26:20.643484344,32.05,beauty
649,ord_00003836,2025-11-17 20:00:45.859420330,36.87,electronics_accessories
649,ord_00003837,2026-01-26 21:43:31.639184963,42.23,home_goods
649,ord_00003838,2026-05-07 22:33:25.909890994,38.81,outdoor
650,ord_00003839,2026-08-04 00:00:00.000000000,72.85,home_goods
651,ord_00003840,2026-07-31 00:00:00.000000000,48.73,electronics_accessories
652,ord_00003841,2025-05-21 00:00:00.000000000,177.04,beauty
652,ord_00003842,2025-07-07 05:35:56.794415497,58.07,home_goods
652,ord_00003843,2025-08-10 13:46:50.354972003,203.29,home_goods
652,ord_00003844,2025-09-18 15:18:12.833575984,47.76,home_goods
652,ord_00003845,2025-11-01 02:34:19.197873127,30.16,apparel
652,ord_00003846,2025-12-22 07:00:44.167482478,27.67,outdoor
652,ord_00003847,2026-02-07 22:30:30.144420132,61.16,outdoor
652,ord_00003848,2026-03-30 13:05:25.965153677,44.94,electronics_accessories
652,ord_00003849,2026-04-29 14:46:51.297536036,24.24,apparel
652,ord_00003850,2026-06-26 14:56:17.965792153,43.0,beauty
653,ord_00003851,2024-09-28 00:00:00.000000000,22.09,beauty
653,ord_00003852,2024-12-03 17:04:10.328175219,54.38,electronics_accessories
653,ord_00003853,2025-02-27 12:13:23.825805283,42.82,home_goods
653,ord_00003854,2025-06-07 09:30:38.259460668,53.42,beauty
653,ord_00003855,2025-09-04 20:37:17.791094988,32.79,outdoor
653,ord_00003856,2025-10-15 00:13:22.136599979,102.08,outdoor
653,ord_00003857,2026-01-18 14:44:03.148846299,39.86,home_goods
653,ord_00003858,2026-04-03 21:50:38.476529300,28.38,beauty
653,ord_00003859,2026-06-13 05:16:12.134832697,56.59,outdoor
654,ord_00003860,2024-10-03 00:00:00.000000000,89.99,apparel
655,ord_00003861,2024-10-09 00:00:00.000000000,145.05,outdoor
655,ord_00003862,2024-10-31 20:48:10.019248676,93.74,outdoor
655,ord_00003863,2024-11-18 05:16:56.135977962,55.32,outdoor
655,ord_00003864,2024-12-09 14:15:06.061033765,32.41,apparel
655,ord_00003865,2025-01-07 06:01:02.119831613,141.57,electronics_accessories
655,ord_00003866,2025-01-29 07:59:13.434224737,41.43,home_goods
655,ord_00003867,2025-02-20 10:33:03.812918851,85.94,electronics_accessories
655,ord_00003868,2025-03-15 02:41:05.654513239,88.84,electronics_accessories
655,ord_00003869,2025-03-27 22:34:06.343808998,43.35,electronics_accessories
655,ord_00003870,2025-04-20 22:02:50.391219012,38.44,electronics_accessories
655,ord_00003871,2025-05-13 06:51:00.304242760,85.78,home_goods
655,ord_00003872,2025-06-10 03:40:25.486196638,33.05,beauty
655,ord_00003873,2025-07-05 17:18:18.659870517,51.98,outdoor
655,ord_00003874,2025-07-25 18:52:56.756972425,158.08,outdoor
655,ord_00003875,2025-08-23 20:17:21.802058011,47.07,home_goods
655,ord_00003876,2025-09-12 08:56:31.607475003,65.85,apparel
655,ord_00003877,2025-10-05 07:58:37.697800756,20.13,apparel
655,ord_00003878,2025-10-24 18:02:00.328967075,43.8,home_goods
655,ord_00003879,2025-11-18 05:42:39.870035910,22.28,apparel
655,ord_00003880,2025-12-07 06:43:14.282437502,47.63,electronics_accessories
655,ord_00003881,2026-01-11 05:28:26.471318036,41.52,home_goods
655,ord_00003882,2026-02-19 06:38:22.842529219,55.8,beauty
655,ord_00003883,2026-03-18 23:40:12.197959366,40.22,home_goods
655,ord_00003884,2026-04-21 20:06:30.850925871,47.33,electronics_accessories
655,ord_00003885,2026-05-05 06:32:19.825544243,49.67,outdoor
655,ord_00003886,2026-05-19 04:34:16.375444864,50.86,electronics_accessories
655,ord_00003887,2026-06-07 13:10:26.832307768,56.48,outdoor
655,ord_00003888,2026-06-29 03:11:51.290331530,56.3,apparel
655,ord_00003889,2026-07-19 05:18:56.297773651,165.76,electronics_accessories
655,ord_00003890,2026-08-01 05:56:33.363628764,46.05,beauty
656,ord_00003891,2026-03-12 00:00:00.000000000,40.0,apparel
657,ord_00003892,2025-12-13 00:00:00.000000000,76.45,home_goods
657,ord_00003893,2026-01-26 22:55:21.073542756,107.8,electronics_accessories
657,ord_00003894,2026-03-14 12:49:23.479669149,71.91,beauty
657,ord_00003895,2026-04-30 12:43:51.914000857,126.64,apparel
657,ord_00003896,2026-06-10 15:10:39.667847390,47.06,beauty
657,ord_00003897,2026-07-13 07:03:59.553668921,49.12,electronics_accessories
658,ord_00003898,2025-11-21 00:00:00.000000000,49.46,beauty
659,ord_00003899,2026-01-01 00:00:00.000000000,23.48,outdoor
659,ord_00003900,2026-02-10 18:15:56.167048170,53.6,electronics_accessories
659,ord_00003901,2026-04-12 20:51:48.412407079,206.67,beauty
659,ord_00003902,2026-06-10 19:45:34.645163841,53.41,outdoor
659,ord_00003903,2026-07-30 00:25:50.894937563,24.8,outdoor
660,ord_00003904,2025-04-24 00:00:00.000000000,41.47,electronics_accessories
661,ord_00003905,2025-08-29 00:00:00.000000000,58.45,beauty
662,ord_00003906,2025-11-26 00:00:00.000000000,85.39,electronics_accessories
662,ord_00003907,2026-01-18 20:31:19.617274907,50.82,beauty
662,ord_00003908,2026-03-16 00:15:35.062520114,45.96,home_goods
662,ord_00003909,2026-05-12 09:46:30.464533625,72.02,beauty
662,ord_00003910,2026-07-10 15:05:58.703553229,20.28,electronics_accessories
663,ord_00003911,2025-05-22 00:00:00.000000000,105.64,home_goods
664,ord_00003912,2026-05-05 00:00:00.000000000,51.95,apparel
665,ord_00003913,2026-01-02 00:00:00.000000000,43.36,apparel
666,ord_00003914,2024-09-15 00:00:00.000000000,71.98,apparel
666,ord_00003915,2024-09-27 02:04:58.125243346,63.04,apparel
666,ord_00003916,2024-10-12 11:30:39.560396951,17.43,electronics_accessories
666,ord_00003917,2024-10-28 14:37:29.668126712,109.36,home_goods
666,ord_00003918,2024-11-09 15:04:53.967992863,92.11,electronics_accessories
666,ord_00003919,2024-11-30 23:32:36.122797217,17.87,outdoor
666,ord_00003920,2024-12-15 20:18:12.269481470,37.27,home_goods
666,ord_00003921,2024-12-30 16:36:29.378635135,65.76,outdoor
666,ord_00003922,2025-01-18 00:45:51.169543131,59.32,apparel
666,ord_00003923,2025-02-03 05:47:43.019060107,29.09,beauty
666,ord_00003924,2025-02-24 21:39:47.451522620,45.15,home_goods
666,ord_00003925,2025-03-09 15:16:18.118149737,63.29,apparel
666,ord_00003926,2025-03-20 17:10:13.729763354,53.26,home_goods
666,ord_00003927,2025-04-05 01:39:13.652291821,26.1,outdoor
666,ord_00003928,2025-04-22 05:23:53.160768809,182.28,electronics_accessories
666,ord_00003929,2025-05-03 20:05:22.033473752,112.51,outdoor
666,ord_00003930,2025-05-14 22:45:27.971506453,56.72,electronics_accessories
666,ord_00003931,2025-06-01 17:51:32.353244221,11.17,beauty
666,ord_00003932,2025-06-15 04:00:09.445314541,78.73,outdoor
666,ord_00003933,2025-06-26 01:32:24.917187569,45.1,outdoor
666,ord_00003934,2025-07-18 13:44:14.492110668,43.23,apparel
666,ord_00003935,2025-08-01 12:17:22.857563927,65.11,outdoor
666,ord_00003936,2025-08-25 07:13:28.459442374,89.51,home_goods
666,ord_00003937,2025-09-11 07:03:49.507796111,48.04,apparel
666,ord_00003938,2025-09-29 16:49:13.744722575,86.68,electronics_accessories
666,ord_00003939,2025-10-15 12:19:50.867991438,22.82,beauty
666,ord_00003940,2025-10-23 02:39:15.755353425,37.12,electronics_accessories
666,ord_00003941,2025-11-04 02:10:31.194479155,144.31,outdoor
666,ord_00003942,2025-11-20 07:34:47.683141258,16.82,outdoor
666,ord_00003943,2025-12-09 02:42:27.380642929,36.93,home_goods
666,ord_00003944,2025-12-18 23:05:05.855505887,73.12,electronics_accessories
666,ord_00003945,2026-01-04 13:00:18.142765059,154.2,beauty
666,ord_00003946,2026-01-16 13:46:52.954625112,54.27,outdoor
666,ord_00003947,2026-02-03 15:38:22.458796681,31.64,beauty
666,ord_00003948,2026-02-20 09:39:48.379603205,41.09,home_goods
666,ord_00003949,2026-03-13 11:04:46.563889067,35.55,home_goods
666,ord_00003950,2026-04-05 15:58:32.292290108,26.41,outdoor
666,ord_00003951,2026-04-25 00:02:33.031811177,39.15,electronics_accessories
666,ord_00003952,2026-05-16 19:29:48.587512428,71.19,apparel
666,ord_00003953,2026-05-31 23:31:26.979350308,40.69,apparel
666,ord_00003954,2026-07-10 06:42:48.158926450,22.16,apparel
666,ord_00003955,2026-07-21 23:14:41.504259993,54.86,electronics_accessories
666,ord_00003956,2026-08-05 08:24:13.629825337,37.44,home_goods
667,ord_00003957,2024-08-24 00:00:00.000000000,93.7,electronics_accessories
667,ord_00003958,2024-11-02 02:57:38.661619532,27.43,apparel
667,ord_00003959,2024-12-08 16:28:59.720843819,38.8,beauty
667,ord_00003960,2025-01-25 03:22:54.299002774,56.94,beauty
667,ord_00003961,2025-03-27 17:39:02.824463577,20.97,outdoor
667,ord_00003962,2025-05-03 08:14:05.801321060,41.59,outdoor
667,ord_00003963,2025-06-18 07:58:16.545088386,57.05,home_goods
667,ord_00003964,2025-08-03 00:19:38.448274929,60.43,outdoor
667,ord_00003965,2025-09-03 04:35:33.057620221,60.48,beauty
667,ord_00003966,2025-10-21 19:00:49.763035812,64.38,outdoor
667,ord_00003967,2025-12-07 10:28:56.748018910,51.49,outdoor
667,ord_00003968,2026-01-31 00:20:12.587671395,118.11,electronics_accessories
667,ord_00003969,2026-03-04 09:03:24.930393244,50.47,outdoor
667,ord_00003970,2026-04-19 17:18:12.261119214,52.01,electronics_accessories
667,ord_00003971,2026-06-28 15:49:15.060399340,39.74,apparel
668,ord_00003972,2025-06-09 00:00:00.000000000,34.16,home_goods
668,ord_00003973,2025-07-04 20:46:33.425689245,46.36,electronics_accessories
668,ord_00003974,2025-07-26 04:20:19.401104554,19.52,electronics_accessories
668,ord_00003975,2025-08-23 02:10:17.774161504,93.32,outdoor
668,ord_00003976,2025-09-24 06:51:56.403639984,34.26,apparel
668,ord_00003977,2025-10-19 15:23:53.250669257,28.1,electronics_accessories
668,ord_00003978,2025-11-03 10:23:44.801366640,25.81,outdoor
668,ord_00003979,2025-12-05 16:31:22.641151435,52.83,electronics_accessories
668,ord_00003980,2026-01-02 16:48:22.600861517,37.99,outdoor
668,ord_00003981,2026-01-22 18:11:07.646456513,28.45,beauty
668,ord_00003982,2026-02-25 19:58:32.240983429,49.62,electronics_accessories
668,ord_00003983,2026-03-15 14:15:21.379056732,55.57,home_goods
668,ord_00003984,2026-04-21 13:36:45.340117731,47.21,beauty
668,ord_00003985,2026-05-18 03:01:25.086598445,77.03,beauty
668,ord_00003986,2026-05-31 19:20:09.244885035,49.25,home_goods
668,ord_00003987,2026-06-29 07:26:57.218893749,30.71,beauty
668,ord_00003988,2026-07-23 05:31:41.580109972,56.29,outdoor
669,ord_00003989,2025-04-15 00:00:00.000000000,26.89,home_goods
670,ord_00003990,2025-02-26 00:00:00.000000000,78.26,home_goods
671,ord_00003991,2024-12-07 00:00:00.000000000,23.64,beauty
672,ord_00003992,2026-01-05 00:00:00.000000000,61.01,home_goods
672,ord_00003993,2026-02-22 09:18:27.498848591,32.71,beauty
672,ord_00003994,2026-03-31 12:01:40.543083684,151.53,outdoor
672,ord_00003995,2026-05-04 05:58:30.834339237,44.31,outdoor
672,ord_00003996,2026-05-26 22:51:28.909066176,39.81,apparel
672,ord_00003997,2026-07-01 16:49:17.698074999,51.56,outdoor
672,ord_00003998,2026-07-22 17:44:30.321942335,49.39,home_goods
673,ord_00003999,2026-07-24 00:00:00.000000000,42.93,home_goods
674,ord_00004000,2024-11-03 00:00:00.000000000,81.14,outdoor
674,ord_00004001,2024-12-03 01:41:05.265709615,85.29,beauty
674,ord_00004002,2024-12-27 17:23:33.970806675,38.13,home_goods
674,ord_00004003,2025-01-20 15:43:32.670142044,38.62,apparel
674,ord_00004004,2025-02-07 23:02:55.308010670,53.13,beauty
674,ord_00004005,2025-03-06 04:06:30.666936788,51.75,beauty
674,ord_00004006,2025-03-29 16:44:46.650797554,36.66,apparel
674,ord_00004007,2025-05-01 11:53:00.618496677,97.7,home_goods
674,ord_00004008,2025-05-26 11:44:24.044835898,32.2,home_goods
674,ord_00004009,2025-06-22 21:40:47.797548161,44.04,electronics_accessories
674,ord_00004010,2025-07-20 13:02:51.226669412,39.94,outdoor
674,ord_00004011,2025-08-20 17:53:58.456283264,79.42,home_goods
674,ord_00004012,2025-09-16 18:15:06.816789931,33.69,outdoor
674,ord_00004013,2025-10-09 18:45:10.143386549,68.7,apparel
674,ord_00004014,2025-11-11 06:18:21.469763994,74.54,electronics_accessories
674,ord_00004015,2025-12-24 20:50:12.066661897,58.9,home_goods
674,ord_00004016,2026-01-26 18:26:24.299607238,47.67,electronics_accessories
674,ord_00004017,2026-02-22 03:10:14.601425284,37.55,home_goods
674,ord_00004018,2026-03-24 15:21:56.968904586,126.96,apparel
674,ord_00004019,2026-04-10 18:02:25.422962100,41.04,home_goods
674,ord_00004020,2026-05-11 02:40:24.044899017,50.01,electronics_accessories
674,ord_00004021,2026-06-08 04:26:25.895739551,50.0,electronics_accessories
674,ord_00004022,2026-07-02 02:37:34.337820266,32.18,electronics_accessories
674,ord_00004023,2026-07-27 08:55:04.902595800,58.41,outdoor
675,ord_00004024,2024-10-07 00:00:00.000000000,50.92,beauty
675,ord_00004025,2024-11-04 19:53:20.949600163,52.8,beauty
675,ord_00004026,2024-11-26 17:39:57.200257347,147.82,home_goods
675,ord_00004027,2024-12-16 14:17:51.350542494,110.24,beauty
675,ord_00004028,2025-01-17 09:14:46.588431748,52.81,beauty
675,ord_00004029,2025-01-29 15:28:21.395859049,26.78,beauty
675,ord_00004030,2025-03-01 19:11:10.367352110,54.18,electronics_accessories
675,ord_00004031,2025-03-18 03:07:46.542098332,52.97,beauty
675,ord_00004032,2025-04-09 18:57:28.363156327,91.03,outdoor
675,ord_00004033,2025-04-27 14:48:00.618709655,90.94,outdoor
675,ord_00004034,2025-05-13 17:44:29.947884705,35.34,apparel
675,ord_00004035,2025-06-14 06:43:25.864082564,49.8,home_goods
675,ord_00004036,2025-07-21 09:27:05.523905626,48.46,electronics_accessories
675,ord_00004037,2025-08-10 07:04:01.443269647,30.59,outdoor
675,ord_00004038,2025-09-02 19:29:49.074278723,89.96,electronics_accessories
675,ord_00004039,2025-09-24 10:41:15.412129854,100.79,beauty
675,ord_00004040,2025-10-30 04:26:56.016960223,49.72,beauty
675,ord_00004041,2025-11-10 11:12:27.948643125,65.29,beauty
675,ord_00004042,2025-12-04 06:44:03.268651983,32.72,apparel
675,ord_00004043,2025-12-21 09:05:40.838489619,129.56,electronics_accessories
675,ord_00004044,2025-12-31 20:49:53.750236157,56.03,electronics_accessories
675,ord_00004045,2026-01-19 22:53:53.778182556,69.87,outdoor
675,ord_00004046,2026-02-25 23:26:45.770834965,57.6,electronics_accessories
675,ord_00004047,2026-03-15 10:39:02.205207683,64.95,beauty
675,ord_00004048,2026-04-11 09:41:15.293845308,72.36,beauty
675,ord_00004049,2026-05-11 20:57:08.051457879,55.9,electronics_accessories
675,ord_00004050,2026-06-02 01:24:04.129021579,45.06,outdoor
675,ord_00004051,2026-06-24 02:34:17.508891997,94.44,home_goods
675,ord_00004052,2026-07-06 19:33:47.458728603,34.24,beauty
675,ord_00004053,2026-07-23 23:16:31.467047839,73.54,beauty
676,ord_00004054,2026-04-23 00:00:00.000000000,18.84,electronics_accessories
677,ord_00004055,2025-09-30 00:00:00.000000000,53.39,beauty
677,ord_00004056,2025-11-15 09:19:17.000777145,59.94,apparel
677,ord_00004057,2025-12-20 15:21:17.452513195,41.6,apparel
677,ord_00004058,2026-01-16 05:07:01.038707644,54.16,beauty
677,ord_00004059,2026-02-13 10:02:07.967645880,14.67,beauty
677,ord_00004060,2026-03-22 12:23:58.825937766,68.26,apparel
677,ord_00004061,2026-04-18 23:57:19.100890997,65.5,home_goods
677,ord_00004062,2026-06-02 03:17:49.588344517,25.96,apparel
677,ord_00004063,2026-07-07 04:15:42.853548374,28.62,beauty
678,ord_00004064,2025-05-23 00:00:00.000000000,24.47,home_goods
679,ord_00004065,2025-10-12 00:00:00.000000000,64.53,home_goods
680,ord_00004066,2024-10-30 00:00:00.000000000,31.06,beauty
681,ord_00004067,2026-01-10 00:00:00.000000000,79.35,electronics_accessories
682,ord_00004068,2025-10-15 00:00:00.000000000,75.52,beauty
683,ord_00004069,2025-04-16 00:00:00.000000000,44.6,outdoor
684,ord_00004070,2025-08-17 00:00:00.000000000,53.72,outdoor
685,ord_00004071,2025-03-13 00:00:00.000000000,52.24,beauty
685,ord_00004072,2025-04-15 18:55:55.297766066,47.04,home_goods
685,ord_00004073,2025-05-26 01:19:48.525005542,54.72,beauty
685,ord_00004074,2025-06-26 20:39:41.312044306,34.95,apparel
685,ord_00004075,2025-08-14 05:02:54.583951747,89.3,electronics_accessories
685,ord_00004076,2025-09-06 01:12:15.231237318,34.75,electronics_accessories
685,ord_00004077,2025-09-22 07:28:03.217306230,47.9,beauty
685,ord_00004078,2025-10-27 06:47:46.742779491,28.07,apparel
685,ord_00004079,2025-11-18 16:09:14.579299294,41.59,home_goods
685,ord_00004080,2025-12-14 16:07:35.887881942,101.93,home_goods
685,ord_00004081,2025-12-31 06:27:15.780557972,54.02,home_goods
685,ord_00004082,2026-01-21 19:39:55.599428247,17.03,outdoor
685,ord_00004083,2026-02-08 19:17:08.081589648,51.76,beauty
685,ord_00004084,2026-03-05 13:54:21.326815973,35.43,outdoor
685,ord_00004085,2026-03-30 15:39:35.585370845,53.79,home_goods
685,ord_00004086,2026-04-28 15:33:26.211795969,29.09,home_goods
685,ord_00004087,2026-06-08 14:05:14.630836875,89.89,home_goods
685,ord_00004088,2026-07-13 03:58:17.192984359,44.08,home_goods
685,ord_00004089,2026-07-30 12:20:12.596740382,45.21,apparel
686,ord_00004090,2026-03-18 00:00:00.000000000,26.76,outdoor
687,ord_00004091,2026-06-21 00:00:00.000000000,122.1,apparel
688,ord_00004092,2024-11-17 00:00:00.000000000,189.08,beauty
688,ord_00004093,2024-12-13 04:49:55.085099315,65.07,electronics_accessories
688,ord_00004094,2025-01-02 18:32:26.592742768,35.43,home_goods
688,ord_00004095,2025-01-23 07:51:06.657884831,25.24,electronics_accessories
688,ord_00004096,2025-03-02 19:21:16.068068326,69.39,electronics_accessories
688,ord_00004097,2025-03-18 18:32:23.829364958,39.13,outdoor
688,ord_00004098,2025-04-15 22:59:15.241454891,49.93,electronics_accessories
688,ord_00004099,2025-05-26 22:01:13.292005492,72.78,beauty
688,ord_00004100,2025-06-25 20:19:50.591257794,45.22,home_goods
688,ord_00004101,2025-07-12 04:35:14.114089499,30.65,apparel
688,ord_00004102,2025-07-28 18:42:51.246295496,75.27,home_goods
688,ord_00004103,2025-08-17 05:26:50.353024280,38.32,home_goods
688,ord_00004104,2025-09-11 18:36:07.845123182,28.75,electronics_accessories
688,ord_00004105,2025-10-07 20:24:01.384385341,72.97,home_goods
688,ord_00004106,2025-10-24 11:42:34.698192938,27.08,apparel
688,ord_00004107,2025-11-12 05:47:10.664293871,44.17,electronics_accessories
688,ord_00004108,2025-12-01 08:12:46.783244355,26.32,apparel
688,ord_00004109,2025-12-24 10:08:00.459921041,28.92,electronics_accessories
688,ord_00004110,2026-02-06 14:48:03.790305609,143.55,electronics_accessories
688,ord_00004111,2026-02-25 00:47:30.619654292,35.29,electronics_accessories
688,ord_00004112,2026-03-15 05:01:00.054323482,56.26,beauty
688,ord_00004113,2026-04-01 13:16:25.567099342,36.79,apparel
688,ord_00004114,2026-05-01 00:53:40.879185676,39.49,home_goods
688,ord_00004115,2026-05-25 02:28:19.970264080,41.31,apparel
688,ord_00004116,2026-06-12 17:23:28.081698267,48.8,electronics_accessories
688,ord_00004117,2026-07-04 13:52:14.542018672,77.44,home_goods
688,ord_00004118,2026-07-23 19:03:08.589695819,85.22,beauty
689,ord_00004119,2025-07-23 00:00:00.000000000,64.78,electronics_accessories
689,ord_00004120,2025-08-21 06:00:45.430927356,45.13,outdoor
689,ord_00004121,2025-09-20 18:30:10.071763720,22.23,home_goods
689,ord_00004122,2025-10-13 11:42:55.616319252,110.18,beauty
689,ord_00004123,2025-11-15 01:59:22.908243085,73.47,outdoor
689,ord_00004124,2025-12-21 23:28:07.093366261,43.12,home_goods
689,ord_00004125,2026-02-19 01:24:05.482761701,37.85,apparel
689,ord_00004126,2026-04-01 10:29:43.243991994,43.79,beauty
689,ord_00004127,2026-04-28 16:20:31.204395873,62.1,beauty
689,ord_00004128,2026-05-21 14:40:20.126828677,83.86,electronics_accessories
689,ord_00004129,2026-06-23 19:16:50.954384551,58.32,outdoor
689,ord_00004130,2026-08-07 20:30:53.822059189,116.38,electronics_accessories
690,ord_00004131,2024-11-14 00:00:00.000000000,84.67,beauty
691,ord_00004132,2025-08-19 00:00:00.000000000,37.54,home_goods
692,ord_00004133,2024-11-30 00:00:00.000000000,136.34,beauty
692,ord_00004134,2025-01-18 00:29:52.839067973,86.6,beauty
692,ord_00004135,2025-03-15 01:02:49.202440138,40.91,home_goods
692,ord_00004136,2025-05-18 05:05:25.264044343,46.26,home_goods
692,ord_00004137,2025-07-06 08:42:26.148742955,52.06,home_goods
692,ord_00004138,2025-07-26 19:52:38.778579225,35.52,apparel
692,ord_00004139,2025-10-16 17:15:06.348274691,39.93,apparel
692,ord_00004140,2025-11-30 23:42:40.565646010,85.21,electronics_accessories
692,ord_00004141,2026-01-08 15:39:23.991466301,51.1,outdoor
692,ord_00004142,2026-02-12 23:31:25.448743211,42.61,home_goods
692,ord_00004143,2026-03-29 17:23:33.432974922,24.03,beauty
692,ord_00004144,2026-05-10 12:46:32.370048267,56.13,outdoor
692,ord_00004145,2026-06-19 05:03:03.258169163,43.15,electronics_accessories
692,ord_00004146,2026-07-29 13:08:06.409309397,60.85,apparel
693,ord_00004147,2025-09-02 00:00:00.000000000,27.09,outdoor
694,ord_00004148,2026-01-28 00:00:00.000000000,60.64,apparel
695,ord_00004149,2025-05-29 00:00:00.000000000,96.56,home_goods
695,ord_00004150,2025-07-04 16:12:04.074856665,42.1,electronics_accessories
695,ord_00004151,2025-08-14 03:13:05.197671809,100.84,electronics_accessories
695,ord_00004152,2025-09-12 10:36:25.570079631,28.68,apparel
695,ord_00004153,2025-10-26 07:37:49.697648230,16.93,home_goods
695,ord_00004154,2025-12-09 21:46:35.925179152,45.19,apparel
695,ord_00004155,2026-01-25 22:41:36.130945956,44.31,electronics_accessories
695,ord_00004156,2026-03-02 14:49:41.998148827,213.11,apparel
695,ord_00004157,2026-05-04 17:28:41.381720838,24.05,home_goods
695,ord_00004158,2026-05-30 13:50:47.512848393,65.23,electronics_accessories
695,ord_00004159,2026-07-28 08:56:31.434773483,41.72,outdoor
696,ord_00004160,2024-11-01 00:00:00.000000000,56.71,outdoor
697,ord_00004161,2025-11-09 00:00:00.000000000,21.21,beauty
697,ord_00004162,2025-11-29 18:10:18.903203971,116.48,outdoor
697,ord_00004163,2025-12-20 01:34:04.576801762,65.12,beauty
697,ord_00004164,2026-01-05 00:03:07.776729448,96.28,beauty
697,ord_00004165,2026-01-20 12:48:55.310749328,34.29,electronics_accessories
697,ord_00004166,2026-02-08 17:19:11.204650684,66.69,home_goods
697,ord_00004167,2026-03-06 10:27:47.649002272,31.7,electronics_accessories
697,ord_00004168,2026-03-25 16:48:28.185900442,142.48,apparel
697,ord_00004169,2026-04-26 18:33:55.011060677,39.78,home_goods
697,ord_00004170,2026-05-12 18:30:51.856590731,31.61,electronics_accessories
697,ord_00004171,2026-06-02 15:48:23.765274625,18.59,beauty
697,ord_00004172,2026-06-20 09:10:48.338706601,40.14,apparel
697,ord_00004173,2026-07-13 21:30:47.136721308,28.87,electronics_accessories
697,ord_00004174,2026-07-29 11:42:32.910385744,71.8,home_goods
698,ord_00004175,2025-08-18 00:00:00.000000000,104.46,home_goods
698,ord_00004176,2025-09-09 16:00:54.201825577,43.05,beauty
698,ord_00004177,2025-10-07 11:13:41.026582300,106.92,beauty
698,ord_00004178,2025-11-02 00:20:15.043485639,96.95,beauty
698,ord_00004179,2025-11-22 06:22:27.936343010,151.01,home_goods
698,ord_00004180,2025-12-18 05:12:14.899185232,29.79,apparel
698,ord_00004181,2026-01-11 19:56:35.343448597,45.46,home_goods
698,ord_00004182,2026-01-29 14:04:13.176598775,32.99,home_goods
698,ord_00004183,2026-02-21 12:07:45.874277452,181.45,outdoor
698,ord_00004184,2026-03-23 05:46:09.748902747,62.31,apparel
698,ord_00004185,2026-04-21 21:52:10.339957625,39.22,outdoor
698,ord_00004186,2026-05-15 05:40:26.919284809,44.73,electronics_accessories
698,ord_00004187,2026-06-14 20:28:54.929440957,37.01,electronics_accessories
698,ord_00004188,2026-07-03 11:29:46.199161017,21.37,home_goods
698,ord_00004189,2026-07-22 06:40:57.554652451,27.9,outdoor
699,ord_00004190,2025-05-22 00:00:00.000000000,44.73,apparel
699,ord_00004191,2025-08-03 13:44:36.566377951,32.8,apparel
699,ord_00004192,2025-11-04 20:10:05.827993378,50.01,outdoor
699,ord_00004193,2026-01-26 20:22:48.736527800,29.93,outdoor
699,ord_00004194,2026-05-28 07:11:22.858772294,26.04,beauty
699,ord_00004195,2026-07-18 11:20:27.532927510,52.72,electronics_accessories
700,ord_00004196,2024-08-29 00:00:00.000000000,41.89,beauty
701,ord_00004197,2025-03-21 00:00:00.000000000,41.05,electronics_accessories
702,ord_00004198,2026-04-12 00:00:00.000000000,70.29,electronics_accessories
703,ord_00004199,2025-01-18 00:00:00.000000000,50.85,electronics_accessories
704,ord_00004200,2025-10-29 00:00:00.000000000,32.14,home_goods
704,ord_00004201,2025-12-04 05:56:39.515603257,31.52,electronics_accessories
704,ord_00004202,2026-01-14 15:38:07.300938222,81.34,apparel
704,ord_00004203,2026-02-07 01:05:51.685768838,38.76,electronics_accessories
704,ord_00004204,2026-03-27 11:34:07.925623143,28.1,home_goods
704,ord_00004205,2026-04-14 15:18:27.449184307,116.82,outdoor
704,ord_00004206,2026-04-29 22:27:31.859934726,51.05,home_goods
704,ord_00004207,2026-05-17 22:21:57.338990249,125.77,beauty
704,ord_00004208,2026-06-07 18:41:14.057581354,48.52,apparel
704,ord_00004209,2026-07-22 07:56:32.577552525,48.97,outdoor
705,ord_00004210,2025-12-29 00:00:00.000000000,42.85,outdoor
706,ord_00004211,2025-11-04 00:00:00.000000000,44.5,apparel
706,ord_00004212,2025-11-12 22:13:28.056098665,31.02,electronics_accessories
706,ord_00004213,2025-12-03 15:29:22.098206175,36.41,home_goods
706,ord_00004214,2025-12-13 00:19:56.053883005,27.94,electronics_accessories
706,ord_00004215,2026-01-08 21:02:55.474681477,70.84,apparel
706,ord_00004216,2026-01-20 21:33:09.549187694,55.84,apparel
706,ord_00004217,2026-02-15 02:25:50.766993427,34.25,apparel
706,ord_00004218,2026-02-28 12:21:05.819926917,49.26,apparel
706,ord_00004219,2026-03-09 20:52:18.776345530,38.08,outdoor
706,ord_00004220,2026-03-31 20:47:51.524314047,62.1,apparel
706,ord_00004221,2026-04-23 15:45:39.376731698,146.4,home_goods
706,ord_00004222,2026-05-05 01:27:13.845953904,18.99,apparel
706,ord_00004223,2026-05-18 14:37:00.329421863,88.37,beauty
706,ord_00004224,2026-05-30 00:19:50.195386334,135.09,beauty
706,ord_00004225,2026-06-13 10:45:17.266274767,103.08,outdoor
706,ord_00004226,2026-06-28 21:44:35.444301541,70.88,electronics_accessories
706,ord_00004227,2026-07-12 08:59:13.414797348,36.71,beauty
706,ord_00004228,2026-07-21 01:06:55.197060182,69.27,beauty
706,ord_00004229,2026-08-02 14:51:11.040007005,86.19,electronics_accessories
707,ord_00004230,2025-04-25 00:00:00.000000000,61.41,beauty
707,ord_00004231,2025-07-14 15:24:38.161283161,39.93,apparel
707,ord_00004232,2025-08-17 22:53:32.756761744,23.82,apparel
707,ord_00004233,2025-09-10 14:11:31.032370158,224.38,home_goods
707,ord_00004234,2025-10-05 15:13:03.823369808,103.45,electronics_accessories
707,ord_00004235,2025-12-04 04:57:38.323345475,35.26,home_goods
707,ord_00004236,2026-01-10 14:51:15.793365156,49.64,beauty
707,ord_00004237,2026-02-19 18:32:23.115799728,25.64,electronics_accessories
707,ord_00004238,2026-03-24 07:19:02.755068322,36.8,outdoor
707,ord_00004239,2026-04-26 17:25:13.084850495,75.22,apparel
707,ord_00004240,2026-05-26 22:57:43.996106247,30.42,electronics_accessories
707,ord_00004241,2026-07-10 01:14:03.901948747,71.85,electronics_accessories
708,ord_00004242,2025-05-09 00:00:00.000000000,43.15,electronics_accessories
708,ord_00004243,2025-06-21 07:21:33.729815781,112.52,electronics_accessories
708,ord_00004244,2025-08-03 11:19:13.201065971,19.39,outdoor
708,ord_00004245,2025-09-13 21:37:49.832107685,68.66,apparel
708,ord_00004246,2025-10-15 10:52:57.942827420,69.8,home_goods
708,ord_00004247,2025-11-16 23:50:03.772841965,34.99,outdoor
708,ord_00004248,2025-12-14 07:32:20.897347932,37.76,apparel
708,ord_00004249,2026-01-07 08:17:11.973726700,49.48,outdoor
708,ord_00004250,2026-02-13 10:25:43.026893978,44.18,electronics_accessories
708,ord_00004251,2026-04-03 11:22:50.806702872,27.45,apparel
708,ord_00004252,2026-04-28 20:19:17.258251271,53.93,apparel
708,ord_00004253,2026-06-09 12:15:49.441659604,22.02,apparel
708,ord_00004254,2026-07-28 02:06:04.229357999,45.23,beauty
709,ord_00004255,2025-06-27 00:00:00.000000000,72.41,home_goods
710,ord_00004256,2025-03-03 00:00:00.000000000,88.46,outdoor
711,ord_00004257,2025-07-17 00:00:00.000000000,39.59,electronics_accessories
711,ord_00004258,2025-09-25 15:15:20.419497885,35.85,apparel
711,ord_00004259,2025-12-13 21:54:10.550561210,33.78,beauty
711,ord_00004260,2026-02-28 18:06:06.273764305,29.19,apparel
711,ord_00004261,2026-06-07 12:46:41.018669503,22.77,electronics_accessories
712,ord_00004262,2026-03-06 00:00:00.000000000,107.64,outdoor
712,ord_00004263,2026-04-18 16:34:46.579168904,56.66,beauty
712,ord_00004264,2026-05-16 13:07:19.798730452,30.61,electronics_accessories
712,ord_00004265,2026-06-09 20:43:41.769488760,32.26,beauty
712,ord_00004266,2026-06-25 14:22:47.622000548,111.7,apparel
712,ord_00004267,2026-07-20 07:35:36.182097333,54.49,beauty
713,ord_00004268,2024-12-21 00:00:00.000000000,128.66,electronics_accessories
713,ord_00004269,2025-02-28 02:33:54.098070529,43.2,apparel
713,ord_00004270,2025-06-02 05:54:10.878727512,36.6,apparel
713,ord_00004271,2025-09-16 17:49:45.073287806,37.52,apparel
713,ord_00004272,2025-11-27 07:00:40.842491069,47.06,outdoor
713,ord_00004273,2026-02-11 21:08:40.968376958,40.34,electronics_accessories
713,ord_00004274,2026-04-27 16:51:36.935462313,44.93,electronics_accessories
714,ord_00004275,2026-05-21 00:00:00.000000000,108.54,beauty
714,ord_00004276,2026-06-16 11:55:31.773199458,67.02,home_goods
714,ord_00004277,2026-07-24 12:24:47.967808452,70.99,outdoor
715,ord_00004278,2026-06-22 00:00:00.000000000,36.9,home_goods
715,ord_00004279,2026-07-07 12:19:17.645159366,15.12,beauty
715,ord_00004280,2026-07-27 03:32:18.129128504,40.74,apparel
716,ord_00004281,2025-04-23 00:00:00.000000000,45.35,outdoor
717,ord_00004282,2025-09-11 00:00:00.000000000,66.42,apparel
717,ord_00004283,2025-09-20 22:46:46.712503896,22.72,outdoor
717,ord_00004284,2025-10-09 03:59:12.760527926,50.85,electronics_accessories
717,ord_00004285,2025-11-12 01:18:12.090654164,47.29,apparel
717,ord_00004286,2025-12-02 18:35:24.830170059,44.44,electronics_accessories
717,ord_00004287,2025-12-24 05:48:19.385103452,10.93,electronics_accessories
717,ord_00004288,2026-01-05 12:02:52.367804548,88.32,apparel
717,ord_00004289,2026-01-20 15:09:16.263837586,23.52,apparel
717,ord_00004290,2026-02-24 21:31:46.650311237,62.59,apparel
717,ord_00004291,2026-03-26 14:17:00.489455988,40.07,apparel
717,ord_00004292,2026-04-12 07:35:10.472750359,33.64,beauty
717,ord_00004293,2026-05-02 17:46:04.664920480,33.12,apparel
717,ord_00004294,2026-05-27 04:52:06.844204045,28.55,beauty
717,ord_00004295,2026-06-13 10:33:19.937247036,45.18,apparel
717,ord_00004296,2026-06-26 23:11:29.744514474,45.89,beauty
717,ord_00004297,2026-07-20 11:49:46.469290016,35.38,electronics_accessories
718,ord_00004298,2026-07-29 00:00:00.000000000,57.56,beauty
719,ord_00004299,2025-10-19 00:00:00.000000000,15.52,beauty
719,ord_00004300,2025-11-21 07:30:38.246870746,22.86,home_goods
719,ord_00004301,2026-01-14 07:55:18.219670273,59.41,outdoor
719,ord_00004302,2026-03-04 13:37:30.547357377,41.39,apparel
719,ord_00004303,2026-04-20 21:24:30.187993693,28.73,outdoor
719,ord_00004304,2026-05-16 16:43:50.129435440,54.6,home_goods
719,ord_00004305,2026-06-26 05:03:35.983147396,107.05,beauty
719,ord_00004306,2026-07-25 13:35:30.010589134,45.04,outdoor
720,ord_00004307,2025-02-11 00:00:00.000000000,51.07,outdoor
720,ord_00004308,2025-02-25 06:39:40.046205927,65.63,electronics_accessories
720,ord_00004309,2025-03-14 01:18:13.190527892,33.71,apparel
720,ord_00004310,2025-03-28 06:43:28.441776993,46.77,electronics_accessories
720,ord_00004311,2025-04-11 00:46:51.054611319,27.5,home_goods
720,ord_00004312,2025-04-28 13:56:44.988366660,87.69,apparel
720,ord_00004313,2025-05-23 15:25:44.787983260,40.26,apparel
720,ord_00004314,2025-06-09 06:13:19.696133167,75.71,apparel
720,ord_00004315,2025-07-01 16:24:35.901437283,40.13,outdoor
720,ord_00004316,2025-07-20 20:30:17.028331222,78.87,outdoor
720,ord_00004317,2025-08-11 21:07:06.048726730,56.67,home_goods
720,ord_00004318,2025-08-25 03:06:48.178229751,20.86,beauty
720,ord_00004319,2025-09-09 01:57:08.166254768,32.82,outdoor
720,ord_00004320,2025-09-24 01:14:18.994468271,153.02,outdoor
720,ord_00004321,2025-10-12 19:03:10.619489998,121.39,apparel
720,ord_00004322,2025-11-01 23:20:20.140841750,33.21,outdoor
720,ord_00004323,2025-11-18 11:45:24.079934328,35.21,home_goods
720,ord_00004324,2025-12-09 04:26:43.848785140,33.39,apparel
720,ord_00004325,2025-12-22 14:53:48.748574824,104.2,beauty
720,ord_00004326,2026-01-12 08:52:45.891168235,46.72,apparel
720,ord_00004327,2026-02-02 22:44:02.589672625,72.76,electronics_accessories
720,ord_00004328,2026-02-22 10:36:31.725715039,50.72,outdoor
720,ord_00004329,2026-03-11 00:06:42.816673005,28.55,outdoor
720,ord_00004330,2026-03-30 17:02:33.137655185,36.85,electronics_accessories
720,ord_00004331,2026-04-11 21:02:29.571649082,35.91,electronics_accessories
720,ord_00004332,2026-04-28 18:16:25.772731305,55.18,beauty
720,ord_00004333,2026-05-16 04:06:59.262059387,44.26,beauty
720,ord_00004334,2026-05-26 20:21:07.160838354,32.0,apparel
720,ord_00004335,2026-06-14 04:35:42.243268547,69.46,beauty
720,ord_00004336,2026-06-25 03:06:34.266741156,38.79,outdoor
720,ord_00004337,2026-07-09 02:55:47.424930506,33.2,apparel
720,ord_00004338,2026-07-25 05:19:57.071769671,125.88,beauty
720,ord_00004339,2026-08-06 23:59:23.348120651,47.86,home_goods
721,ord_00004340,2025-07-03 00:00:00.000000000,78.21,beauty
722,ord_00004341,2024-08-25 00:00:00.000000000,56.93,home_goods
723,ord_00004342,2025-06-18 00:00:00.000000000,93.73,outdoor
724,ord_00004343,2026-04-18 00:00:00.000000000,99.48,electronics_accessories
724,ord_00004344,2026-06-18 19:14:57.527703872,153.81,beauty
725,ord_00004345,2024-10-19 00:00:00.000000000,58.75,apparel
726,ord_00004346,2024-08-29 00:00:00.000000000,56.18,apparel
727,ord_00004347,2024-10-22 00:00:00.000000000,23.17,beauty
728,ord_00004348,2024-08-10 00:00:00.000000000,98.05,home_goods
729,ord_00004349,2024-10-25 00:00:00.000000000,33.19,home_goods
730,ord_00004350,2025-07-16 00:00:00.000000000,22.09,apparel
731,ord_00004351,2025-10-14 00:00:00.000000000,64.29,apparel
732,ord_00004352,2025-07-17 00:00:00.000000000,83.32,apparel
733,ord_00004353,2026-06-15 00:00:00.000000000,97.47,outdoor
734,ord_00004354,2024-11-14 00:00:00.000000000,39.25,beauty
735,ord_00004355,2025-11-18 00:00:00.000000000,37.16,home_goods
736,ord_00004356,2024-10-17 00:00:00.000000000,17.32,outdoor
736,ord_00004357,2024-11-07 10:08:43.605291006,32.24,beauty
736,ord_00004358,2024-12-15 11:33:58.815860243,64.18,home_goods
736,ord_00004359,2025-01-25 11:34:46.664691906,60.74,beauty
736,ord_00004360,2025-03-14 09:21:35.526943664,42.5,apparel
736,ord_00004361,2025-05-19 14:44:57.035131308,73.73,home_goods
736,ord_00004362,2025-07-01 14:14:25.848940710,53.15,home_goods
736,ord_00004363,2025-08-01 12:52:08.692245375,41.16,apparel
736,ord_00004364,2025-08-25 02:19:47.744279601,48.98,outdoor
736,ord_00004365,2025-10-14 01:14:24.052159854,50.71,electronics_accessories
736,ord_00004366,2025-11-14 08:56:27.725804301,69.98,apparel
736,ord_00004367,2026-01-06 02:18:22.042918111,51.57,apparel
736,ord_00004368,2026-03-08 22:00:04.268368617,40.96,home_goods
736,ord_00004369,2026-04-03 11:54:27.242584258,24.0,outdoor
736,ord_00004370,2026-05-21 11:52:55.175474082,52.62,electronics_accessories
736,ord_00004371,2026-07-20 09:39:22.783838698,63.34,outdoor
737,ord_00004372,2025-10-08 00:00:00.000000000,120.95,home_goods
738,ord_00004373,2024-09-16 00:00:00.000000000,42.78,home_goods
739,ord_00004374,2025-12-15 00:00:00.000000000,84.65,outdoor
740,ord_00004375,2025-01-07 00:00:00.000000000,153.04,electronics_accessories
741,ord_00004376,2024-11-23 00:00:00.000000000,116.78,beauty
742,ord_00004377,2025-11-26 00:00:00.000000000,108.89,beauty
743,ord_00004378,2024-09-14 00:00:00.000000000,57.11,electronics_accessories
743,ord_00004379,2024-10-31 02:54:46.419117579,32.72,outdoor
743,ord_00004380,2024-12-15 06:26:31.649005862,132.54,beauty
743,ord_00004381,2025-02-04 18:22:42.809985578,52.3,electronics_accessories
743,ord_00004382,2025-03-08 17:51:35.237707229,59.17,electronics_accessories
743,ord_00004383,2025-04-15 17:05:32.534855860,29.93,apparel
743,ord_00004384,2025-06-08 12:59:46.246990115,33.37,beauty
743,ord_00004385,2025-07-08 11:56:13.099057515,34.65,home_goods
743,ord_00004386,2025-08-21 10:44:56.849034467,95.95,apparel
743,ord_00004387,2025-09-25 02:33:43.438216925,38.02,apparel
743,ord_00004388,2025-11-03 11:29:55.382438946,52.12,home_goods
743,ord_00004389,2025-12-11 10:39:38.629625681,41.58,beauty
743,ord_00004390,2026-01-09 15:54:54.421441386,77.56,electronics_accessories
743,ord_00004391,2026-02-12 21:25:41.037417882,88.73,home_goods
743,ord_00004392,2026-03-23 13:14:44.969770656,49.18,home_goods
743,ord_00004393,2026-04-28 10:37:41.353339030,34.94,electronics_accessories
743,ord_00004394,2026-06-26 18:33:31.962312950,26.74,home_goods
744,ord_00004395,2025-04-13 00:00:00.000000000,33.74,apparel
745,ord_00004396,2025-06-07 00:00:00.000000000,30.55,electronics_accessories
746,ord_00004397,2025-10-27 00:00:00.000000000,31.36,apparel
747,ord_00004398,2025-09-07 00:00:00.000000000,41.56,outdoor
748,ord_00004399,2025-02-15 00:00:00.000000000,82.79,beauty
749,ord_00004400,2026-01-27 00:00:00.000000000,39.37,home_goods
749,ord_00004401,2026-04-11 20:58:24.591573130,54.79,home_goods
749,ord_00004402,2026-07-15 04:14:38.288872115,108.81,apparel
750,ord_00004403,2025-07-08 00:00:00.000000000,41.57,beauty
750,ord_00004404,2025-09-07 03:11:13.636423633,36.05,apparel
750,ord_00004405,2025-11-13 07:30:03.219831738,19.71,outdoor
750,ord_00004406,2026-01-15 10:22:30.835128328,26.07,home_goods
750,ord_00004407,2026-02-28 11:03:52.945297993,44.8,outdoor
750,ord_00004408,2026-06-16 00:44:31.225031289,59.9,apparel
751,ord_00004409,2024-09-18 00:00:00.000000000,66.05,apparel
752,ord_00004410,2026-04-12 00:00:00.000000000,33.27,outdoor
753,ord_00004411,2025-05-27 00:00:00.000000000,23.27,electronics_accessories
754,ord_00004412,2025-10-22 00:00:00.000000000,24.5,outdoor
755,ord_00004413,2024-10-24 00:00:00.000000000,24.15,apparel
755,ord_00004414,2024-11-06 07:47:41.120051972,27.73,beauty
755,ord_00004415,2024-11-22 23:30:43.780402416,47.24,beauty
755,ord_00004416,2024-12-07 03:13:31.453456520,69.81,outdoor
755,ord_00004417,2024-12-30 12:23:01.583894164,80.11,home_goods
755,ord_00004418,2025-01-17 06:32:14.155843134,59.43,home_goods
755,ord_00004419,2025-01-31 17:01:41.161967375,17.38,electronics_accessories
755,ord_00004420,2025-02-16 15:29:59.343016758,26.65,outdoor
755,ord_00004421,2025-03-12 13:30:20.064420043,49.14,outdoor
755,ord_00004422,2025-04-03 08:24:20.649337783,84.76,electronics_accessories
755,ord_00004423,2025-04-15 03:18:25.273493351,45.51,outdoor
755,ord_00004424,2025-04-28 15:53:15.299422240,36.39,home_goods
755,ord_00004425,2025-05-17 18:56:27.026084728,76.08,beauty
755,ord_00004426,2025-06-05 05:34:23.082882826,37.52,home_goods
755,ord_00004427,2025-06-17 08:04:34.846337754,34.13,outdoor
755,ord_00004428,2025-07-08 02:30:30.212951245,141.55,outdoor
755,ord_00004429,2025-07-20 19:15:03.089150684,29.54,beauty
755,ord_00004430,2025-08-14 07:55:39.596060976,55.48,electronics_accessories
755,ord_00004431,2025-09-02 18:34:13.593806513,44.14,electronics_accessories
755,ord_00004432,2025-09-14 14:03:12.184692970,75.11,home_goods
755,ord_00004433,2025-09-28 17:44:02.971001665,66.56,outdoor
755,ord_00004434,2025-10-12 19:38:52.978482730,49.0,electronics_accessories
755,ord_00004435,2025-10-30 05:19:05.965274278,47.54,home_goods
755,ord_00004436,2025-11-14 19:47:51.027081458,53.95,home_goods
755,ord_00004437,2025-11-26 14:07:45.139025616,53.76,outdoor
755,ord_00004438,2025-12-07 12:09:26.103900662,47.07,home_goods
755,ord_00004439,2025-12-27 01:32:54.003724924,41.83,beauty
755,ord_00004440,2026-01-14 03:21:20.158817457,42.27,apparel
755,ord_00004441,2026-01-31 06:16:20.332867850,55.15,home_goods
755,ord_00004442,2026-02-18 06:03:59.077891986,82.93,beauty
755,ord_00004443,2026-03-04 00:42:50.898562691,19.36,beauty
755,ord_00004444,2026-03-21 13:25:01.505795009,69.14,electronics_accessories
755,ord_00004445,2026-04-26 02:00:32.199980433,41.77,beauty
755,ord_00004446,2026-05-19 16:17:42.151074706,29.18,apparel
755,ord_00004447,2026-06-03 21:24:28.763026659,84.15,home_goods
755,ord_00004448,2026-06-18 01:40:14.233714153,78.76,electronics_accessories
755,ord_00004449,2026-06-25 02:27:03.069755741,117.21,outdoor
755,ord_00004450,2026-07-17 23:01:59.781841094,17.76,home_goods
755,ord_00004451,2026-08-07 23:06:04.061871033,20.0,apparel
756,ord_00004452,2024-09-18 00:00:00.000000000,34.93,electronics_accessories
757,ord_00004453,2024-12-28 00:00:00.000000000,44.33,electronics_accessories
758,ord_00004454,2025-09-20 00:00:00.000000000,51.84,home_goods
758,ord_00004455,2025-09-30 06:57:14.469600318,98.71,apparel
758,ord_00004456,2025-10-15 07:22:00.578542916,32.42,apparel
758,ord_00004457,2025-11-05 19:33:43.287152557,103.29,apparel
758,ord_00004458,2025-11-20 17:06:00.512393235,64.73,home_goods
758,ord_00004459,2025-12-02 13:12:38.356000181,91.52,electronics_accessories
758,ord_00004460,2025-12-10 10:20:01.837120220,73.54,home_goods
758,ord_00004461,2025-12-30 09:47:43.716849776,84.12,home_goods
758,ord_00004462,2026-01-11 10:41:44.860119302,183.94,home_goods
758,ord_00004463,2026-01-22 02:02:40.239677267,54.5,beauty
758,ord_00004464,2026-01-31 01:23:39.481555781,59.78,apparel
758,ord_00004465,2026-02-09 19:20:59.308396900,34.47,electronics_accessories
758,ord_00004466,2026-02-21 01:22:12.188199073,64.97,electronics_accessories
758,ord_00004467,2026-03-07 00:43:50.601577984,36.64,beauty
758,ord_00004468,2026-03-17 11:25:34.072031896,79.02,home_goods
758,ord_00004469,2026-04-02 08:20:24.451387716,32.66,electronics_accessories
758,ord_00004470,2026-04-16 06:56:13.720029652,63.97,home_goods
758,ord_00004471,2026-05-15 12:36:14.808359659,41.18,apparel
758,ord_00004472,2026-05-24 12:39:29.122947650,50.32,beauty
758,ord_00004473,2026-06-09 06:48:48.302097738,28.99,apparel
758,ord_00004474,2026-06-25 02:23:32.639843182,55.68,apparel
758,ord_00004475,2026-07-06 02:51:12.418787964,18.28,apparel
758,ord_00004476,2026-07-21 13:34:10.886219471,20.37,beauty
759,ord_00004477,2026-05-06 00:00:00.000000000,61.14,electronics_accessories
760,ord_00004478,2026-02-23 00:00:00.000000000,43.41,apparel
761,ord_00004479,2026-03-01 00:00:00.000000000,47.05,beauty
761,ord_00004480,2026-03-28 15:28:05.519619126,33.51,beauty
761,ord_00004481,2026-04-21 22:53:40.326632909,51.16,electronics_accessories
761,ord_00004482,2026-05-23 13:23:50.693563401,166.53,outdoor
761,ord_00004483,2026-06-25 13:00:35.625952947,49.33,electronics_accessories
761,ord_00004484,2026-07-18 10:26:17.775929802,25.64,beauty
761,ord_00004485,2026-08-01 14:24:44.723225023,76.51,electronics_accessories
762,ord_00004486,2025-12-30 00:00:00.000000000,97.5,electronics_accessories
763,ord_00004487,2025-08-26 00:00:00.000000000,42.47,electronics_accessories
764,ord_00004488,2026-03-04 00:00:00.000000000,67.79,apparel
765,ord_00004489,2024-12-06 00:00:00.000000000,151.62,outdoor
765,ord_00004490,2025-01-15 09:10:01.401791731,78.06,outdoor
765,ord_00004491,2025-03-19 07:58:19.743297023,61.33,home_goods
765,ord_00004492,2025-05-12 16:14:54.188580412,56.15,beauty
765,ord_00004493,2025-06-10 04:48:48.155257611,145.85,outdoor
765,ord_00004494,2025-08-01 07:41:04.112062919,33.97,electronics_accessories
765,ord_00004495,2025-09-21 12:54:14.488179145,46.39,outdoor
765,ord_00004496,2025-11-14 03:47:45.102955654,23.57,home_goods
765,ord_00004497,2026-01-10 07:13:12.373086829,37.59,home_goods
765,ord_00004498,2026-03-26 14:47:08.253793989,65.94,electronics_accessories
765,ord_00004499,2026-05-20 01:17:36.604346194,29.64,apparel
765,ord_00004500,2026-07-07 11:11:53.664862208,103.08,beauty
766,ord_00004501,2025-09-21 00:00:00.000000000,109.18,home_goods
767,ord_00004502,2024-11-25 00:00:00.000000000,48.53,outdoor
768,ord_00004503,2025-06-25 00:00:00.000000000,37.01,beauty
769,ord_00004504,2025-02-15 00:00:00.000000000,45.25,home_goods
770,ord_00004505,2025-02-05 00:00:00.000000000,79.22,beauty
770,ord_00004506,2025-03-11 14:40:25.342219777,91.11,beauty
770,ord_00004507,2025-04-17 08:17:38.484415987,58.18,beauty
770,ord_00004508,2025-05-31 09:47:37.365256913,59.09,electronics_accessories
770,ord_00004509,2025-07-28 06:43:16.004644983,48.77,electronics_accessories
770,ord_00004510,2025-08-27 21:44:23.761301521,54.25,outdoor
770,ord_00004511,2025-10-02 14:50:39.407622735,41.73,home_goods
770,ord_00004512,2025-11-03 00:33:00.879549292,64.3,outdoor
770,ord_00004513,2025-12-03 19:40:46.585983058,40.98,apparel
770,ord_00004514,2026-01-05 20:56:38.045284432,62.86,outdoor
770,ord_00004515,2026-02-12 02:50:32.047870783,41.52,apparel
770,ord_00004516,2026-03-31 05:11:56.593936037,54.73,home_goods
770,ord_00004517,2026-05-13 17:02:18.199053942,53.61,apparel
770,ord_00004518,2026-06-11 11:34:32.586717507,114.64,apparel
771,ord_00004519,2026-06-15 00:00:00.000000000,42.04,apparel
772,ord_00004520,2026-03-19 00:00:00.000000000,50.98,outdoor
772,ord_00004521,2026-05-05 12:45:26.919621040,26.43,outdoor
772,ord_00004522,2026-06-23 16:32:08.730701217,62.11,electronics_accessories
773,ord_00004523,2024-08-08 00:00:00.000000000,58.23,beauty
773,ord_00004524,2024-11-13 12:26:29.061513955,80.28,home_goods
773,ord_00004525,2025-01-10 16:18:21.985028235,183.68,electronics_accessories
773,ord_00004526,2025-04-10 21:45:29.108031432,38.14,apparel
773,ord_00004527,2025-06-10 13:29:00.353095803,72.31,outdoor
773,ord_00004528,2025-09-17 06:41:10.793213524,34.82,apparel
773,ord_00004529,2025-11-09 13:28:41.918630529,82.19,apparel
773,ord_00004530,2025-12-09 14:47:25.590988769,53.11,outdoor
773,ord_00004531,2026-02-07 06:24:42.890807579,21.8,outdoor
773,ord_00004532,2026-05-20 06:09:51.213857379,68.58,electronics_accessories
773,ord_00004533,2026-07-30 23:47:40.435149251,47.85,outdoor
774,ord_00004534,2025-04-20 00:00:00.000000000,46.44,electronics_accessories
774,ord_00004535,2025-05-13 23:20:05.948356357,84.15,home_goods
774,ord_00004536,2025-06-09 14:22:08.084904953,50.44,apparel
774,ord_00004537,2025-07-04 12:10:21.003294748,53.19,electronics_accessories
774,ord_00004538,2025-08-28 13:52:59.109434678,53.86,home_goods
774,ord_00004539,2025-10-05 05:12:35.693560739,38.2,beauty
774,ord_00004540,2025-10-26 15:05:10.288220371,24.12,home_goods
774,ord_00004541,2025-12-18 08:49:33.360424962,39.11,electronics_accessories
774,ord_00004542,2026-01-12 12:16:39.954986622,37.42,electronics_accessories
774,ord_00004543,2026-02-10 09:30:22.918450789,58.88,outdoor
774,ord_00004544,2026-03-19 20:55:29.263172067,31.27,electronics_accessories
774,ord_00004545,2026-04-04 17:26:24.694075709,67.11,beauty
774,ord_00004546,2026-05-01 09:24:23.220346591,28.4,home_goods
774,ord_00004547,2026-05-25 11:57:19.216124451,55.8,apparel
774,ord_00004548,2026-06-24 22:41:15.622207366,23.64,outdoor
774,ord_00004549,2026-07-26 22:29:40.024957584,36.8,home_goods
775,ord_00004550,2025-09-22 00:00:00.000000000,33.47,apparel
776,ord_00004551,2026-07-04 00:00:00.000000000,33.36,beauty
777,ord_00004552,2026-08-04 00:00:00.000000000,40.41,electronics_accessories
778,ord_00004553,2025-04-01 00:00:00.000000000,91.6,home_goods
779,ord_00004554,2025-10-11 00:00:00.000000000,40.56,apparel
779,ord_00004555,2025-11-12 05:30:20.350117340,74.22,apparel
779,ord_00004556,2025-12-09 13:08:13.225545462,25.66,beauty
779,ord_00004557,2026-01-09 13:53:31.501149615,39.21,apparel
779,ord_00004558,2026-02-01 02:44:09.435838452,90.23,home_goods
779,ord_00004559,2026-02-23 00:21:28.389819217,61.94,outdoor
779,ord_00004560,2026-03-25 16:29:21.916111091,54.48,electronics_accessories
779,ord_00004561,2026-04-25 12:49:26.291787235,75.57,outdoor
779,ord_00004562,2026-06-01 14:06:09.322546528,48.58,outdoor
779,ord_00004563,2026-06-26 04:10:58.535295649,44.0,home_goods
779,ord_00004564,2026-07-18 14:35:33.925106875,48.91,outdoor
779,ord_00004565,2026-07-29 16:23:28.379919339,34.17,apparel
780,ord_00004566,2025-10-16 00:00:00.000000000,54.17,home_goods
780,ord_00004567,2025-11-12 23:52:39.592000930,45.29,home_goods
780,ord_00004568,2025-12-15 03:42:07.617339096,41.18,electronics_accessories
780,ord_00004569,2026-02-18 23:04:59.219730734,33.21,apparel
780,ord_00004570,2026-04-04 23:58:18.528463637,86.19,home_goods
780,ord_00004571,2026-05-25 12:51:47.887914300,23.18,home_goods
780,ord_00004572,2026-06-21 12:46:18.272731132,98.5,outdoor
780,ord_00004573,2026-07-21 13:00:21.747393900,45.08,apparel
781,ord_00004574,2026-03-20 00:00:00.000000000,78.42,home_goods
782,ord_00004575,2026-07-22 00:00:00.000000000,19.39,outdoor
783,ord_00004576,2026-04-11 00:00:00.000000000,40.93,apparel
784,ord_00004577,2026-01-19 00:00:00.000000000,40.79,apparel
784,ord_00004578,2026-03-10 18:43:29.562941606,111.41,home_goods
784,ord_00004579,2026-05-13 04:02:11.365971126,29.24,outdoor
784,ord_00004580,2026-06-19 13:05:07.186084001,64.61,beauty
784,ord_00004581,2026-08-07 21:16:39.696915997,30.33,home_goods
785,ord_00004582,2024-09-05 00:00:00.000000000,71.51,beauty
785,ord_00004583,2025-04-01 14:31:10.187409176,62.14,outdoor
785,ord_00004584,2025-07-23 10:34:34.097846970,45.17,outdoor
785,ord_00004585,2025-11-06 17:29:17.466754260,55.95,home_goods
785,ord_00004586,2026-03-22 08:12:45.271542826,89.96,home_goods
785,ord_00004587,2026-07-25 13:33:13.200009564,33.96,outdoor
786,ord_00004588,2024-10-07 00:00:00.000000000,60.48,home_goods
787,ord_00004589,2026-05-21 00:00:00.000000000,20.99,home_goods
787,ord_00004590,2026-06-06 21:12:09.381914920,48.81,apparel
787,ord_00004591,2026-07-03 22:39:18.714140371,57.05,home_goods
788,ord_00004592,2025-01-30 00:00:00.000000000,24.23,home_goods
789,ord_00004593,2026-01-31 00:00:00.000000000,34.22,electronics_accessories
789,ord_00004594,2026-04-01 13:36:51.157438412,58.63,electronics_accessories
789,ord_00004595,2026-06-10 13:56:38.831820999,82.09,outdoor
790,ord_00004596,2025-09-05 00:00:00.000000000,29.58,outdoor
790,ord_00004597,2025-10-01 02:52:39.920438532,125.41,home_goods
790,ord_00004598,2025-11-12 16:05:31.071547340,84.68,apparel
790,ord_00004599,2025-12-01 15:40:48.317334922,50.15,electronics_accessories
790,ord_00004600,2025-12-22 05:23:42.386415901,23.33,home_goods
790,ord_00004601,2026-01-18 06:42:28.735908270,16.85,home_goods
790,ord_00004602,2026-02-16 00:11:22.046787632,51.37,outdoor
790,ord_00004603,2026-03-17 06:19:10.023916107,54.77,electronics_accessories
790,ord_00004604,2026-04-04 18:27:27.267330615,31.45,beauty
790,ord_00004605,2026-04-25 02:30:44.944440563,84.03,beauty
790,ord_00004606,2026-05-20 13:15:55.963318717,36.21,electronics_accessories
790,ord_00004607,2026-06-24 09:21:18.436453510,69.11,apparel
790,ord_00004608,2026-07-16 14:20:31.834981201,46.51,home_goods
791,ord_00004609,2025-08-29 00:00:00.000000000,39.39,home_goods
792,ord_00004610,2025-05-15 00:00:00.000000000,59.78,electronics_accessories
793,ord_00004611,2025-10-29 00:00:00.000000000,98.1,home_goods
794,ord_00004612,2025-05-29 00:00:00.000000000,47.08,home_goods
795,ord_00004613,2024-09-19 00:00:00.000000000,92.26,apparel
796,ord_00004614,2025-03-09 00:00:00.000000000,7.07,apparel
797,ord_00004615,2026-08-02 00:00:00.000000000,54.93,beauty
798,ord_00004616,2025-11-05 00:00:00.000000000,67.01,home_goods
799,ord_00004617,2024-09-07 00:00:00.000000000,85.53,home_goods
799,ord_00004618,2024-10-27 17:15:01.066405839,36.13,electronics_accessories
799,ord_00004619,2025-01-21 20:57:03.391753448,17.27,electronics_accessories
799,ord_00004620,2025-04-01 07:21:07.281108352,67.94,apparel
799,ord_00004621,2025-06-04 23:39:25.593184810,126.61,apparel
799,ord_00004622,2025-08-07 17:23:31.891036244,56.06,outdoor
799,ord_00004623,2025-10-24 12:04:59.822389465,43.24,beauty
799,ord_00004624,2026-01-07 04:21:52.890573643,34.57,apparel
799,ord_00004625,2026-03-01 07:37:34.887755778,41.92,home_goods
799,ord_00004626,2026-05-14 07:06:56.809411658,33.93,home_goods
799,ord_00004627,2026-07-11 04:58:11.049900981,60.08,beauty
800,ord_00004628,2026-04-04 00:00:00.000000000,232.83,home_goods
800,ord_00004629,2026-04-18 20:30:58.098666712,20.51,electronics_accessories
800,ord_00004630,2026-05-04 17:27:58.928291567,49.22,outdoor
800,ord_00004631,2026-05-21 13:45:59.546089384,63.57,home_goods
800,ord_00004632,2026-06-06 12:55:24.829048624,70.23,electronics_accessories
800,ord_00004633,2026-06-28 05:29:05.420498234,43.16,apparel
800,ord_00004634,2026-07-16 11:28:56.004230709,37.66,beauty
801,ord_00004635,2026-04-25 00:00:00.000000000,65.7,outdoor
801,ord_00004636,2026-06-16 11:04:59.119896813,44.73,electronics_accessories
802,ord_00004637,2025-06-29 00:00:00.000000000,31.19,outdoor
803,ord_00004638,2024-09-14 00:00:00.000000000,46.81,outdoor
803,ord_00004639,2024-11-02 14:29:13.385798970,40.74,beauty
803,ord_00004640,2024-12-06 11:59:05.993655342,104.16,home_goods
803,ord_00004641,2025-02-10 05:58:45.370976298,42.81,electronics_accessories
803,ord_00004642,2025-04-29 12:38:09.589276251,37.79,outdoor
803,ord_00004643,2025-06-04 22:06:25.370571478,54.2,electronics_accessories
803,ord_00004644,2025-08-12 13:37:07.992086587,17.39,beauty
803,ord_00004645,2025-09-03 01:39:45.585809834,29.77,outdoor
803,ord_00004646,2025-11-02 17:58:41.574186996,78.81,apparel
803,ord_00004647,2025-12-06 17:14:03.893455565,42.51,outdoor
803,ord_00004648,2026-02-03 14:29:33.197649961,37.55,home_goods
803,ord_00004649,2026-03-08 12:49:15.152238598,28.09,electronics_accessories
803,ord_00004650,2026-04-20 13:53:07.663536210,62.11,home_goods
803,ord_00004651,2026-05-25 00:52:43.479162144,43.06,beauty
803,ord_00004652,2026-07-05 05:51:06.316465615,60.27,home_goods
804,ord_00004653,2026-02-26 00:00:00.000000000,66.73,outdoor
804,ord_00004654,2026-03-31 01:21:29.556026273,28.51,outdoor
804,ord_00004655,2026-05-29 08:49:58.413993156,46.76,apparel
804,ord_00004656,2026-08-04 11:37:56.657369163,51.04,apparel
805,ord_00004657,2024-11-17 00:00:00.000000000,74.45,outdoor
806,ord_00004658,2026-07-06 00:00:00.000000000,56.91,home_goods
807,ord_00004659,2025-10-25 00:00:00.000000000,66.02,electronics_accessories
807,ord_00004660,2025-11-23 10:49:09.376339123,42.46,beauty
807,ord_00004661,2025-12-16 01:25:47.512265885,54.78,outdoor
807,ord_00004662,2026-01-17 16:12:03.102198753,85.4,outdoor
807,ord_00004663,2026-02-15 03:00:40.906263950,8.83,beauty
807,ord_00004664,2026-03-10 08:48:20.263123055,76.33,beauty
807,ord_00004665,2026-04-21 03:41:12.277173634,42.5,home_goods
807,ord_00004666,2026-05-20 21:29:38.880074913,80.98,home_goods
807,ord_00004667,2026-06-23 16:36:58.623741807,35.07,apparel
807,ord_00004668,2026-08-05 11:22:03.231318568,93.28,beauty
808,ord_00004669,2025-10-09 00:00:00.000000000,48.01,outdoor
809,ord_00004670,2024-08-15 00:00:00.000000000,32.7,home_goods
810,ord_00004671,2024-09-25 00:00:00.000000000,52.09,apparel
810,ord_00004672,2025-01-19 19:25:35.739694002,80.96,outdoor
810,ord_00004673,2025-04-29 14:59:30.122164116,50.78,outdoor
810,ord_00004674,2025-06-16 22:12:24.485841003,30.87,electronics_accessories
810,ord_00004675,2025-08-09 17:36:58.422265907,36.49,outdoor
810,ord_00004676,2025-11-02 04:14:19.515126872,107.91,electronics_accessories
810,ord_00004677,2026-01-20 16:36:30.857127467,73.78,beauty
810,ord_00004678,2026-03-30 21:04:14.451417933,32.07,apparel
811,ord_00004679,2026-06-11 00:00:00.000000000,59.2,beauty
812,ord_00004680,2025-01-27 00:00:00.000000000,47.94,outdoor
813,ord_00004681,2025-01-01 00:00:00.000000000,46.4,electronics_accessories
813,ord_00004682,2025-02-06 08:08:46.171730031,59.98,electronics_accessories
813,ord_00004683,2025-03-20 07:21:50.326140711,27.81,electronics_accessories
813,ord_00004684,2025-04-20 00:35:37.001030964,28.12,home_goods
813,ord_00004685,2025-06-09 20:22:10.409137312,46.8,home_goods
813,ord_00004686,2025-08-03 21:55:31.714946856,41.82,home_goods
813,ord_00004687,2025-10-01 21:25:35.174863684,53.23,electronics_accessories
813,ord_00004688,2025-11-24 09:57:49.624950982,47.1,apparel
813,ord_00004689,2026-01-05 14:00:28.226721312,135.16,home_goods
813,ord_00004690,2026-03-16 09:21:53.795472968,62.07,electronics_accessories
813,ord_00004691,2026-05-12 15:55:00.159119562,68.26,outdoor
813,ord_00004692,2026-07-18 03:06:59.669747409,49.63,electronics_accessories
814,ord_00004693,2025-02-27 00:00:00.000000000,56.22,electronics_accessories
814,ord_00004694,2025-03-17 23:41:47.610189476,161.39,home_goods
814,ord_00004695,2025-04-07 16:16:55.732263426,26.39,beauty
814,ord_00004696,2025-05-05 10:58:12.304082638,29.41,apparel
814,ord_00004697,2025-05-30 21:32:41.635065553,29.43,electronics_accessories
814,ord_00004698,2025-07-07 15:17:50.343570253,67.9,electronics_accessories
814,ord_00004699,2025-08-03 08:31:53.054949987,94.19,outdoor
814,ord_00004700,2025-08-28 03:25:28.021069936,29.81,electronics_accessories
814,ord_00004701,2025-09-17 01:14:22.743028730,62.76,electronics_accessories
814,ord_00004702,2025-10-03 00:56:13.441020681,55.71,electronics_accessories
814,ord_00004703,2025-10-21 10:24:49.371994850,56.71,outdoor
814,ord_00004704,2025-11-08 03:00:40.215248292,51.89,home_goods
814,ord_00004705,2025-11-18 05:57:09.998881255,45.11,outdoor
814,ord_00004706,2025-12-04 08:58:59.968271467,150.54,outdoor
814,ord_00004707,2026-01-08 16:01:48.872399500,54.05,apparel
814,ord_00004708,2026-02-02 01:03:58.130633191,56.14,beauty
814,ord_00004709,2026-02-21 12:54:38.373224896,35.55,apparel
814,ord_00004710,2026-03-18 03:12:51.595589063,61.6,outdoor
814,ord_00004711,2026-03-30 06:43:24.960880226,40.04,electronics_accessories
814,ord_00004712,2026-04-23 00:46:21.669799863,49.87,outdoor
814,ord_00004713,2026-05-25 01:11:45.780514212,30.42,beauty
814,ord_00004714,2026-06-15 02:17:49.315480836,55.62,apparel
814,ord_00004715,2026-06-27 22:06:40.375167135,79.85,home_goods
814,ord_00004716,2026-07-17 04:44:00.726411724,46.78,electronics_accessories
815,ord_00004717,2025-08-12 00:00:00.000000000,49.45,beauty
816,ord_00004718,2024-12-20 00:00:00.000000000,64.78,outdoor
816,ord_00004719,2025-02-11 13:16:39.888965306,20.55,electronics_accessories
816,ord_00004720,2025-03-31 03:53:46.639776487,64.61,apparel
816,ord_00004721,2025-06-05 03:19:51.192957982,44.2,beauty
816,ord_00004722,2025-07-15 02:27:02.127343733,38.58,electronics_accessories
816,ord_00004723,2025-10-26 00:49:52.161352022,23.68,outdoor
816,ord_00004724,2025-12-26 13:01:57.867431617,33.01,apparel
816,ord_00004725,2026-01-30 10:13:51.373900134,37.79,beauty
816,ord_00004726,2026-03-23 03:28:56.025291636,43.45,electronics_accessories
816,ord_00004727,2026-05-23 19:56:50.056290897,34.73,outdoor
816,ord_00004728,2026-07-06 21:16:13.634030095,59.37,home_goods
816,ord_00004729,2026-08-07 03:02:16.861471134,51.39,beauty
817,ord_00004730,2024-12-27 00:00:00.000000000,79.7,apparel
817,ord_00004731,2025-01-15 17:09:52.204269727,42.55,outdoor
817,ord_00004732,2025-02-07 09:36:12.581755569,52.8,outdoor
817,ord_00004733,2025-02-27 14:59:17.954441825,90.19,apparel
817,ord_00004734,2025-03-31 17:29:02.333707156,126.25,outdoor
817,ord_00004735,2025-04-24 23:49:10.082819636,16.85,beauty
817,ord_00004736,2025-05-14 00:14:48.375990518,39.71,apparel
817,ord_00004737,2025-06-07 12:27:53.951892849,62.27,apparel
817,ord_00004738,2025-06-27 10:45:10.733073184,20.83,outdoor
817,ord_00004739,2025-07-17 08:32:36.260491939,94.95,home_goods
817,ord_00004740,2025-08-15 07:58:07.103684791,37.35,home_goods
817,ord_00004741,2025-08-30 08:00:07.601225645,28.45,beauty
817,ord_00004742,2025-09-19 02:39:58.131390746,60.05,apparel
817,ord_00004743,2025-10-17 04:11:33.594651047,55.75,outdoor
817,ord_00004744,2025-11-07 17:19:53.691840200,30.28,electronics_accessories
817,ord_00004745,2025-11-25 07:17:11.385265256,100.7,beauty
817,ord_00004746,2025-12-07 01:48:40.770138942,60.29,apparel
817,ord_00004747,2025-12-17 00:20:41.819017348,38.07,home_goods
817,ord_00004748,2026-01-22 15:04:01.477144737,102.77,outdoor
817,ord_00004749,2026-02-13 04:07:54.214160202,87.65,beauty
817,ord_00004750,2026-03-01 15:43:38.300106216,36.9,electronics_accessories
817,ord_00004751,2026-03-23 11:10:56.991838961,60.41,home_goods
817,ord_00004752,2026-04-07 05:53:47.768036474,37.52,electronics_accessories
817,ord_00004753,2026-04-25 00:40:13.222759583,36.9,apparel
817,ord_00004754,2026-05-09 20:06:06.245099832,60.31,outdoor
817,ord_00004755,2026-05-22 16:34:26.793493816,65.76,outdoor
817,ord_00004756,2026-06-02 03:14:22.144372333,57.71,electronics_accessories
817,ord_00004757,2026-06-14 07:06:43.235075663,61.85,apparel
817,ord_00004758,2026-07-10 23:27:10.487653774,41.16,apparel
817,ord_00004759,2026-07-25 14:01:09.081548848,64.84,beauty
818,ord_00004760,2025-07-18 00:00:00.000000000,38.34,outdoor
819,ord_00004761,2025-12-21 00:00:00.000000000,35.65,electronics_accessories
819,ord_00004762,2026-01-17 18:55:07.067463913,72.7,outdoor
819,ord_00004763,2026-03-10 14:34:05.231057934,14.13,beauty
819,ord_00004764,2026-04-15 15:59:09.492528114,45.66,home_goods
819,ord_00004765,2026-05-18 14:28:24.396933674,41.69,outdoor
819,ord_00004766,2026-06-12 09:24:30.594199626,53.53,home_goods
819,ord_00004767,2026-07-23 07:46:37.482978625,11.99,outdoor
820,ord_00004768,2025-08-08 00:00:00.000000000,56.89,electronics_accessories
821,ord_00004769,2025-01-30 00:00:00.000000000,32.4,apparel
822,ord_00004770,2024-08-09 00:00:00.000000000,38.73,electronics_accessories
822,ord_00004771,2024-10-04 22:16:58.363774809,46.23,home_goods
822,ord_00004772,2024-11-03 13:44:53.142295075,64.02,home_goods
822,ord_00004773,2024-12-04 05:00:40.511100754,28.14,home_goods
822,ord_00004774,2025-01-13 21:46:43.365983641,56.56,apparel
822,ord_00004775,2025-02-14 18:00:38.252841323,58.65,outdoor
822,ord_00004776,2025-03-16 09:56:31.901073115,109.47,outdoor
822,ord_00004777,2025-04-27 04:39:49.379284156,74.2,electronics_accessories
822,ord_00004778,2025-06-02 15:30:27.424135037,34.43,outdoor
822,ord_00004779,2025-07-07 03:33:08.096309080,44.08,beauty
822,ord_00004780,2025-08-06 11:56:54.809991384,92.58,beauty
822,ord_00004781,2025-09-04 00:25:44.016224169,80.82,beauty
822,ord_00004782,2025-10-15 16:18:15.172506540,69.34,outdoor
822,ord_00004783,2025-11-13 06:45:32.845553366,74.55,beauty
822,ord_00004784,2025-12-29 01:25:43.082710662,60.42,electronics_accessories
822,ord_00004785,2026-01-21 04:04:39.354316720,66.49,electronics_accessories
822,ord_00004786,2026-03-10 19:34:16.337229494,33.47,apparel
822,ord_00004787,2026-04-16 06:27:18.880897660,35.2,apparel
822,ord_00004788,2026-05-09 22:20:24.710150300,34.7,electronics_accessories
822,ord_00004789,2026-06-15 18:58:23.661294548,23.65,beauty
822,ord_00004790,2026-07-11 19:44:46.626768386,58.74,beauty
823,ord_00004791,2025-06-17 00:00:00.000000000,43.8,outdoor
824,ord_00004792,2025-12-06 00:00:00.000000000,109.87,home_goods
824,ord_00004793,2026-01-04 12:08:28.942087811,22.2,electronics_accessories
824,ord_00004794,2026-01-31 16:46:44.815370379,14.07,home_goods
824,ord_00004795,2026-03-20 09:45:13.803751748,99.17,apparel
824,ord_00004796,2026-04-15 04:05:23.147183527,167.03,electronics_accessories
824,ord_00004797,2026-05-23 05:42:57.214875722,40.65,outdoor
824,ord_00004798,2026-06-29 06:05:38.026493946,84.95,apparel
824,ord_00004799,2026-08-07 14:11:48.560108372,39.72,outdoor
825,ord_00004800,2026-02-26 00:00:00.000000000,38.64,electronics_accessories
825,ord_00004801,2026-03-26 01:09:03.186637544,44.61,outdoor
825,ord_00004802,2026-04-14 13:16:03.976337100,41.27,home_goods
825,ord_00004803,2026-05-01 21:00:32.959018251,62.01,apparel
825,ord_00004804,2026-05-27 21:30:10.311866672,29.46,outdoor
825,ord_00004805,2026-06-13 19:36:19.208438756,56.14,home_goods
825,ord_00004806,2026-07-03 21:10:52.298872563,20.2,outdoor
825,ord_00004807,2026-07-26 18:04:00.796776990,102.56,beauty
826,ord_00004808,2025-04-27 00:00:00.000000000,28.18,electronics_accessories
827,ord_00004809,2026-07-14 00:00:00.000000000,111.15,outdoor
827,ord_00004810,2026-08-06 10:10:45.288953887,32.71,beauty
828,ord_00004811,2024-08-16 00:00:00.000000000,93.09,beauty
829,ord_00004812,2025-04-14 00:00:00.000000000,64.29,beauty
829,ord_00004813,2025-06-12 19:16:02.901691535,56.79,beauty
829,ord_00004814,2025-07-19 06:30:15.894295585,24.15,beauty
829,ord_00004815,2025-08-17 18:44:50.423884756,118.12,electronics_accessories
829,ord_00004816,2025-09-14 14:21:06.059170588,68.66,outdoor
829,ord_00004817,2025-11-04 22:17:00.165154961,26.75,outdoor
829,ord_00004818,2025-12-23 08:20:06.133196963,38.17,electronics_accessories
829,ord_00004819,2026-02-20 14:19:05.818188432,137.63,beauty
829,ord_00004820,2026-04-01 06:49:24.175587119,44.96,apparel
829,ord_00004821,2026-04-29 08:03:13.810008793,47.98,home_goods
829,ord_00004822,2026-05-20 14:36:03.900322566,56.38,apparel
830,ord_00004823,2026-01-15 00:00:00.000000000,60.41,electronics_accessories
831,ord_00004824,2026-01-16 00:00:00.000000000,73.42,outdoor
831,ord_00004825,2026-02-16 07:32:58.144417187,20.37,beauty
831,ord_00004826,2026-03-22 06:03:59.841443244,30.2,outdoor
831,ord_00004827,2026-04-15 10:24:06.435386200,77.13,outdoor
831,ord_00004828,2026-05-23 15:24:01.674435895,111.26,outdoor
831,ord_00004829,2026-07-06 07:14:42.294429861,44.49,home_goods
831,ord_00004830,2026-08-05 16:40:39.268922745,26.48,beauty
832,ord_00004831,2026-03-08 00:00:00.000000000,22.33,apparel
832,ord_00004832,2026-04-07 07:44:43.469603006,40.99,home_goods
832,ord_00004833,2026-05-30 04:28:15.499137204,70.36,home_goods
832,ord_00004834,2026-06-30 12:15:18.442291003,38.53,electronics_accessories
833,ord_00004835,2025-10-12 00:00:00.000000000,76.36,outdoor
834,ord_00004836,2026-05-04 00:00:00.000000000,47.69,electronics_accessories
834,ord_00004837,2026-05-28 08:33:49.290273447,66.89,outdoor
834,ord_00004838,2026-06-20 13:35:50.150539833,36.32,home_goods
834,ord_00004839,2026-07-27 01:27:46.531527815,57.05,apparel
835,ord_00004840,2026-05-06 00:00:00.000000000,38.7,outdoor
835,ord_00004841,2026-07-08 21:37:16.959424337,60.59,beauty
836,ord_00004842,2025-01-30 00:00:00.000000000,38.48,apparel
836,ord_00004843,2025-04-05 18:28:05.149064671,28.95,electronics_accessories
836,ord_00004844,2025-07-15 14:47:59.237274449,60.32,home_goods
836,ord_00004845,2025-11-06 23:35:44.312948019,81.77,outdoor
836,ord_00004846,2026-01-29 11:22:55.140592736,146.93,apparel
836,ord_00004847,2026-04-17 12:10:43.147295459,86.27,beauty
836,ord_00004848,2026-07-16 03:51:26.010294434,62.5,apparel
837,ord_00004849,2026-01-22 00:00:00.000000000,32.72,apparel
837,ord_00004850,2026-02-09 05:49:43.751673427,62.23,electronics_accessories
837,ord_00004851,2026-03-06 19:40:29.561895085,67.37,apparel
837,ord_00004852,2026-04-08 15:21:07.644505103,12.26,home_goods
837,ord_00004853,2026-05-05 23:05:48.763131054,19.6,beauty
837,ord_00004854,2026-05-26 00:02:56.202144608,44.57,beauty
837,ord_00004855,2026-06-12 15:35:57.363154002,34.12,beauty
837,ord_00004856,2026-08-04 03:55:59.166539784,56.95,apparel
838,ord_00004857,2026-02-03 00:00:00.000000000,27.27,outdoor
838,ord_00004858,2026-03-23 21:55:34.613609335,66.53,outdoor
838,ord_00004859,2026-04-19 20:00:48.306797365,29.0,electronics_accessories
838,ord_00004860,2026-05-12 16:18:45.106472405,52.89,outdoor
838,ord_00004861,2026-06-14 22:19:03.351561509,30.49,apparel
838,ord_00004862,2026-07-16 06:04:03.920345021,102.93,home_goods
839,ord_00004863,2025-11-29 00:00:00.000000000,26.93,outdoor
840,ord_00004864,2025-08-16 00:00:00.000000000,45.2,outdoor
841,ord_00004865,2026-06-18 00:00:00.000000000,62.66,outdoor
842,ord_00004866,2024-09-20 00:00:00.000000000,34.08,electronics_accessories
842,ord_00004867,2024-10-26 17:04:56.268815712,31.61,apparel
842,ord_00004868,2025-01-04 03:28:36.392992384,74.12,electronics_accessories
842,ord_00004869,2025-02-26 17:46:18.658538137,46.33,apparel
842,ord_00004870,2025-04-15 17:57:39.368602256,33.4,electronics_accessories
842,ord_00004871,2025-05-24 15:15:06.511906015,46.17,apparel
842,ord_00004872,2025-06-21 06:49:13.279192732,45.21,beauty
842,ord_00004873,2025-08-12 17:11:18.636886112,85.29,electronics_accessories
842,ord_00004874,2025-09-20 18:09:04.019912860,52.81,electronics_accessories
842,ord_00004875,2025-10-22 04:45:49.163959192,21.6,electronics_accessories
842,ord_00004876,2025-11-25 22:54:48.416989783,85.45,apparel
842,ord_00004877,2025-12-23 22:24:15.404710526,17.5,home_goods
842,ord_00004878,2026-02-13 06:36:03.755765759,63.42,apparel
842,ord_00004879,2026-03-31 03:55:21.763188391,34.0,apparel
842,ord_00004880,2026-05-09 15:26:22.926834326,127.48,apparel
842,ord_00004881,2026-06-15 13:15:53.065166512,100.05,outdoor
842,ord_00004882,2026-07-16 00:48:23.821089521,52.84,electronics_accessories
842,ord_00004883,2026-08-04 18:23:33.104287198,35.76,home_goods
843,ord_00004884,2024-08-12 00:00:00.000000000,35.27,electronics_accessories
844,ord_00004885,2025-02-19 00:00:00.000000000,122.14,electronics_accessories
845,ord_00004886,2024-08-16 00:00:00.000000000,29.25,electronics_accessories
846,ord_00004887,2025-07-03 00:00:00.000000000,65.39,home_goods
846,ord_00004888,2025-08-03 10:30:01.793265418,44.5,electronics_accessories
846,ord_00004889,2025-09-14 23:15:47.716872508,58.72,beauty
846,ord_00004890,2025-10-09 06:25:48.837298310,77.67,electronics_accessories
846,ord_00004891,2025-11-26 20:30:22.354391042,64.42,electronics_accessories
846,ord_00004892,2025-12-25 14:13:07.799173961,45.63,outdoor
846,ord_00004893,2026-02-03 15:26:55.619883332,87.25,home_goods
846,ord_00004894,2026-03-11 07:55:51.491289274,36.73,home_goods
846,ord_00004895,2026-05-16 11:18:45.412109034,34.06,home_goods
846,ord_00004896,2026-06-27 01:19:49.941115533,74.8,apparel
847,ord_00004897,2026-05-12 00:00:00.000000000,74.35,home_goods
848,ord_00004898,2025-11-17 00:00:00.000000000,22.54,apparel
848,ord_00004899,2025-12-29 04:28:42.431227408,165.29,apparel
848,ord_00004900,2026-01-15 04:54:31.181561990,26.26,home_goods
848,ord_00004901,2026-02-27 14:52:05.942946592,56.48,beauty
848,ord_00004902,2026-03-28 15:47:02.529361153,30.24,home_goods
848,ord_00004903,2026-04-11 19:47:18.685191465,81.25,outdoor
848,ord_00004904,2026-05-24 08:48:49.827639583,40.72,apparel
848,ord_00004905,2026-06-28 16:37:43.898999594,49.86,electronics_accessories
848,ord_00004906,2026-07-21 21:36:43.701347408,47.89,electronics_accessories
849,ord_00004907,2025-08-19 00:00:00.000000000,36.96,electronics_accessories
850,ord_00004908,2026-01-05 00:00:00.000000000,46.79,electronics_accessories
850,ord_00004909,2026-02-06 09:12:36.095236687,39.29,apparel
850,ord_00004910,2026-03-08 05:07:58.682762847,62.01,apparel
850,ord_00004911,2026-03-26 02:43:18.156497194,75.41,apparel
850,ord_00004912,2026-04-11 15:50:02.535495317,77.24,electronics_accessories
850,ord_00004913,2026-05-04 05:52:54.882564837,109.09,electronics_accessories
850,ord_00004914,2026-06-18 10:39:08.197767962,157.97,electronics_accessories
850,ord_00004915,2026-07-05 20:07:39.844758386,90.8,beauty
850,ord_00004916,2026-07-28 09:32:02.502758956,75.46,apparel
851,ord_00004917,2026-05-24 00:00:00.000000000,129.04,electronics_accessories
852,ord_00004918,2024-09-30 00:00:00.000000000,65.3,apparel
853,ord_00004919,2025-04-07 00:00:00.000000000,51.94,beauty
853,ord_00004920,2025-05-23 16:04:54.061011007,54.54,apparel
853,ord_00004921,2025-07-20 03:30:21.624777919,51.0,beauty
853,ord_00004922,2025-08-21 17:59:40.819615152,37.2,outdoor
853,ord_00004923,2025-10-23 21:34:03.472388074,42.36,home_goods
853,ord_00004924,2025-12-15 20:21:49.038520314,22.14,electronics_accessories
853,ord_00004925,2026-02-05 22:47:18.970232795,26.49,outdoor
853,ord_00004926,2026-05-06 07:15:43.848731405,20.09,outdoor
853,ord_00004927,2026-06-19 16:22:29.488924463,47.7,beauty
854,ord_00004928,2024-08-26 00:00:00.000000000,40.04,home_goods
854,ord_00004929,2024-10-28 14:40:17.046330252,41.26,apparel
854,ord_00004930,2024-12-08 10:50:49.406542232,56.81,home_goods
854,ord_00004931,2025-02-16 01:50:32.849101404,81.61,apparel
854,ord_00004932,2025-05-08 02:56:04.698915646,32.07,beauty
854,ord_00004933,2025-07-07 05:20:17.125748471,38.46,apparel
854,ord_00004934,2025-09-05 19:53:07.726747506,45.0,electronics_accessories
854,ord_00004935,2025-10-12 08:41:33.583100743,121.19,home_goods
854,ord_00004936,2025-12-24 14:51:25.110654042,75.06,outdoor
854,ord_00004937,2026-03-25 17:06:32.476507316,52.42,electronics_accessories
854,ord_00004938,2026-05-23 12:51:07.922685898,55.15,beauty
854,ord_00004939,2026-07-07 04:57:58.071095875,33.28,outdoor
855,ord_00004940,2026-01-20 00:00:00.000000000,22.13,outdoor
856,ord_00004941,2024-12-10 00:00:00.000000000,31.91,electronics_accessories
857,ord_00004942,2026-05-10 00:00:00.000000000,72.28,electronics_accessories
857,ord_00004943,2026-07-23 03:51:06.286342143,55.86,outdoor
858,ord_00004944,2024-09-30 00:00:00.000000000,80.79,beauty
858,ord_00004945,2024-11-07 02:37:17.695771073,36.43,beauty
858,ord_00004946,2024-12-18 04:34:00.529345215,19.06,outdoor
858,ord_00004947,2025-02-16 18:28:29.086653856,22.36,apparel
858,ord_00004948,2025-03-20 23:04:25.420604928,62.62,outdoor
858,ord_00004949,2025-04-23 14:38:06.134042232,58.6,electronics_accessories
858,ord_00004950,2025-06-16 02:42:18.805610075,65.73,apparel
858,ord_00004951,2025-07-25 06:24:51.834844362,57.39,apparel
858,ord_00004952,2025-08-23 03:40:05.246350784,66.72,outdoor
858,ord_00004953,2025-10-29 03:22:00.918154151,30.48,outdoor
858,ord_00004954,2025-11-30 06:10:13.389402377,68.74,home_goods
858,ord_00004955,2026-01-11 07:56:49.571031503,100.91,outdoor
858,ord_00004956,2026-02-17 10:09:25.360083125,58.28,apparel
858,ord_00004957,2026-03-30 06:36:14.141642679,26.74,electronics_accessories
858,ord_00004958,2026-05-03 12:45:28.406961767,29.69,electronics_accessories
858,ord_00004959,2026-06-27 20:58:51.450412869,58.5,home_goods
859,ord_00004960,2026-07-05 00:00:00.000000000,39.83,home_goods
860,ord_00004961,2025-06-26 00:00:00.000000000,55.83,apparel
861,ord_00004962,2025-03-18 00:00:00.000000000,47.66,beauty
861,ord_00004963,2025-04-08 07:01:31.938945028,59.86,outdoor
861,ord_00004964,2025-04-26 02:27:06.136465461,53.01,outdoor
861,ord_00004965,2025-05-17 05:39:33.848177285,29.66,outdoor
861,ord_00004966,2025-06-07 21:14:07.998912994,29.02,apparel
861,ord_00004967,2025-07-16 21:31:59.134934599,55.91,apparel
861,ord_00004968,2025-08-06 15:38:43.322223021,62.76,apparel
861,ord_00004969,2025-08-18 12:12:38.203664967,58.2,outdoor
861,ord_00004970,2025-09-21 14:27:42.928762642,39.09,home_goods
861,ord_00004971,2025-10-17 06:34:06.395873292,88.45,beauty
861,ord_00004972,2025-11-07 20:14:20.170543443,100.21,home_goods
861,ord_00004973,2025-11-27 12:28:27.365934448,44.52,outdoor
861,ord_00004974,2025-12-14 09:44:55.192632180,75.16,apparel
861,ord_00004975,2026-01-23 12:45:05.848127883,120.42,outdoor
861,ord_00004976,2026-02-15 07:36:47.153147962,33.19,home_goods
861,ord_00004977,2026-02-28 15:17:30.800355928,50.87,outdoor
861,ord_00004978,2026-03-25 09:20:32.030748078,83.28,home_goods
861,ord_00004979,2026-04-26 14:30:29.056232202,26.26,home_goods
861,ord_00004980,2026-05-20 02:48:01.492853414,65.04,outdoor
861,ord_00004981,2026-06-06 05:37:26.584935072,48.91,apparel
861,ord_00004982,2026-06-22 21:33:58.121627491,43.68,outdoor
861,ord_00004983,2026-07-09 22:27:22.425919871,69.53,outdoor
862,ord_00004984,2025-07-16 00:00:00.000000000,46.92,apparel
862,ord_00004985,2025-08-04 02:03:21.657841847,103.36,beauty
862,ord_00004986,2025-08-26 03:06:43.581417100,59.76,beauty
862,ord_00004987,2025-09-12 22:16:10.500111973,164.44,outdoor
862,ord_00004988,2025-10-03 23:46:07.918389632,114.35,beauty
862,ord_00004989,2025-10-16 10:33:56.337791021,33.15,apparel
862,ord_00004990,2025-11-16 23:43:19.796086908,47.41,home_goods
862,ord_00004991,2025-12-08 03:13:55.525423365,44.09,electronics_accessories
862,ord_00004992,2025-12-23 06:25:34.321344276,58.16,beauty
862,ord_00004993,2026-01-02 07:55:00.723085430,28.74,apparel
862,ord_00004994,2026-01-30 23:42:25.726006380,27.64,beauty
862,ord_00004995,2026-02-24 20:51:31.335168084,121.37,outdoor
862,ord_00004996,2026-03-19 06:54:26.885767832,154.46,electronics_accessories
862,ord_00004997,2026-04-15 13:23:07.475040270,29.62,beauty
862,ord_00004998,2026-05-12 19:19:25.345416128,20.06,home_goods
862,ord_00004999,2026-06-04 02:45:22.482302249,54.82,electronics_accessories
862,ord_00005000,2026-06-23 14:45:40.881137956,39.49,apparel
862,ord_00005001,2026-07-12 04:26:28.554191208,38.16,beauty
862,ord_00005002,2026-08-05 01:31:18.133832859,26.32,outdoor
863,ord_00005003,2025-03-20 00:00:00.000000000,38.04,electronics_accessories
863,ord_00005004,2025-05-14 15:07:25.079630109,37.4,beauty
863,ord_00005005,2025-06-26 12:03:17.826117932,40.53,apparel
863,ord_00005006,2025-08-21 04:19:08.176774331,85.63,beauty
863,ord_00005007,2025-09-15 08:42:28.091065263,79.78,outdoor
863,ord_00005008,2025-10-19 19:41:14.709895650,63.95,electronics_accessories
863,ord_00005009,2025-12-07 09:15:55.359497942,21.66,home_goods
863,ord_00005010,2026-01-19 21:04:13.833230748,31.08,home_goods
863,ord_00005011,2026-02-19 04:21:19.601782443,33.98,outdoor
863,ord_00005012,2026-04-12 02:36:07.107318133,80.68,electronics_accessories
863,ord_00005013,2026-05-15 13:32:56.899478226,149.3,apparel
863,ord_00005014,2026-06-15 15:21:08.531899684,33.72,outdoor
863,ord_00005015,2026-07-31 01:09:30.991643895,109.47,home_goods
864,ord_00005016,2026-03-10 00:00:00.000000000,36.1,beauty
864,ord_00005017,2026-05-19 13:15:12.222862634,15.18,home_goods
864,ord_00005018,2026-07-06 07:47:59.713740278,34.64,electronics_accessories
865,ord_00005019,2025-01-26 00:00:00.000000000,61.01,apparel
866,ord_00005020,2025-07-17 00:00:00.000000000,63.49,apparel
866,ord_00005021,2025-09-23 15:06:59.977244417,35.83,home_goods
866,ord_00005022,2025-11-15 06:37:13.053482478,79.73,home_goods
866,ord_00005023,2026-01-12 12:29:43.979005330,69.71,beauty
866,ord_00005024,2026-02-23 01:22:50.049342612,60.62,beauty
866,ord_00005025,2026-05-08 09:43:10.633163654,92.66,electronics_accessories
866,ord_00005026,2026-07-10 04:46:19.643942062,37.25,electronics_accessories
867,ord_00005027,2026-07-06 00:00:00.000000000,34.32,outdoor
867,ord_00005028,2026-07-21 02:55:44.033979054,36.67,outdoor
868,ord_00005029,2025-03-17 00:00:00.000000000,36.12,outdoor
868,ord_00005030,2025-04-12 12:17:07.656521368,41.31,electronics_accessories
868,ord_00005031,2025-04-30 15:08:06.335545205,49.33,beauty
868,ord_00005032,2025-06-06 11:01:00.803397891,73.88,electronics_accessories
868,ord_00005033,2025-07-01 22:18:19.413699548,55.35,beauty
868,ord_00005034,2025-08-26 21:25:56.461543667,49.16,beauty
868,ord_00005035,2025-09-14 14:23:49.038104794,55.46,home_goods
868,ord_00005036,2025-10-27 11:01:07.803795194,81.58,home_goods
868,ord_00005037,2025-12-06 20:10:06.315059255,58.05,home_goods
868,ord_00005038,2025-12-30 08:25:32.182251957,44.97,beauty
868,ord_00005039,2026-01-22 23:30:13.611267443,46.78,home_goods
868,ord_00005040,2026-02-12 03:45:56.680808134,48.03,home_goods
868,ord_00005041,2026-03-04 09:41:52.280688477,37.36,home_goods
868,ord_00005042,2026-03-31 00:00:50.131419509,74.74,outdoor
868,ord_00005043,2026-04-26 18:25:20.161744649,120.53,home_goods
868,ord_00005044,2026-05-13 05:11:39.915200211,68.94,beauty
868,ord_00005045,2026-07-05 03:34:07.802836984,19.02,outdoor
868,ord_00005046,2026-07-29 18:10:53.146055283,23.85,outdoor
869,ord_00005047,2025-04-23 00:00:00.000000000,58.33,outdoor
870,ord_00005048,2024-09-20 00:00:00.000000000,33.81,outdoor
871,ord_00005049,2026-05-10 00:00:00.000000000,40.88,home_goods
871,ord_00005050,2026-06-21 20:36:31.005876389,74.44,apparel
872,ord_00005051,2024-09-28 00:00:00.000000000,19.73,apparel
873,ord_00005052,2024-12-21 00:00:00.000000000,55.05,home_goods
873,ord_00005053,2025-01-17 05:35:42.123468115,80.03,outdoor
873,ord_00005054,2025-02-05 08:59:52.665247675,81.95,electronics_accessories
873,ord_00005055,2025-03-05 17:34:29.129002624,36.37,outdoor
873,ord_00005056,2025-04-29 06:33:24.129664074,39.29,electronics_accessories
873,ord_00005057,2025-05-25 15:06:02.920102611,25.64,electronics_accessories
873,ord_00005058,2025-06-16 17:30:30.668872704,95.96,electronics_accessories
873,ord_00005059,2025-07-10 09:24:44.099224689,43.9,beauty
873,ord_00005060,2025-07-26 17:16:01.289353411,59.03,beauty
873,ord_00005061,2025-09-03 21:39:06.972625475,131.34,apparel
873,ord_00005062,2025-10-01 18:26:19.197459854,107.61,beauty
873,ord_00005063,2025-10-20 06:55:48.569331850,42.19,apparel
873,ord_00005064,2025-11-07 23:47:14.493155586,63.46,electronics_accessories
873,ord_00005065,2025-12-03 11:27:09.050691946,120.47,outdoor
873,ord_00005066,2026-01-06 00:44:22.740209064,111.57,beauty
873,ord_00005067,2026-01-23 23:49:25.678945636,45.55,beauty
873,ord_00005068,2026-02-28 10:09:09.330831632,33.96,beauty
873,ord_00005069,2026-03-25 02:30:36.081611517,44.14,beauty
873,ord_00005070,2026-04-13 07:06:31.577365188,79.61,beauty
873,ord_00005071,2026-05-05 08:16:11.987211781,13.35,outdoor
873,ord_00005072,2026-06-17 05:05:19.010086360,22.15,home_goods
873,ord_00005073,2026-07-03 22:33:36.032072373,35.59,electronics_accessories
873,ord_00005074,2026-07-24 07:23:55.037908392,54.25,beauty
874,ord_00005075,2025-07-06 00:00:00.000000000,26.96,outdoor
875,ord_00005076,2026-01-19 00:00:00.000000000,26.76,outdoor
875,ord_00005077,2026-02-03 20:48:53.470087041,117.5,apparel
875,ord_00005078,2026-02-19 12:46:19.259831410,32.25,apparel
875,ord_00005079,2026-03-14 13:47:00.018338767,25.63,outdoor
875,ord_00005080,2026-03-28 12:00:15.814843797,23.82,apparel
875,ord_00005081,2026-04-14 07:59:28.639515348,39.45,outdoor
875,ord_00005082,2026-04-30 05:53:22.908431928,40.33,outdoor
875,ord_00005083,2026-05-24 03:08:33.228454602,21.67,electronics_accessories
875,ord_00005084,2026-06-11 00:32:15.855478025,36.13,apparel
875,ord_00005085,2026-07-06 16:55:18.922800327,25.05,electronics_accessories
875,ord_00005086,2026-07-19 23:12:28.553958995,41.36,apparel
875,ord_00005087,2026-08-07 10:19:57.835833822,33.41,apparel
876,ord_00005088,2026-07-23 00:00:00.000000000,59.32,outdoor
877,ord_00005089,2026-08-06 00:00:00.000000000,86.7,apparel
878,ord_00005090,2026-07-28 00:00:00.000000000,36.27,beauty
879,ord_00005091,2026-05-22 00:00:00.000000000,46.67,outdoor
880,ord_00005092,2024-08-23 00:00:00.000000000,112.96,beauty
880,ord_00005093,2024-10-03 17:47:22.929036044,16.7,beauty
880,ord_00005094,2024-11-16 21:00:34.323990407,51.59,electronics_accessories
880,ord_00005095,2024-12-16 09:01:54.263005518,81.97,outdoor
880,ord_00005096,2025-01-24 23:29:41.042445873,101.51,electronics_accessories
880,ord_00005097,2025-02-28 20:03:49.494644804,54.86,apparel
880,ord_00005098,2025-03-25 01:51:06.569098805,46.86,outdoor
880,ord_00005099,2025-04-20 00:40:48.799903576,63.93,outdoor
880,ord_00005100,2025-05-18 17:49:06.122649850,68.64,home_goods
880,ord_00005101,2025-07-03 21:09:57.081115322,47.81,apparel
880,ord_00005102,2025-08-19 11:28:34.618278755,28.7,apparel
880,ord_00005103,2025-10-02 05:03:05.016716062,40.61,beauty
880,ord_00005104,2025-11-11 01:28:26.978077820,18.55,outdoor
880,ord_00005105,2025-12-20 14:06:00.917969790,33.45,apparel
880,ord_00005106,2026-01-27 13:00:06.959572258,36.29,home_goods
880,ord_00005107,2026-03-08 00:08:27.646566275,89.9,beauty
880,ord_00005108,2026-04-17 06:43:55.789334477,70.22,beauty
880,ord_00005109,2026-05-10 04:41:21.159979898,205.29,electronics_accessories
880,ord_00005110,2026-06-06 17:54:47.613656711,52.81,home_goods
880,ord_00005111,2026-07-02 09:26:50.364161256,75.88,beauty
881,ord_00005112,2026-04-05 00:00:00.000000000,22.49,apparel
882,ord_00005113,2024-08-14 00:00:00.000000000,31.32,apparel
882,ord_00005114,2024-10-17 13:16:24.953308405,31.38,electronics_accessories
882,ord_00005115,2024-11-25 17:56:34.036539222,93.56,outdoor
882,ord_00005116,2025-01-14 00:16:06.998405834,87.93,home_goods
882,ord_00005117,2025-03-03 18:29:46.765393876,83.58,electronics_accessories
882,ord_00005118,2025-04-17 11:03:16.369151025,39.93,home_goods
882,ord_00005119,2025-06-01 22:44:22.575225752,118.02,electronics_accessories
882,ord_00005120,2025-07-07 22:04:47.288933019,25.1,electronics_accessories
882,ord_00005121,2025-08-27 11:25:12.269516973,81.76,home_goods
882,ord_00005122,2025-10-15 18:19:58.401174077,104.9,home_goods
882,ord_00005123,2025-11-25 12:02:46.847393088,55.78,apparel
882,ord_00005124,2026-01-21 06:22:38.281080751,31.39,outdoor
882,ord_00005125,2026-03-25 13:00:57.735056612,105.96,beauty
882,ord_00005126,2026-05-21 12:05:49.179599463,36.87,outdoor
882,ord_00005127,2026-06-24 12:09:23.095919120,31.7,beauty
883,ord_00005128,2025-04-26 00:00:00.000000000,48.17,home_goods
883,ord_00005129,2025-06-17 06:48:12.136350819,27.13,apparel
883,ord_00005130,2025-09-06 08:52:44.217462362,54.71,beauty
883,ord_00005131,2025-11-14 19:43:12.641050716,47.66,beauty
883,ord_00005132,2026-01-27 23:14:46.955076766,43.84,home_goods
883,ord_00005133,2026-03-22 21:02:51.330018216,57.22,electronics_accessories
883,ord_00005134,2026-05-11 00:21:29.212038361,65.19,electronics_accessories
883,ord_00005135,2026-07-13 12:02:40.301021169,72.17,apparel
884,ord_00005136,2025-04-05 00:00:00.000000000,32.81,apparel
885,ord_00005137,2024-09-01 00:00:00.000000000,49.05,electronics_accessories
886,ord_00005138,2024-09-15 00:00:00.000000000,70.15,apparel
887,ord_00005139,2025-03-22 00:00:00.000000000,13.9,apparel
888,ord_00005140,2025-04-25 00:00:00.000000000,58.42,home_goods
889,ord_00005141,2025-05-08 00:00:00.000000000,70.94,beauty
890,ord_00005142,2025-02-05 00:00:00.000000000,68.46,outdoor
890,ord_00005143,2025-04-08 01:59:21.141446707,84.16,electronics_accessories
890,ord_00005144,2025-05-30 10:13:25.280851292,28.24,home_goods
890,ord_00005145,2025-06-28 23:59:44.706349219,98.79,outdoor
890,ord_00005146,2025-08-12 01:43:44.690356920,107.38,outdoor
890,ord_00005147,2025-09-09 09:19:28.710559909,45.65,home_goods
890,ord_00005148,2025-11-04 06:46:45.980857707,30.2,electronics_accessories
890,ord_00005149,2026-01-13 06:09:49.248294589,28.48,electronics_accessories
890,ord_00005150,2026-02-13 22:57:09.013067729,75.48,beauty
890,ord_00005151,2026-03-23 13:37:05.555400920,94.94,beauty
890,ord_00005152,2026-04-27 20:56:24.222995326,48.46,electronics_accessories
890,ord_00005153,2026-06-07 00:29:08.430610235,46.89,beauty
890,ord_00005154,2026-07-29 02:00:36.626240253,71.37,beauty
891,ord_00005155,2024-09-11 00:00:00.000000000,53.03,beauty
892,ord_00005156,2025-07-02 00:00:00.000000000,29.28,home_goods
892,ord_00005157,2025-09-03 11:47:22.647159128,95.82,electronics_accessories
892,ord_00005158,2025-10-14 15:53:00.184066877,38.36,electronics_accessories
892,ord_00005159,2025-12-22 22:37:30.294033449,37.77,outdoor
892,ord_00005160,2026-02-18 02:30:03.840862573,20.69,outdoor
892,ord_00005161,2026-04-05 13:52:08.826948412,69.32,outdoor
892,ord_00005162,2026-06-01 09:04:25.171378902,22.0,home_goods
892,ord_00005163,2026-07-30 02:07:09.064494427,30.72,beauty
893,ord_00005164,2025-12-31 00:00:00.000000000,48.29,electronics_accessories
894,ord_00005165,2025-10-19 00:00:00.000000000,46.95,outdoor
895,ord_00005166,2025-12-17 00:00:00.000000000,95.81,beauty
895,ord_00005167,2026-01-01 15:22:24.879695609,97.64,outdoor
895,ord_00005168,2026-01-24 07:40:30.160127794,43.9,beauty
895,ord_00005169,2026-03-07 19:08:20.920696818,48.41,home_goods
895,ord_00005170,2026-04-22 11:54:08.210366875,49.77,outdoor
895,ord_00005171,2026-06-10 05:28:49.437741966,55.36,outdoor
895,ord_00005172,2026-07-16 16:59:34.244530126,49.82,electronics_accessories
895,ord_00005173,2026-08-01 22:49:46.319859589,60.34,electronics_accessories
896,ord_00005174,2025-09-30 00:00:00.000000000,36.93,outdoor
896,ord_00005175,2025-10-17 06:04:27.219472627,166.88,beauty
896,ord_00005176,2025-11-21 23:59:02.377793130,40.98,beauty
896,ord_00005177,2025-12-06 11:34:20.568320579,37.68,beauty
896,ord_00005178,2026-01-14 05:04:50.016807341,21.77,home_goods
896,ord_00005179,2026-01-27 13:39:33.291476756,59.13,home_goods
896,ord_00005180,2026-02-16 10:52:30.567650842,24.25,home_goods
896,ord_00005181,2026-03-20 04:04:07.071398909,32.8,outdoor
896,ord_00005182,2026-04-12 20:48:52.670144281,32.07,apparel
896,ord_00005183,2026-04-28 19:56:59.940904263,56.25,outdoor
896,ord_00005184,2026-05-25 18:14:50.689824493,53.8,home_goods
896,ord_00005185,2026-06-18 22:28:55.600665405,23.88,home_goods
896,ord_00005186,2026-07-11 03:28:46.887872424,42.83,electronics_accessories
896,ord_00005187,2026-07-30 19:05:26.809536736,41.42,apparel
897,ord_00005188,2025-08-15 00:00:00.000000000,57.76,outdoor
898,ord_00005189,2025-10-27 00:00:00.000000000,49.31,outdoor
899,ord_00005190,2026-07-06 00:00:00.000000000,87.96,apparel
900,ord_00005191,2025-01-07 00:00:00.000000000,55.49,home_goods
901,ord_00005192,2026-05-20 00:00:00.000000000,67.44,home_goods
902,ord_00005193,2025-03-16 00:00:00.000000000,17.67,home_goods
903,ord_00005194,2024-09-04 00:00:00.000000000,77.18,beauty
904,ord_00005195,2025-07-02 00:00:00.000000000,34.28,electronics_accessories
905,ord_00005196,2025-11-15 00:00:00.000000000,33.85,apparel
905,ord_00005197,2025-12-28 13:36:08.170723678,39.99,home_goods
905,ord_00005198,2026-02-10 12:29:26.859680568,37.23,electronics_accessories
905,ord_00005199,2026-03-25 11:04:04.991372221,50.0,home_goods
905,ord_00005200,2026-05-09 17:04:12.361134286,62.78,apparel
905,ord_00005201,2026-07-01 17:49:24.651987079,49.18,apparel
906,ord_00005202,2025-02-11 00:00:00.000000000,15.14,beauty
906,ord_00005203,2025-04-27 05:52:02.505002335,60.65,outdoor
906,ord_00005204,2025-06-26 07:04:57.679301907,43.22,beauty
906,ord_00005205,2025-09-17 08:28:33.285973736,35.76,apparel
906,ord_00005206,2026-02-14 12:27:20.729814186,41.92,electronics_accessories
906,ord_00005207,2026-04-15 18:18:35.392590467,42.48,apparel
906,ord_00005208,2026-07-28 11:38:00.802016711,41.59,apparel
907,ord_00005209,2025-02-27 00:00:00.000000000,26.92,beauty
908,ord_00005210,2025-03-15 00:00:00.000000000,90.32,home_goods
909,ord_00005211,2025-01-11 00:00:00.000000000,40.69,outdoor
910,ord_00005212,2026-04-24 00:00:00.000000000,54.85,beauty
911,ord_00005213,2025-01-29 00:00:00.000000000,46.97,apparel
911,ord_00005214,2025-03-07 03:31:30.819250867,35.17,beauty
911,ord_00005215,2025-04-21 10:24:11.651608687,59.6,apparel
911,ord_00005216,2025-05-16 22:41:30.369946228,34.53,apparel
911,ord_00005217,2025-07-26 10:02:38.539950203,52.8,beauty
911,ord_00005218,2025-09-11 10:42:13.851792305,47.75,outdoor
911,ord_00005219,2025-11-11 01:31:58.710229868,51.13,outdoor
911,ord_00005220,2026-01-07 06:18:05.802202468,24.65,apparel
911,ord_00005221,2026-03-06 17:33:58.275621626,40.98,apparel
911,ord_00005222,2026-04-25 04:40:46.188072817,65.38,outdoor
911,ord_00005223,2026-06-19 21:32:31.164628934,91.68,home_goods
911,ord_00005224,2026-07-27 01:19:43.941895467,48.26,outdoor
912,ord_00005225,2024-10-20 00:00:00.000000000,33.26,apparel
912,ord_00005226,2025-01-28 03:15:40.546399042,41.45,apparel
912,ord_00005227,2025-03-20 01:08:13.011770216,14.53,beauty
912,ord_00005228,2025-06-01 11:22:18.539306177,177.55,beauty
912,ord_00005229,2025-09-14 21:30:24.540849519,40.85,apparel
912,ord_00005230,2025-12-03 03:57:34.835677423,50.03,outdoor
912,ord_00005231,2026-02-27 10:22:25.229298265,31.54,home_goods
912,ord_00005232,2026-04-16 14:29:57.424769473,31.67,home_goods
913,ord_00005233,2025-08-22 00:00:00.000000000,40.63,beauty
913,ord_00005234,2025-10-01 02:29:35.001846625,43.78,apparel
913,ord_00005235,2025-10-22 11:48:58.259339140,71.81,beauty
913,ord_00005236,2025-11-09 02:18:23.614673291,45.48,electronics_accessories
913,ord_00005237,2025-11-25 22:30:54.358868836,109.9,home_goods
913,ord_00005238,2025-12-11 12:19:17.933004646,66.33,beauty
913,ord_00005239,2025-12-26 03:35:16.282976396,35.64,home_goods
913,ord_00005240,2026-01-09 15:58:11.246538799,82.47,beauty
913,ord_00005241,2026-02-09 02:10:07.550933091,45.52,home_goods
913,ord_00005242,2026-02-24 16:05:09.253373915,52.33,outdoor
913,ord_00005243,2026-03-06 09:04:30.906551762,48.02,home_goods
913,ord_00005244,2026-03-19 08:08:54.244799571,90.18,outdoor
913,ord_00005245,2026-04-12 15:07:06.385776509,64.45,electronics_accessories
913,ord_00005246,2026-04-29 16:17:04.353401010,98.23,electronics_accessories
913,ord_00005247,2026-05-17 08:13:31.394171466,69.77,apparel
913,ord_00005248,2026-06-12 11:06:36.565745339,81.63,electronics_accessories
913,ord_00005249,2026-06-27 00:40:04.022027501,78.1,electronics_accessories
913,ord_00005250,2026-07-19 06:12:46.615616097,67.73,home_goods
913,ord_00005251,2026-08-03 07:25:14.757114941,37.72,outdoor
914,ord_00005252,2024-12-19 00:00:00.000000000,42.14,home_goods
914,ord_00005253,2025-01-16 19:32:39.948649922,88.93,outdoor
914,ord_00005254,2025-02-03 12:48:39.195714241,30.07,beauty
914,ord_00005255,2025-03-24 03:21:43.530780296,34.14,apparel
914,ord_00005256,2025-04-16 19:01:45.604318869,37.01,apparel
914,ord_00005257,2025-05-20 15:40:20.750301928,33.8,outdoor
914,ord_00005258,2025-06-10 15:46:47.118896071,107.2,beauty
914,ord_00005259,2025-07-19 10:07:51.821729767,25.67,outdoor
914,ord_00005260,2025-08-13 20:17:44.330641590,37.06,outdoor
914,ord_00005261,2025-09-05 17:32:54.723081725,58.73,electronics_accessories
914,ord_00005262,2025-10-09 20:11:36.868232571,58.13,electronics_accessories
914,ord_00005263,2025-11-04 22:03:13.918845041,42.57,beauty
914,ord_00005264,2025-12-02 00:08:12.177034448,45.3,beauty
914,ord_00005265,2026-01-04 21:15:40.946568043,64.11,electronics_accessories
914,ord_00005266,2026-02-14 19:01:08.114801474,75.99,electronics_accessories
914,ord_00005267,2026-03-11 23:10:18.742721850,24.6,electronics_accessories
914,ord_00005268,2026-04-04 20:48:17.507923451,24.42,beauty
914,ord_00005269,2026-05-07 06:32:42.533428478,48.03,home_goods
914,ord_00005270,2026-06-14 02:26:06.835909934,34.96,beauty
914,ord_00005271,2026-08-03 00:09:14.840732764,28.4,apparel
915,ord_00005272,2025-04-11 00:00:00.000000000,55.11,apparel
915,ord_00005273,2025-04-24 17:32:05.215027548,21.77,apparel
915,ord_00005274,2025-05-16 11:47:06.679128727,26.73,apparel
915,ord_00005275,2025-06-18 23:51:34.991538135,51.29,home_goods
915,ord_00005276,2025-07-08 12:01:36.908500625,59.86,outdoor
915,ord_00005277,2025-07-28 11:11:04.725641316,53.19,outdoor
915,ord_00005278,2025-08-27 05:10:38.751948408,102.98,electronics_accessories
915,ord_00005279,2025-09-22 12:03:23.913848817,72.62,electronics_accessories
915,ord_00005280,2025-10-15 10:48:02.359525830,45.27,apparel
915,ord_00005281,2025-11-01 09:51:13.163083218,97.12,outdoor
915,ord_00005282,2025-11-24 13:40:02.132459275,18.11,outdoor
915,ord_00005283,2025-12-07 23:56:38.133102155,37.63,apparel
915,ord_00005284,2025-12-24 17:58:49.639781266,37.81,beauty
915,ord_00005285,2026-01-24 18:45:25.685838057,57.98,beauty
915,ord_00005286,2026-02-23 15:09:37.947340910,28.34,outdoor
915,ord_00005287,2026-03-18 15:54:08.515157607,64.24,beauty
915,ord_00005288,2026-03-29 23:38:26.426298311,55.11,outdoor
915,ord_00005289,2026-04-13 01:00:37.102122686,42.01,electronics_accessories
915,ord_00005290,2026-04-29 12:22:23.276189024,69.89,electronics_accessories
915,ord_00005291,2026-05-18 16:47:29.960971067,81.31,beauty
915,ord_00005292,2026-06-01 13:55:05.332388521,61.18,electronics_accessories
915,ord_00005293,2026-06-20 08:08:41.887219591,76.37,apparel
915,ord_00005294,2026-07-24 15:52:04.337729861,188.34,outdoor
916,ord_00005295,2025-04-18 00:00:00.000000000,49.28,electronics_accessories
916,ord_00005296,2025-05-14 09:31:39.350576871,103.07,electronics_accessories
916,ord_00005297,2025-06-15 11:35:06.584980018,53.19,outdoor
916,ord_00005298,2025-07-16 21:29:39.583752174,45.08,home_goods
916,ord_00005299,2025-08-26 08:24:16.781372252,62.84,home_goods
916,ord_00005300,2025-09-23 11:24:59.996724541,95.86,apparel
916,ord_00005301,2025-11-12 02:18:42.406424758,19.21,outdoor
916,ord_00005302,2025-12-04 23:13:26.217776942,58.53,apparel
916,ord_00005303,2025-12-26 05:32:59.946890814,48.76,electronics_accessories
916,ord_00005304,2026-01-28 13:16:43.269300935,25.8,beauty
916,ord_00005305,2026-02-24 12:04:49.104258320,73.93,beauty
916,ord_00005306,2026-03-20 07:03:02.179898128,20.54,beauty
916,ord_00005307,2026-04-17 22:58:48.380177278,75.81,outdoor
916,ord_00005308,2026-05-15 13:42:21.903543916,46.62,beauty
916,ord_00005309,2026-06-19 09:03:12.427782593,31.27,home_goods
916,ord_00005310,2026-07-18 04:25:01.966639300,90.72,beauty
917,ord_00005311,2025-07-20 00:00:00.000000000,22.6,apparel
918,ord_00005312,2025-02-03 00:00:00.000000000,48.75,home_goods
919,ord_00005313,2024-10-21 00:00:00.000000000,68.13,outdoor
920,ord_00005314,2026-05-14 00:00:00.000000000,49.64,beauty
920,ord_00005315,2026-07-04 04:22:18.332423207,25.87,beauty
921,ord_00005316,2025-01-25 00:00:00.000000000,25.14,beauty
922,ord_00005317,2024-08-16 00:00:00.000000000,100.83,home_goods
922,ord_00005318,2024-09-12 05:41:44.475310885,34.71,apparel
922,ord_00005319,2024-10-25 05:38:20.951788768,40.69,home_goods
922,ord_00005320,2024-11-26 14:11:06.187269677,30.77,beauty
922,ord_00005321,2024-12-27 02:49:47.059781523,86.06,electronics_accessories
922,ord_00005322,2025-01-30 23:49:22.211960704,48.68,electronics_accessories
922,ord_00005323,2025-03-02 01:17:00.193603964,24.0,apparel
922,ord_00005324,2025-04-21 12:32:44.763737920,27.72,outdoor
922,ord_00005325,2025-05-31 12:37:42.128088410,27.38,electronics_accessories
922,ord_00005326,2025-07-24 06:05:46.264286341,83.8,apparel
922,ord_00005327,2025-08-30 02:01:14.756145647,61.57,home_goods
922,ord_00005328,2025-10-06 08:01:43.900054499,46.3,apparel
922,ord_00005329,2025-12-19 03:16:09.788036938,41.77,outdoor
922,ord_00005330,2026-01-13 23:45:18.194446512,37.28,beauty
922,ord_00005331,2026-03-16 20:09:13.347265394,74.98,outdoor
922,ord_00005332,2026-05-24 22:50:04.190120586,32.44,electronics_accessories
922,ord_00005333,2026-07-16 21:20:04.625632354,34.91,home_goods
923,ord_00005334,2024-10-25 00:00:00.000000000,43.77,apparel
923,ord_00005335,2024-11-07 04:24:54.902495549,31.92,apparel
923,ord_00005336,2024-11-29 14:39:31.727388075,24.91,beauty
923,ord_00005337,2024-12-10 16:50:49.261561029,40.75,apparel
923,ord_00005338,2025-01-02 06:56:19.210160609,79.54,outdoor
923,ord_00005339,2025-01-15 14:47:08.595606592,42.67,beauty
923,ord_00005340,2025-02-13 05:36:56.934644695,27.53,apparel
923,ord_00005341,2025-02-25 14:29:49.550181561,44.29,outdoor
923,ord_00005342,2025-03-12 03:21:39.332911087,77.56,home_goods
923,ord_00005343,2025-03-23 16:35:01.233592697,67.23,electronics_accessories
923,ord_00005344,2025-04-05 00:56:27.728948439,112.22,electronics_accessories
923,ord_00005345,2025-04-27 17:08:53.547585761,73.16,electronics_accessories
923,ord_00005346,2025-05-15 05:08:27.162146174,65.76,electronics_accessories
923,ord_00005347,2025-06-04 21:06:50.138714091,59.49,beauty
923,ord_00005348,2025-06-15 02:35:23.987759849,70.1,beauty
923,ord_00005349,2025-07-03 13:55:28.549606118,33.54,electronics_accessories
923,ord_00005350,2025-07-14 22:05:56.607695225,27.0,electronics_accessories
923,ord_00005351,2025-07-25 01:58:48.470715887,29.84,home_goods
923,ord_00005352,2025-08-10 09:17:32.939692076,71.73,electronics_accessories
923,ord_00005353,2025-08-26 15:24:21.585327423,78.17,apparel
923,ord_00005354,2025-09-11 01:32:43.824206074,38.19,electronics_accessories
923,ord_00005355,2025-09-29 21:18:07.973658620,59.69,apparel
923,ord_00005356,2025-10-19 14:42:17.267085528,42.68,home_goods
923,ord_00005357,2025-11-12 04:49:06.821931399,130.22,electronics_accessories
923,ord_00005358,2025-11-22 19:41:36.938010223,33.26,outdoor
923,ord_00005359,2025-12-16 15:19:02.712328129,43.77,electronics_accessories
923,ord_00005360,2026-01-12 08:01:22.025269052,92.43,home_goods
923,ord_00005361,2026-01-25 22:23:05.290143072,88.67,apparel
923,ord_00005362,2026-02-04 03:12:02.074877952,31.32,apparel
923,ord_00005363,2026-02-14 03:43:34.280066924,35.23,beauty
923,ord_00005364,2026-02-27 08:51:32.619249924,133.75,home_goods
923,ord_00005365,2026-03-27 03:24:41.201191422,34.67,beauty
923,ord_00005366,2026-04-11 09:32:44.745738963,42.5,beauty
923,ord_00005367,2026-04-24 00:14:21.648107200,53.99,apparel
923,ord_00005368,2026-05-06 08:48:04.073622789,61.52,beauty
923,ord_00005369,2026-05-16 13:45:08.878946052,24.81,home_goods
923,ord_00005370,2026-06-05 07:17:54.490881617,41.67,outdoor
923,ord_00005371,2026-06-20 01:38:16.867406038,35.34,apparel
923,ord_00005372,2026-07-18 13:32:49.858275121,69.16,apparel
923,ord_00005373,2026-08-05 21:21:19.934077693,61.46,home_goods
924,ord_00005374,2025-08-28 00:00:00.000000000,89.75,electronics_accessories
925,ord_00005375,2026-05-22 00:00:00.000000000,35.25,beauty
926,ord_00005376,2024-09-28 00:00:00.000000000,123.35,home_goods
927,ord_00005377,2025-07-19 00:00:00.000000000,50.66,beauty
928,ord_00005378,2026-01-08 00:00:00.000000000,62.17,apparel
928,ord_00005379,2026-04-05 14:49:00.859081729,64.14,electronics_accessories
928,ord_00005380,2026-06-10 06:29:25.618972578,41.9,outdoor
929,ord_00005381,2026-03-12 00:00:00.000000000,46.95,electronics_accessories
929,ord_00005382,2026-03-22 22:14:00.281579297,39.77,beauty
929,ord_00005383,2026-04-07 17:16:05.953437635,34.25,home_goods
929,ord_00005384,2026-04-24 06:54:36.805957768,37.89,beauty
929,ord_00005385,2026-05-12 19:05:21.280582300,42.79,outdoor
929,ord_00005386,2026-06-02 23:34:31.296666284,68.57,beauty
929,ord_00005387,2026-06-21 22:57:53.717284325,107.06,electronics_accessories
929,ord_00005388,2026-07-08 13:26:21.485097472,90.55,beauty
929,ord_00005389,2026-07-22 04:30:38.722652708,65.34,home_goods
930,ord_00005390,2025-03-22 00:00:00.000000000,43.59,outdoor
930,ord_00005391,2025-04-26 00:00:20.990191960,21.57,beauty
930,ord_00005392,2025-05-18 10:29:45.685033239,24.71,apparel
930,ord_00005393,2025-06-05 00:16:09.171092089,13.98,outdoor
930,ord_00005394,2025-07-18 04:39:42.803000421,33.85,apparel
930,ord_00005395,2025-08-05 23:23:00.613914857,32.11,home_goods
930,ord_00005396,2025-09-06 03:16:35.362841279,32.28,beauty
930,ord_00005397,2025-09-27 02:44:12.607646678,45.29,outdoor
930,ord_00005398,2025-11-04 10:01:46.594354156,59.96,outdoor
930,ord_00005399,2025-12-14 07:41:10.702217586,99.12,electronics_accessories
930,ord_00005400,2026-01-15 08:07:21.479576514,82.53,electronics_accessories
930,ord_00005401,2026-02-24 01:01:34.550450456,86.02,outdoor
930,ord_00005402,2026-03-23 10:06:21.864085294,61.53,beauty
930,ord_00005403,2026-05-15 19:41:45.838600896,81.25,apparel
930,ord_00005404,2026-06-18 23:49:07.471807876,33.27,home_goods
930,ord_00005405,2026-07-09 20:14:03.528603371,64.41,apparel
930,ord_00005406,2026-08-06 17:42:15.581194061,28.67,beauty
931,ord_00005407,2026-05-07 00:00:00.000000000,61.88,apparel
932,ord_00005408,2025-04-29 00:00:00.000000000,82.78,apparel
933,ord_00005409,2025-11-19 00:00:00.000000000,30.33,beauty
934,ord_00005410,2025-07-02 00:00:00.000000000,19.95,apparel
934,ord_00005411,2025-07-20 21:51:58.438111126,49.85,electronics_accessories
934,ord_00005412,2025-08-02 21:29:55.019836646,49.7,home_goods
934,ord_00005413,2025-08-27 15:02:25.173092347,93.2,beauty
934,ord_00005414,2025-10-02 14:45:12.880197660,53.99,beauty
934,ord_00005415,2025-10-19 06:11:41.836651260,37.93,beauty
934,ord_00005416,2025-11-19 01:14:39.691537354,65.47,beauty
934,ord_00005417,2025-12-11 07:35:07.102350341,62.31,home_goods
934,ord_00005418,2025-12-24 15:52:33.939953082,55.07,electronics_accessories
934,ord_00005419,2026-01-10 23:46:20.142121217,25.58,electronics_accessories
934,ord_00005420,2026-01-28 00:02:09.754433982,70.37,electronics_accessories
934,ord_00005421,2026-02-17 14:42:29.730282375,75.27,home_goods
934,ord_00005422,2026-03-15 07:36:32.035964418,103.49,outdoor
934,ord_00005423,2026-04-23 18:49:41.172542358,63.69,outdoor
934,ord_00005424,2026-05-08 12:54:12.694891486,26.85,apparel
934,ord_00005425,2026-05-28 03:13:36.808952681,101.43,electronics_accessories
934,ord_00005426,2026-06-14 10:57:59.861778940,121.41,electronics_accessories
934,ord_00005427,2026-06-29 22:48:18.768610029,145.97,home_goods
934,ord_00005428,2026-07-23 06:33:14.211240296,25.99,outdoor
935,ord_00005429,2024-11-20 00:00:00.000000000,67.75,apparel
935,ord_00005430,2025-02-05 07:41:51.024472121,27.29,beauty
935,ord_00005431,2025-04-11 17:01:43.300861196,91.18,electronics_accessories
935,ord_00005432,2025-05-25 15:57:36.808567526,62.35,electronics_accessories
935,ord_00005433,2025-07-26 11:45:33.400966408,113.22,apparel
935,ord_00005434,2025-10-01 14:33:13.291012046,21.83,electronics_accessories
935,ord_00005435,2025-12-20 21:52:46.777503049,38.94,outdoor
935,ord_00005436,2026-02-27 19:54:17.947935238,85.42,beauty
935,ord_00005437,2026-05-16 07:40:52.697605306,26.54,outdoor
935,ord_00005438,2026-07-16 11:56:21.014174820,38.54,electronics_accessories
936,ord_00005439,2026-07-02 00:00:00.000000000,44.47,home_goods
937,ord_00005440,2025-12-06 00:00:00.000000000,54.39,outdoor
937,ord_00005441,2026-01-05 10:34:11.397622605,33.02,outdoor
937,ord_00005442,2026-02-16 21:19:46.019564938,89.33,home_goods
937,ord_00005443,2026-03-02 02:19:27.544374368,61.59,outdoor
937,ord_00005444,2026-04-29 06:18:35.512353455,41.05,outdoor
937,ord_00005445,2026-05-25 22:49:33.949045553,132.42,electronics_accessories
937,ord_00005446,2026-06-24 19:55:40.494268926,30.65,outdoor
937,ord_00005447,2026-07-16 20:32:56.746179287,44.99,electronics_accessories
938,ord_00005448,2025-04-01 00:00:00.000000000,49.56,apparel
939,ord_00005449,2025-08-22 00:00:00.000000000,46.49,home_goods
939,ord_00005450,2025-10-15 19:00:59.878238923,85.28,electronics_accessories
939,ord_00005451,2025-12-03 23:55:32.955615586,94.05,beauty
939,ord_00005452,2026-01-14 08:45:18.137241050,69.8,beauty
939,ord_00005453,2026-03-17 07:19:37.385445552,47.85,outdoor
939,ord_00005454,2026-05-05 16:33:56.174467667,43.73,electronics_accessories
939,ord_00005455,2026-06-18 16:51:35.126488543,70.77,electronics_accessories
940,ord_00005456,2025-01-08 00:00:00.000000000,74.65,outdoor
941,ord_00005457,2025-05-13 00:00:00.000000000,68.88,beauty
942,ord_00005458,2026-01-09 00:00:00.000000000,94.73,outdoor
942,ord_00005459,2026-01-17 15:11:20.075319533,47.48,outdoor
942,ord_00005460,2026-02-04 01:29:06.262839173,39.8,beauty
942,ord_00005461,2026-02-18 10:53:48.071407879,61.14,outdoor
942,ord_00005462,2026-03-04 07:00:40.406826018,89.8,beauty
942,ord_00005463,2026-03-24 08:30:12.580679349,95.2,home_goods
942,ord_00005464,2026-04-09 07:48:46.159288187,49.27,outdoor
942,ord_00005465,2026-04-21 03:07:48.124911550,14.3,home_goods
942,ord_00005466,2026-05-30 01:32:55.013996593,85.25,electronics_accessories
942,ord_00005467,2026-06-17 00:14:23.207861844,77.36,apparel
942,ord_00005468,2026-06-30 02:54:59.085829187,115.53,apparel
942,ord_00005469,2026-07-14 23:08:05.070143001,40.77,home_goods
942,ord_00005470,2026-08-01 04:35:27.375653280,39.09,electronics_accessories
943,ord_00005471,2025-10-18 00:00:00.000000000,67.44,outdoor
944,ord_00005472,2024-10-10 00:00:00.000000000,67.02,apparel
945,ord_00005473,2025-12-02 00:00:00.000000000,47.99,home_goods
946,ord_00005474,2025-12-01 00:00:00.000000000,59.63,beauty
947,ord_00005475,2025-06-12 00:00:00.000000000,24.2,beauty
947,ord_00005476,2025-06-30 07:48:31.500785536,21.43,outdoor
947,ord_00005477,2025-07-17 19:51:44.643229210,16.34,outdoor
947,ord_00005478,2025-08-18 22:21:20.120709772,89.74,electronics_accessories
947,ord_00005479,2025-09-01 16:27:24.284913964,89.41,home_goods
947,ord_00005480,2025-09-22 13:44:12.753946073,16.42,apparel
947,ord_00005481,2025-10-06 04:54:56.336414624,102.21,beauty
947,ord_00005482,2025-10-22 04:48:46.797917084,70.57,apparel
947,ord_00005483,2025-11-11 17:56:52.707965196,18.7,outdoor
947,ord_00005484,2025-11-29 11:54:02.472361081,25.5,apparel
947,ord_00005485,2025-12-18 08:55:20.509809807,41.51,apparel
947,ord_00005486,2026-01-08 06:23:50.708774290,47.66,outdoor
947,ord_00005487,2026-01-24 13:45:30.244534959,25.75,electronics_accessories
947,ord_00005488,2026-02-18 05:26:50.718850482,60.56,outdoor
947,ord_00005489,2026-03-07 11:32:29.579917809,57.22,home_goods
947,ord_00005490,2026-03-25 20:17:18.114001904,37.0,apparel
947,ord_00005491,2026-04-15 22:04:58.597172393,39.9,electronics_accessories
947,ord_00005492,2026-05-06 03:54:09.038638655,68.06,apparel
947,ord_00005493,2026-05-29 02:30:03.128056884,50.17,home_goods
947,ord_00005494,2026-06-18 21:36:39.202727266,77.41,apparel
947,ord_00005495,2026-07-10 16:01:03.376547379,50.81,apparel
947,ord_00005496,2026-07-27 19:38:52.253222423,38.87,home_goods
948,ord_00005497,2026-07-01 00:00:00.000000000,85.84,beauty
948,ord_00005498,2026-08-06 21:15:42.816088276,51.21,electronics_accessories
949,ord_00005499,2025-06-07 00:00:00.000000000,42.98,outdoor
949,ord_00005500,2025-09-10 23:46:30.590826483,49.88,outdoor
949,ord_00005501,2025-10-31 08:44:34.213605771,77.03,home_goods
949,ord_00005502,2026-01-20 23:51:58.927212874,37.33,electronics_accessories
949,ord_00005503,2026-03-21 16:03:24.128482846,21.65,apparel
949,ord_00005504,2026-05-26 17:43:49.381668780,65.0,home_goods
950,ord_00005505,2026-06-09 00:00:00.000000000,71.18,electronics_accessories
951,ord_00005506,2025-05-11 00:00:00.000000000,37.8,beauty
952,ord_00005507,2026-05-29 00:00:00.000000000,32.29,home_goods
953,ord_00005508,2026-04-04 00:00:00.000000000,29.24,home_goods
954,ord_00005509,2025-11-20 00:00:00.000000000,58.71,apparel
955,ord_00005510,2024-10-23 00:00:00.000000000,95.95,outdoor
955,ord_00005511,2024-11-25 20:10:46.547956174,50.19,home_goods
955,ord_00005512,2025-01-04 08:22:45.451805605,39.47,electronics_accessories
955,ord_00005513,2025-01-23 21:18:02.899194656,25.22,home_goods
955,ord_00005514,2025-02-18 06:56:53.983299602,45.42,outdoor
955,ord_00005515,2025-03-22 19:23:37.248535985,100.09,beauty
955,ord_00005516,2025-04-21 04:39:57.414835238,95.34,apparel
955,ord_00005517,2025-05-13 17:01:12.209159202,74.38,beauty
955,ord_00005518,2025-06-29 18:50:02.482156878,38.92,apparel
955,ord_00005519,2025-08-08 03:05:38.946940955,73.92,outdoor
955,ord_00005520,2025-09-15 02:06:16.159912878,91.93,home_goods
955,ord_00005521,2025-10-14 15:24:12.984045818,82.04,outdoor
955,ord_00005522,2025-11-20 21:55:42.043976047,19.37,electronics_accessories
955,ord_00005523,2026-01-02 09:09:54.952283205,48.79,outdoor
955,ord_00005524,2026-02-04 23:54:31.783931693,49.31,electronics_accessories
955,ord_00005525,2026-03-18 14:00:06.164405696,40.68,electronics_accessories
955,ord_00005526,2026-04-16 05:54:38.474068811,97.29,beauty
955,ord_00005527,2026-05-23 17:18:13.832170588,70.58,beauty
955,ord_00005528,2026-07-13 23:51:47.729605502,50.26,home_goods
956,ord_00005529,2026-01-16 00:00:00.000000000,152.61,electronics_accessories
956,ord_00005530,2026-02-16 01:01:11.695542426,74.32,electronics_accessories
956,ord_00005531,2026-03-29 19:09:23.505064173,57.9,outdoor
956,ord_00005532,2026-06-04 04:04:09.078446687,72.34,home_goods
956,ord_00005533,2026-07-21 20:01:31.597719293,16.59,outdoor
957,ord_00005534,2025-02-27 00:00:00.000000000,35.86,beauty
957,ord_00005535,2025-03-27 14:31:17.127660069,83.27,apparel
957,ord_00005536,2025-04-27 22:40:26.221862328,63.87,apparel
957,ord_00005537,2025-05-18 18:46:39.959156694,43.24,home_goods
957,ord_00005538,2025-06-07 02:55:05.720091239,66.79,beauty
957,ord_00005539,2025-07-25 10:09:34.490191970,39.62,outdoor
957,ord_00005540,2025-09-01 14:20:38.350646410,127.56,outdoor
957,ord_00005541,2025-09-17 17:03:02.682290104,19.36,outdoor
957,ord_00005542,2025-10-15 15:58:26.873606921,59.82,home_goods
957,ord_00005543,2025-11-27 22:41:06.602342011,24.08,outdoor
957,ord_00005544,2025-12-28 11:59:35.925052762,29.16,outdoor
957,ord_00005545,2026-02-14 18:42:50.320720511,77.18,electronics_accessories
957,ord_00005546,2026-04-01 07:30:39.957238420,90.58,electronics_accessories
957,ord_00005547,2026-04-23 10:24:07.986978232,22.32,home_goods
957,ord_00005548,2026-05-25 06:24:22.552929968,24.94,electronics_accessories
957,ord_00005549,2026-06-23 07:39:21.199475228,94.11,apparel
957,ord_00005550,2026-07-15 05:23:30.119708352,60.86,beauty
957,ord_00005551,2026-08-05 16:58:09.835517540,55.41,home_goods
958,ord_00005552,2024-12-20 00:00:00.000000000,28.2,beauty
959,ord_00005553,2025-08-13 00:00:00.000000000,45.01,apparel
960,ord_00005554,2025-04-12 00:00:00.000000000,65.83,outdoor
961,ord_00005555,2024-10-12 00:00:00.000000000,55.35,apparel
962,ord_00005556,2026-04-10 00:00:00.000000000,77.15,outdoor
963,ord_00005557,2025-11-08 00:00:00.000000000,31.76,beauty
964,ord_00005558,2025-09-18 00:00:00.000000000,58.99,beauty
965,ord_00005559,2024-10-05 00:00:00.000000000,170.33,outdoor
965,ord_00005560,2024-11-30 15:22:45.823265872,35.4,outdoor
965,ord_00005561,2025-02-21 21:29:36.717463820,52.63,electronics_accessories
965,ord_00005562,2025-04-03 12:11:48.930251964,22.32,home_goods
965,ord_00005563,2025-06-08 05:40:31.379409412,60.48,home_goods
965,ord_00005564,2025-08-09 23:37:37.941865120,51.57,home_goods
965,ord_00005565,2025-11-23 04:27:52.633173364,37.21,home_goods
965,ord_00005566,2026-01-27 04:50:01.840719640,82.3,home_goods
965,ord_00005567,2026-04-18 23:20:05.846448694,90.83,outdoor
965,ord_00005568,2026-05-29 03:17:24.482551269,30.18,beauty
965,ord_00005569,2026-07-29 10:48:35.606487901,48.32,home_goods
966,ord_00005570,2025-12-27 00:00:00.000000000,49.48,apparel
967,ord_00005571,2024-09-06 00:00:00.000000000,26.03,apparel
967,ord_00005572,2024-10-29 07:55:10.225014682,39.3,apparel
967,ord_00005573,2024-12-22 17:56:13.132304303,25.8,beauty
967,ord_00005574,2025-01-31 03:24:09.766235165,37.73,electronics_accessories
967,ord_00005575,2025-05-10 06:00:01.755940055,51.07,beauty
967,ord_00005576,2025-07-01 08:28:20.334561418,103.52,beauty
967,ord_00005577,2025-10-07 01:39:07.225278600,34.98,home_goods
967,ord_00005578,2025-11-29 14:17:30.403089557,195.04,home_goods
967,ord_00005579,2026-01-14 17:09:08.617417221,44.91,apparel
967,ord_00005580,2026-04-15 05:17:10.641285724,41.31,home_goods
967,ord_00005581,2026-06-13 19:32:18.958225783,51.36,apparel
968,ord_00005582,2026-03-17 00:00:00.000000000,60.46,electronics_accessories
969,ord_00005583,2024-11-18 00:00:00.000000000,80.4,outdoor
969,ord_00005584,2025-01-29 21:24:53.631446113,153.71,outdoor
969,ord_00005585,2025-04-16 13:07:38.881375690,58.77,outdoor
969,ord_00005586,2025-07-21 00:55:32.479011014,55.15,home_goods
969,ord_00005587,2025-09-08 02:22:39.661984435,149.81,outdoor
969,ord_00005588,2026-01-30 23:24:35.619058915,105.69,beauty
969,ord_00005589,2026-03-30 16:29:39.891307397,64.35,beauty
969,ord_00005590,2026-05-31 07:34:59.875696736,67.63,outdoor
969,ord_00005591,2026-07-17 21:59:58.074591064,28.56,beauty
970,ord_00005592,2024-10-28 00:00:00.000000000,87.71,apparel
971,ord_00005593,2025-02-26 00:00:00.000000000,44.53,home_goods
972,ord_00005594,2024-11-17 00:00:00.000000000,89.89,beauty
973,ord_00005595,2025-07-12 00:00:00.000000000,39.52,beauty
974,ord_00005596,2025-01-28 00:00:00.000000000,55.51,electronics_accessories
974,ord_00005597,2025-02-28 05:06:03.097783660,47.72,beauty
974,ord_00005598,2025-04-14 13:53:30.552050592,40.98,beauty
974,ord_00005599,2025-06-13 01:56:51.020688640,71.42,beauty
974,ord_00005600,2025-07-03 11:35:29.389718033,38.92,electronics_accessories
974,ord_00005601,2025-08-18 15:49:36.453142127,13.39,outdoor
974,ord_00005602,2025-09-26 19:51:32.250284140,38.81,electronics_accessories
974,ord_00005603,2025-10-23 14:08:54.185555301,31.39,beauty
974,ord_00005604,2025-12-07 11:27:07.552880460,74.31,beauty
974,ord_00005605,2026-01-18 12:25:52.617925001,48.49,electronics_accessories
974,ord_00005606,2026-03-03 00:00:36.845119185,23.24,apparel
974,ord_00005607,2026-04-11 10:52:43.615585529,42.41,outdoor
974,ord_00005608,2026-05-13 16:37:11.221759547,39.91,home_goods
974,ord_00005609,2026-06-11 00:00:40.781669981,29.29,outdoor
974,ord_00005610,2026-07-16 14:26:19.240212483,60.63,electronics_accessories
975,ord_00005611,2025-09-17 00:00:00.000000000,39.86,electronics_accessories
976,ord_00005612,2026-08-04 00:00:00.000000000,122.13,electronics_accessories
977,ord_00005613,2025-08-20 00:00:00.000000000,40.96,apparel
978,ord_00005614,2026-06-12 00:00:00.000000000,48.64,home_goods
979,ord_00005615,2024-11-22 00:00:00.000000000,91.54,home_goods
980,ord_00005616,2024-11-11 00:00:00.000000000,52.19,beauty
981,ord_00005617,2025-03-01 00:00:00.000000000,54.79,apparel
981,ord_00005618,2025-04-13 11:50:17.784686443,28.64,outdoor
981,ord_00005619,2025-05-21 17:06:08.916348751,107.32,beauty
981,ord_00005620,2025-07-27 19:34:43.928836154,25.87,outdoor
981,ord_00005621,2025-09-15 08:59:25.864598436,85.9,outdoor
981,ord_00005622,2025-11-19 19:37:45.081465189,43.13,home_goods
981,ord_00005623,2026-02-08 11:47:55.566503103,84.49,outdoor
981,ord_00005624,2026-04-07 01:07:51.373820083,34.52,outdoor
981,ord_00005625,2026-05-31 20:54:33.931850559,24.67,electronics_accessories
982,ord_00005626,2025-01-25 00:00:00.000000000,69.97,outdoor
982,ord_00005627,2025-02-28 17:36:28.394208088,37.01,apparel
982,ord_00005628,2025-03-30 22:24:27.991532321,48.8,outdoor
982,ord_00005629,2025-05-09 08:31:11.851694611,55.6,outdoor
982,ord_00005630,2025-07-08 02:54:01.366950655,58.73,electronics_accessories
982,ord_00005631,2025-08-10 09:26:32.956776777,105.92,electronics_accessories
982,ord_00005632,2025-09-14 10:33:25.404805530,73.09,outdoor
982,ord_00005633,2025-10-14 08:29:25.152076508,53.64,home_goods
982,ord_00005634,2025-11-21 15:30:41.568926808,44.37,electronics_accessories
982,ord_00005635,2026-01-07 23:09:26.567379304,41.46,outdoor
982,ord_00005636,2026-03-29 14:35:07.814162944,59.09,electronics_accessories
982,ord_00005637,2026-05-14 05:58:38.901529909,32.78,home_goods
982,ord_00005638,2026-06-25 07:41:55.668452429,71.25,beauty
983,ord_00005639,2025-11-12 00:00:00.000000000,41.94,apparel
983,ord_00005640,2025-12-12 19:46:52.228304224,29.37,electronics_accessories
983,ord_00005641,2026-01-15 12:20:45.235526723,85.29,electronics_accessories
983,ord_00005642,2026-02-01 15:28:08.333490680,70.21,apparel
983,ord_00005643,2026-03-04 13:49:04.618774185,34.38,electronics_accessories
983,ord_00005644,2026-04-07 04:27:40.530462913,73.84,outdoor
983,ord_00005645,2026-04-20 19:55:33.828070748,31.98,home_goods
983,ord_00005646,2026-05-20 03:21:31.177052597,52.61,outdoor
983,ord_00005647,2026-06-23 04:14:35.934715862,114.38,outdoor
983,ord_00005648,2026-07-26 01:43:35.748621641,43.81,home_goods
984,ord_00005649,2025-04-28 00:00:00.000000000,31.23,apparel
985,ord_00005650,2026-06-22 00:00:00.000000000,149.98,apparel
986,ord_00005651,2025-09-26 00:00:00.000000000,35.26,beauty
986,ord_00005652,2025-12-01 09:48:05.068943045,32.76,outdoor
986,ord_00005653,2026-02-10 17:13:14.737526079,39.5,outdoor
986,ord_00005654,2026-05-09 17:08:23.141593796,32.76,apparel
986,ord_00005655,2026-07-10 00:20:21.237784399,57.0,electronics_accessories
987,ord_00005656,2024-08-18 00:00:00.000000000,45.17,beauty
988,ord_00005657,2025-11-26 00:00:00.000000000,52.06,home_goods
989,ord_00005658,2025-12-23 00:00:00.000000000,50.57,home_goods
990,ord_00005659,2026-04-01 00:00:00.000000000,37.05,electronics_accessories
990,ord_00005660,2026-05-04 02:59:41.530140327,60.9,beauty
990,ord_00005661,2026-05-21 00:15:23.141382404,53.86,beauty
990,ord_00005662,2026-06-09 12:53:58.376145447,34.62,home_goods
990,ord_00005663,2026-06-23 07:21:09.524241516,33.63,home_goods
990,ord_00005664,2026-07-17 14:47:57.902011082,62.19,electronics_accessories
990,ord_00005665,2026-08-03 05:39:21.468821292,68.79,apparel
991,ord_00005666,2024-09-15 00:00:00.000000000,82.46,electronics_accessories
991,ord_00005667,2024-10-26 00:36:24.135614727,43.75,apparel
991,ord_00005668,2024-11-29 18:56:40.595376181,62.41,outdoor
991,ord_00005669,2024-12-21 11:17:08.066240736,118.71,home_goods
991,ord_00005670,2025-01-24 17:49:27.753891306,84.31,outdoor
991,ord_00005671,2025-02-26 09:57:18.248422480,184.34,apparel
991,ord_00005672,2025-03-25 04:30:54.098694236,51.84,electronics_accessories
991,ord_00005673,2025-04-25 00:44:27.422944498,53.98,electronics_accessories
991,ord_00005674,2025-06-02 02:37:21.498552673,31.26,apparel
991,ord_00005675,2025-06-28 03:16:39.861031859,20.83,outdoor
991,ord_00005676,2025-07-27 16:20:10.509769674,37.91,outdoor
991,ord_00005677,2025-09-23 20:35:05.224443218,79.43,apparel
991,ord_00005678,2025-10-16 11:10:44.511584075,86.1,beauty
991,ord_00005679,2025-11-20 01:50:15.968661189,139.49,home_goods
991,ord_00005680,2025-12-15 20:19:39.659040443,53.21,home_goods
991,ord_00005681,2026-01-14 00:44:57.962226828,22.0,beauty
991,ord_00005682,2026-02-17 11:47:20.366047822,36.23,outdoor
991,ord_00005683,2026-03-16 16:20:51.123645918,53.78,electronics_accessories
991,ord_00005684,2026-04-29 02:49:20.771865131,52.14,apparel
991,ord_00005685,2026-06-22 23:02:30.919110312,24.01,electronics_accessories
992,ord_00005686,2026-07-20 00:00:00.000000000,46.4,home_goods
993,ord_00005687,2026-06-05 00:00:00.000000000,48.05,electronics_accessories
993,ord_00005688,2026-06-17 20:18:13.420681207,33.01,apparel
993,ord_00005689,2026-07-17 22:03:20.230551364,54.53,home_goods
993,ord_00005690,2026-08-07 08:49:51.798552335,49.9,home_goods
994,ord_00005691,2024-10-29 00:00:00.000000000,56.39,electronics_accessories
995,ord_00005692,2025-12-24 00:00:00.000000000,17.85,apparel
995,ord_00005693,2026-01-22 14:52:13.662153660,73.74,electronics_accessories
995,ord_00005694,2026-03-02 10:55:05.005585593,32.38,outdoor
995,ord_00005695,2026-04-07 17:34:47.173947302,66.47,beauty
995,ord_00005696,2026-05-02 08:23:44.074120682,105.54,beauty
995,ord_00005697,2026-05-21 01:17:30.829988282,24.93,apparel
995,ord_00005698,2026-06-09 21:15:53.063400674,30.78,electronics_accessories
995,ord_00005699,2026-07-02 18:17:31.315816592,23.73,home_goods
995,ord_00005700,2026-07-20 14:50:09.302001374,30.38,electronics_accessories
996,ord_00005701,2026-04-17 00:00:00.000000000,42.27,home_goods
997,ord_00005702,2025-05-13 00:00:00.000000000,44.08,apparel
997,ord_00005703,2025-06-06 22:44:43.295133053,51.71,electronics_accessories
997,ord_00005704,2025-07-13 03:53:08.132546095,43.55,home_goods
997,ord_00005705,2025-07-28 23:14:45.073192096,38.71,outdoor
997,ord_00005706,2025-09-01 13:53:18.940083214,135.8,beauty
997,ord_00005707,2025-09-24 14:11:41.237453490,65.68,apparel
997,ord_00005708,2025-10-15 07:48:48.924655561,35.36,outdoor
997,ord_00005709,2025-11-07 14:04:00.048923981,71.29,outdoor
997,ord_00005710,2025-11-30 18:42:53.134963817,60.92,beauty
997,ord_00005711,2026-01-05 19:00:11.663119258,33.91,apparel
997,ord_00005712,2026-01-29 21:44:11.014236884,114.79,home_goods
997,ord_00005713,2026-02-23 04:06:26.039683599,68.06,apparel
997,ord_00005714,2026-03-13 08:24:18.579249502,30.8,home_goods
997,ord_00005715,2026-04-08 21:13:56.659842174,35.05,beauty
997,ord_00005716,2026-04-24 08:47:47.140535670,30.52,beauty
997,ord_00005717,2026-05-15 16:21:44.489784788,37.45,beauty
997,ord_00005718,2026-07-03 16:13:42.795198491,60.48,outdoor
997,ord_00005719,2026-07-13 09:48:25.472016852,28.57,apparel
997,ord_00005720,2026-08-04 12:47:03.951573851,48.72,beauty
998,ord_00005721,2025-01-01 00:00:00.000000000,68.15,apparel
999,ord_00005722,2025-10-16 00:00:00.000000000,43.6,outdoor
999,ord_00005723,2025-11-24 03:20:37.347697828,85.87,outdoor
999,ord_00005724,2026-01-24 03:55:19.387098402,78.5,electronics_accessories
999,ord_00005725,2026-02-27 13:45:53.731287706,43.43,apparel
999,ord_00005726,2026-03-26 18:00:07.047264862,15.2,outdoor
999,ord_00005727,2026-05-08 16:08:08.809964063,15.81,beauty
999,ord_00005728,2026-06-03 08:31:53.707324113,18.88,beauty
999,ord_00005729,2026-07-07 05:21:20.500276400,56.39,apparel
999,ord_00005730,2026-08-06 08:46:28.455876757,39.43,beauty
1000,ord_00005731,2024-11-06 00:00:00.000000000,46.22,apparel
1001,ord_00005732,2026-06-05 00:00:00.000000000,43.61,apparel
1002,ord_00005733,2025-10-07 00:00:00.000000000,108.05,outdoor
1003,ord_00005734,2026-02-03 00:00:00.000000000,78.66,outdoor
1004,ord_00005735,2025-09-21 00:00:00.000000000,37.52,home_goods
1005,ord_00005736,2025-04-20 00:00:00.000000000,69.47,apparel
1005,ord_00005737,2025-05-16 00:53:59.174605530,22.47,home_goods
1005,ord_00005738,2025-06-17 08:41:21.517628360,93.3,electronics_accessories
1005,ord_00005739,2025-07-25 22:36:20.036270762,30.65,outdoor
1005,ord_00005740,2025-08-14 14:50:50.460712590,56.76,beauty
1005,ord_00005741,2025-09-08 00:56:31.256848989,117.28,electronics_accessories
1005,ord_00005742,2025-10-08 16:26:27.936445126,56.0,apparel
1005,ord_00005743,2025-11-12 19:20:19.333356410,26.98,outdoor
1005,ord_00005744,2025-12-13 13:42:08.496295827,48.52,electronics_accessories
1005,ord_00005745,2026-01-15 11:14:26.316084899,58.63,home_goods
1005,ord_00005746,2026-02-13 08:02:41.745463608,110.56,beauty
1005,ord_00005747,2026-03-08 10:23:16.787310367,30.91,apparel
1005,ord_00005748,2026-04-07 19:45:21.754078788,26.27,beauty
1005,ord_00005749,2026-05-11 06:59:44.587276081,63.87,home_goods
1005,ord_00005750,2026-06-12 19:08:45.886222121,61.81,electronics_accessories
1005,ord_00005751,2026-07-19 16:38:14.074953858,56.48,electronics_accessories
1006,ord_00005752,2026-06-24 00:00:00.000000000,59.96,apparel
1007,ord_00005753,2026-01-10 00:00:00.000000000,58.38,outdoor
1007,ord_00005754,2026-02-03 07:49:54.251088914,63.3,apparel
1007,ord_00005755,2026-02-14 10:18:14.696366799,62.0,apparel
1007,ord_00005756,2026-03-13 00:22:31.704351517,56.88,outdoor
1007,ord_00005757,2026-04-04 13:03:06.525730114,14.68,apparel
1007,ord_00005758,2026-05-02 05:46:13.497598144,140.4,beauty
1007,ord_00005759,2026-05-31 18:09:44.673844727,55.07,home_goods
1007,ord_00005760,2026-07-20 21:30:26.190055683,24.37,electronics_accessories
1008,ord_00005761,2026-07-15 00:00:00.000000000,34.92,home_goods
1009,ord_00005762,2025-11-25 00:00:00.000000000,56.45,beauty
1009,ord_00005763,2025-12-28 01:19:28.758304602,31.53,beauty
1009,ord_00005764,2026-01-08 01:14:40.201276668,60.0,home_goods
1009,ord_00005765,2026-01-25 08:32:47.885611283,21.33,electronics_accessories
1009,ord_00005766,2026-02-03 07:45:54.883687248,63.09,apparel
1009,ord_00005767,2026-02-20 01:33:39.379293944,102.57,outdoor
1009,ord_00005768,2026-03-06 23:37:46.751247044,71.02,electronics_accessories
1009,ord_00005769,2026-03-30 19:48:59.181718604,61.25,home_goods
1009,ord_00005770,2026-04-14 17:52:30.115478012,34.21,home_goods
1009,ord_00005771,2026-05-08 14:18:32.719886400,25.33,apparel
1009,ord_00005772,2026-05-21 01:29:51.847081278,103.91,outdoor
1009,ord_00005773,2026-06-05 15:17:53.318370249,31.25,home_goods
1009,ord_00005774,2026-06-21 07:21:13.255131641,56.58,apparel
1009,ord_00005775,2026-07-10 23:21:26.781464849,81.16,apparel
1009,ord_00005776,2026-07-29 21:41:13.131082852,31.07,outdoor
1010,ord_00005777,2026-05-08 00:00:00.000000000,82.11,apparel
1011,ord_00005778,2025-08-29 00:00:00.000000000,91.32,apparel
1011,ord_00005779,2025-09-23 21:48:26.426340242,79.99,outdoor
1011,ord_00005780,2025-10-22 11:54:01.178659271,14.55,beauty
1011,ord_00005781,2025-11-21 12:27:19.791335772,47.03,beauty
1011,ord_00005782,2025-12-27 19:12:17.558779574,62.26,apparel
1011,ord_00005783,2026-01-27 22:46:59.647960237,28.59,apparel
1011,ord_00005784,2026-03-05 06:47:22.488772224,68.72,electronics_accessories
1011,ord_00005785,2026-04-06 19:04:02.973531018,159.65,apparel
1011,ord_00005786,2026-05-10 04:00:59.514306123,70.34,electronics_accessories
1011,ord_00005787,2026-05-31 09:38:22.998221114,26.16,apparel
1011,ord_00005788,2026-06-15 00:03:37.126161977,123.3,electronics_accessories
1011,ord_00005789,2026-07-30 06:26:51.644102568,48.86,home_goods
1012,ord_00005790,2026-03-21 00:00:00.000000000,39.18,home_goods
1012,ord_00005791,2026-04-15 07:07:40.591194633,81.05,beauty
1012,ord_00005792,2026-05-08 13:45:40.676311918,95.82,outdoor
1012,ord_00005793,2026-05-20 05:56:40.516245879,51.43,home_goods
1012,ord_00005794,2026-06-14 13:18:28.609303632,42.84,beauty
1012,ord_00005795,2026-06-27 15:07:32.647079331,56.34,outdoor
1012,ord_00005796,2026-07-29 01:14:30.187519208,38.42,home_goods
1013,ord_00005797,2025-02-19 00:00:00.000000000,31.81,outdoor
1014,ord_00005798,2025-08-15 00:00:00.000000000,31.8,home_goods
1014,ord_00005799,2025-09-30 07:42:20.200236482,52.9,outdoor
1014,ord_00005800,2025-11-09 10:11:09.610504034,27.49,outdoor
1014,ord_00005801,2025-12-05 21:15:17.848023910,50.99,beauty
1014,ord_00005802,2026-01-20 07:07:52.192237839,26.12,home_goods
1014,ord_00005803,2026-03-06 04:39:26.619240007,88.04,home_goods
1014,ord_00005804,2026-04-06 22:37:04.880538792,44.21,electronics_accessories
1014,ord_00005805,2026-05-04 13:25:24.727022349,41.62,electronics_accessories
1014,ord_00005806,2026-06-11 23:40:12.641154693,45.01,home_goods
1014,ord_00005807,2026-08-01 09:42:32.950229049,15.23,beauty
1015,ord_00005808,2025-03-05 00:00:00.000000000,62.5,apparel
1016,ord_00005809,2025-09-10 00:00:00.000000000,31.81,home_goods
1017,ord_00005810,2026-03-10 00:00:00.000000000,44.39,beauty
1017,ord_00005811,2026-05-13 14:17:31.329189495,24.59,apparel
1017,ord_00005812,2026-06-24 04:06:57.307458280,46.5,electronics_accessories
1018,ord_00005813,2025-03-22 00:00:00.000000000,22.12,apparel
1018,ord_00005814,2025-04-15 08:33:47.837937474,32.81,beauty
1018,ord_00005815,2025-05-02 07:56:05.789159115,137.23,electronics_accessories
1018,ord_00005816,2025-06-26 04:27:14.384707366,109.27,home_goods
1018,ord_00005817,2025-08-02 14:27:41.235536106,76.88,beauty
1018,ord_00005818,2025-09-20 21:27:34.273708299,21.55,beauty
1018,ord_00005819,2025-11-05 18:53:34.283118552,104.34,apparel
1018,ord_00005820,2025-12-17 07:57:46.222651160,109.12,electronics_accessories
1018,ord_00005821,2026-01-17 20:57:52.908844316,69.05,apparel
1018,ord_00005822,2026-02-27 02:30:49.794271544,61.62,apparel
1018,ord_00005823,2026-04-21 11:40:57.161056193,62.34,home_goods
1018,ord_00005824,2026-05-27 02:18:49.976640417,46.29,beauty
1018,ord_00005825,2026-07-27 13:06:47.642719246,100.77,electronics_accessories
1019,ord_00005826,2025-06-23 00:00:00.000000000,53.4,beauty
1020,ord_00005827,2024-11-07 00:00:00.000000000,34.15,electronics_accessories
1021,ord_00005828,2026-06-30 00:00:00.000000000,61.68,apparel
1022,ord_00005829,2024-09-18 00:00:00.000000000,62.01,apparel
1022,ord_00005830,2024-10-17 19:38:26.907337029,42.96,electronics_accessories
1022,ord_00005831,2024-11-08 21:46:23.899292369,72.93,apparel
1022,ord_00005832,2024-11-27 19:25:34.869589122,47.75,home_goods
1022,ord_00005833,2024-12-27 12:48:11.296452550,139.25,outdoor
1022,ord_00005834,2025-01-12 14:36:36.713744931,24.61,apparel
1022,ord_00005835,2025-02-10 12:08:40.275272654,20.89,beauty
1022,ord_00005836,2025-02-22 18:57:24.536899430,40.17,apparel
1022,ord_00005837,2025-03-19 01:07:18.852933479,43.99,apparel
1022,ord_00005838,2025-04-10 14:32:32.019640902,48.7,outdoor
1022,ord_00005839,2025-04-29 13:00:47.446575092,75.32,home_goods
1022,ord_00005840,2025-05-24 13:36:49.682895334,49.74,apparel
1022,ord_00005841,2025-06-15 07:21:18.023877497,37.01,electronics_accessories
1022,ord_00005842,2025-07-15 20:34:44.870020509,22.97,home_goods
1022,ord_00005843,2025-08-11 04:42:16.842377332,57.44,home_goods
1022,ord_00005844,2025-09-05 16:46:38.414825869,73.03,outdoor
1022,ord_00005845,2025-09-30 00:01:07.296762652,48.89,electronics_accessories
1022,ord_00005846,2025-10-19 07:47:26.063285672,43.24,beauty
1022,ord_00005847,2025-11-08 15:52:53.312931725,99.15,home_goods
1022,ord_00005848,2025-12-02 15:32:09.154845641,132.27,home_goods
1022,ord_00005849,2025-12-23 18:48:05.590686417,56.61,apparel
1022,ord_00005850,2026-01-23 20:37:02.271427460,45.94,apparel
1022,ord_00005851,2026-02-15 18:09:18.796667043,65.5,electronics_accessories
1022,ord_00005852,2026-03-12 16:17:59.746608329,53.14,electronics_accessories
1022,ord_00005853,2026-03-27 07:06:26.632112490,49.6,electronics_accessories
1022,ord_00005854,2026-04-25 20:13:05.564014255,58.85,home_goods
1022,ord_00005855,2026-05-14 13:04:08.626356470,60.4,home_goods
1022,ord_00005856,2026-05-30 19:53:20.005694261,108.25,apparel
1022,ord_00005857,2026-07-06 07:28:45.857162553,61.03,home_goods
1022,ord_00005858,2026-08-02 18:13:10.489717980,50.65,beauty
1023,ord_00005859,2025-08-11 00:00:00.000000000,67.23,outdoor
1023,ord_00005860,2025-09-16 00:56:26.931791877,124.79,apparel
1023,ord_00005861,2025-10-05 04:54:02.261353027,67.05,electronics_accessories
1023,ord_00005862,2025-11-01 08:20:31.921581256,92.74,outdoor
1023,ord_00005863,2025-11-23 05:11:01.005303266,34.03,outdoor
1023,ord_00005864,2025-12-20 07:52:09.325097002,42.79,apparel
1023,ord_00005865,2026-01-11 09:23:48.963288584,24.4,apparel
1023,ord_00005866,2026-01-30 01:46:48.827429081,65.09,apparel
1023,ord_00005867,2026-02-20 21:29:40.895215938,94.32,beauty
1023,ord_00005868,2026-03-30 11:45:02.654449522,63.87,electronics_accessories
1023,ord_00005869,2026-04-26 17:25:25.359047906,69.02,home_goods
1023,ord_00005870,2026-05-12 19:23:50.767880190,42.42,home_goods
1023,ord_00005871,2026-06-14 16:36:45.720066764,55.67,electronics_accessories
1023,ord_00005872,2026-07-02 19:26:57.046271843,48.66,electronics_accessories
1023,ord_00005873,2026-08-01 09:34:04.245046489,31.05,outdoor
1024,ord_00005874,2025-07-22 00:00:00.000000000,93.45,apparel
1025,ord_00005875,2025-04-13 00:00:00.000000000,24.04,beauty
1025,ord_00005876,2025-07-07 02:15:03.824499873,35.97,outdoor
1025,ord_00005877,2025-10-29 13:41:12.571936991,79.63,beauty
1025,ord_00005878,2026-01-10 22:58:57.365237893,52.51,beauty
1025,ord_00005879,2026-07-17 05:57:55.856200887,46.63,home_goods
1026,ord_00005880,2024-08-28 00:00:00.000000000,112.83,electronics_accessories
1027,ord_00005881,2025-01-09 00:00:00.000000000,100.16,beauty
1027,ord_00005882,2025-02-04 14:38:25.969977705,79.93,outdoor
1027,ord_00005883,2025-03-05 11:08:36.719993620,33.84,outdoor
1027,ord_00005884,2025-03-29 08:25:04.753721635,14.98,home_goods
1027,ord_00005885,2025-04-29 13:47:48.583003471,86.0,home_goods
1027,ord_00005886,2025-05-21 07:53:36.133963915,89.58,beauty
1027,ord_00005887,2025-06-14 08:06:57.527956162,45.74,home_goods
1027,ord_00005888,2025-07-10 04:39:49.800808017,37.26,beauty
1027,ord_00005889,2025-08-04 09:11:10.102418476,45.53,apparel
1027,ord_00005890,2025-09-10 21:01:17.182722361,30.3,outdoor
1027,ord_00005891,2025-10-06 16:38:08.540490577,25.76,beauty
1027,ord_00005892,2025-10-27 18:54:01.391912099,44.77,electronics_accessories
1027,ord_00005893,2025-11-23 20:40:28.161992984,57.3,apparel
1027,ord_00005894,2025-12-25 03:17:02.272290134,49.34,outdoor
1027,ord_00005895,2026-01-23 06:52:42.494610033,30.99,outdoor
1027,ord_00005896,2026-02-20 22:56:09.789897327,49.46,outdoor
1027,ord_00005897,2026-03-07 16:45:56.061407756,46.13,electronics_accessories
1027,ord_00005898,2026-03-18 15:19:29.079720120,131.46,home_goods
1027,ord_00005899,2026-04-21 12:23:18.871583983,64.49,beauty
1027,ord_00005900,2026-05-17 21:01:10.876896195,39.16,electronics_accessories
1027,ord_00005901,2026-06-09 20:01:54.960411438,48.84,home_goods
1027,ord_00005902,2026-07-08 07:03:07.020653896,172.77,beauty
1028,ord_00005903,2025-07-17 00:00:00.000000000,59.19,beauty
1029,ord_00005904,2026-02-01 00:00:00.000000000,52.91,home_goods
1029,ord_00005905,2026-02-06 12:40:48.474614476,23.76,beauty
1029,ord_00005906,2026-02-20 20:09:05.042112078,76.23,beauty
1029,ord_00005907,2026-03-01 05:11:31.794145900,35.18,apparel
1029,ord_00005908,2026-03-12 16:18:04.674339070,33.74,electronics_accessories
1029,ord_00005909,2026-03-18 23:47:58.299674519,35.84,electronics_accessories
1029,ord_00005910,2026-03-22 10:42:59.848538114,120.24,beauty
1029,ord_00005911,2026-03-27 11:17:32.427057491,40.72,home_goods
1029,ord_00005912,2026-04-04 08:43:05.746566271,50.53,home_goods
1029,ord_00005913,2026-04-11 21:17:54.313903840,60.46,home_goods
1029,ord_00005914,2026-04-18 20:55:44.908031417,40.72,home_goods
1029,ord_00005915,2026-04-24 20:21:16.794233822,20.9,electronics_accessories
1029,ord_00005916,2026-05-04 03:16:22.655559350,76.93,beauty
1029,ord_00005917,2026-05-10 03:56:50.966847220,54.18,outdoor
1029,ord_00005918,2026-05-17 20:22:16.180981723,39.32,beauty
1029,ord_00005919,2026-05-25 06:40:30.002057033,39.93,outdoor
1029,ord_00005920,2026-05-31 13:13:54.185402969,102.85,beauty
1029,ord_00005921,2026-06-05 22:19:14.447399544,47.19,beauty
1029,ord_00005922,2026-06-12 02:14:37.094663346,31.09,electronics_accessories
1029,ord_00005923,2026-06-24 09:14:38.991159575,52.9,home_goods
1029,ord_00005924,2026-07-04 04:01:06.757829149,46.29,home_goods
1029,ord_00005925,2026-07-13 16:23:51.730955800,38.28,beauty
1029,ord_00005926,2026-07-19 05:12:43.011721503,42.12,apparel
1029,ord_00005927,2026-07-23 18:27:21.377450339,25.58,beauty
1029,ord_00005928,2026-08-02 12:06:33.660613274,57.85,outdoor
1030,ord_00005929,2025-03-18 00:00:00.000000000,37.14,home_goods
1031,ord_00005930,2025-11-07 00:00:00.000000000,66.85,beauty
1031,ord_00005931,2025-12-04 01:42:34.436667670,47.87,apparel
1031,ord_00005932,2026-01-01 02:42:09.468104480,56.65,beauty
1031,ord_00005933,2026-01-27 02:43:19.955276895,54.67,apparel
1031,ord_00005934,2026-03-04 03:06:32.386721997,36.85,beauty
1031,ord_00005935,2026-04-05 01:06:21.321687550,49.82,outdoor
1031,ord_00005936,2026-05-08 23:20:55.181129409,18.43,apparel
1031,ord_00005937,2026-07-15 17:32:03.804331821,145.54,beauty
1032,ord_00005938,2026-02-28 00:00:00.000000000,84.82,home_goods
1032,ord_00005939,2026-05-31 10:59:28.897259648,25.47,electronics_accessories
1033,ord_00005940,2025-10-11 00:00:00.000000000,39.92,beauty
1034,ord_00005941,2025-10-11 00:00:00.000000000,35.39,beauty
1034,ord_00005942,2025-11-22 22:14:45.109097928,84.54,outdoor
1034,ord_00005943,2025-12-23 21:53:55.055232506,38.69,electronics_accessories
1034,ord_00005944,2026-02-25 02:18:58.007092164,58.9,electronics_accessories
1034,ord_00005945,2026-03-25 03:04:44.589468737,90.03,home_goods
1034,ord_00005946,2026-05-10 11:52:04.865126884,14.41,electronics_accessories
1034,ord_00005947,2026-06-18 22:40:51.137071979,67.18,beauty
1034,ord_00005948,2026-07-25 20:23:31.899475647,88.46,outdoor
1035,ord_00005949,2026-04-24 00:00:00.000000000,66.79,apparel
1036,ord_00005950,2024-10-19 00:00:00.000000000,31.21,apparel
1036,ord_00005951,2024-11-06 14:08:09.903742345,60.39,home_goods
1036,ord_00005952,2024-11-18 22:11:03.591834804,38.14,outdoor
1036,ord_00005953,2024-12-06 15:44:10.554387672,78.78,electronics_accessories
1036,ord_00005954,2024-12-20 07:09:20.945205544,82.02,apparel
1036,ord_00005955,2025-01-03 01:10:50.309327001,58.75,home_goods
1036,ord_00005956,2025-01-24 23:15:01.334977995,46.92,electronics_accessories
1036,ord_00005957,2025-02-18 19:31:37.403159772,44.7,beauty
1036,ord_00005958,2025-03-11 18:42:32.851962179,52.98,apparel
1036,ord_00005959,2025-03-30 00:06:40.501013562,34.32,apparel
1036,ord_00005960,2025-04-14 22:26:05.868404114,57.57,electronics_accessories
1036,ord_00005961,2025-05-04 04:19:38.930510048,61.21,beauty
1036,ord_00005962,2025-05-20 17:16:57.328609097,28.05,beauty
1036,ord_00005963,2025-06-10 11:48:04.273902250,92.34,apparel
1036,ord_00005964,2025-06-23 21:38:00.531235374,18.29,home_goods
1036,ord_00005965,2025-07-20 00:35:42.502962896,96.52,electronics_accessories
1036,ord_00005966,2025-08-06 21:08:01.405572328,54.33,home_goods
1036,ord_00005967,2025-08-30 13:50:30.336159240,87.28,beauty
1036,ord_00005968,2025-09-27 04:45:48.050710317,81.57,home_goods
1036,ord_00005969,2025-10-20 13:16:32.719546724,55.73,beauty
1036,ord_00005970,2025-11-16 10:54:24.363269874,17.94,beauty
1036,ord_00005971,2025-11-27 20:11:13.765813968,76.64,apparel
1036,ord_00005972,2025-12-16 02:22:07.020478732,32.87,home_goods
1036,ord_00005973,2026-01-14 13:38:20.616405825,43.17,home_goods
1036,ord_00005974,2026-02-08 05:29:32.872377152,36.89,beauty
1036,ord_00005975,2026-03-17 01:59:53.828140339,84.56,electronics_accessories
1036,ord_00005976,2026-04-21 09:05:09.633126630,44.05,home_goods
1036,ord_00005977,2026-05-14 12:51:48.075138524,186.56,electronics_accessories
1036,ord_00005978,2026-06-03 03:52:53.247457610,64.97,home_goods
1036,ord_00005979,2026-06-19 00:56:31.522095364,29.24,beauty
1036,ord_00005980,2026-07-07 09:22:13.216388609,53.21,beauty
1036,ord_00005981,2026-07-26 02:48:59.349235215,75.36,home_goods
1037,ord_00005982,2025-06-11 00:00:00.000000000,41.12,apparel
1038,ord_00005983,2026-05-21 00:00:00.000000000,28.79,apparel
1039,ord_00005984,2025-07-01 00:00:00.000000000,56.86,electronics_accessories
1040,ord_00005985,2025-02-02 00:00:00.000000000,32.99,beauty
1041,ord_00005986,2025-02-28 00:00:00.000000000,47.71,home_goods
1042,ord_00005987,2024-08-22 00:00:00.000000000,42.72,apparel
1042,ord_00005988,2024-11-30 16:11:48.146355949,44.61,outdoor
1042,ord_00005989,2025-03-23 22:44:50.888896643,35.08,apparel
1042,ord_00005990,2025-06-14 19:21:35.175714978,72.24,home_goods
1042,ord_00005991,2025-10-03 23:42:12.878574106,33.68,apparel
1042,ord_00005992,2025-12-08 09:19:27.198387954,33.48,outdoor
1042,ord_00005993,2026-02-16 03:38:15.725713629,37.36,outdoor
1042,ord_00005994,2026-06-02 04:47:10.164484129,86.25,electronics_accessories
1043,ord_00005995,2025-05-05 00:00:00.000000000,45.1,beauty
1043,ord_00005996,2025-08-21 22:23:24.249585152,59.78,beauty
1043,ord_00005997,2025-11-24 15:51:30.358905701,52.9,home_goods
1043,ord_00005998,2026-07-22 13:24:36.760931333,25.84,home_goods
1044,ord_00005999,2025-01-11 00:00:00.000000000,22.23,electronics_accessories
1044,ord_00006000,2025-02-18 00:23:13.864122590,50.06,outdoor
1044,ord_00006001,2025-03-28 11:35:01.487417168,34.3,home_goods
1044,ord_00006002,2025-04-17 20:43:57.685028400,94.05,beauty
1044,ord_00006003,2025-05-04 09:41:24.159334836,45.86,outdoor
1044,ord_00006004,2025-05-28 08:51:13.046460174,39.98,home_goods
1044,ord_00006005,2025-06-22 12:27:14.682048453,50.86,apparel
1044,ord_00006006,2025-07-18 22:03:51.488467727,65.24,electronics_accessories
1044,ord_00006007,2025-07-29 05:59:06.525354862,62.63,electronics_accessories
1044,ord_00006008,2025-09-24 02:29:14.561490011,27.21,apparel
1044,ord_00006009,2025-10-25 01:41:02.077187927,39.62,beauty
1044,ord_00006010,2025-11-14 20:18:40.513236262,42.84,electronics_accessories
1044,ord_00006011,2025-12-02 14:50:16.424952727,69.8,outdoor
1044,ord_00006012,2026-01-01 06:21:44.568464153,74.59,outdoor
1044,ord_00006013,2026-01-26 20:15:54.418702469,40.77,outdoor
1044,ord_00006014,2026-02-18 12:13:04.281296768,69.16,home_goods
1044,ord_00006015,2026-03-15 19:19:58.896740749,52.25,home_goods
1044,ord_00006016,2026-04-06 02:51:39.539909514,35.24,electronics_accessories
1044,ord_00006017,2026-04-30 23:46:38.000959503,17.21,electronics_accessories
1044,ord_00006018,2026-05-28 09:43:33.348150683,71.79,home_goods
1044,ord_00006019,2026-06-21 20:14:58.893434021,51.42,outdoor
1044,ord_00006020,2026-07-15 21:37:34.550630634,32.33,home_goods
1045,ord_00006021,2025-12-18 00:00:00.000000000,100.73,electronics_accessories
1046,ord_00006022,2025-06-16 00:00:00.000000000,39.85,home_goods
1047,ord_00006023,2025-07-31 00:00:00.000000000,92.5,outdoor
1048,ord_00006024,2026-03-30 00:00:00.000000000,44.24,outdoor
1048,ord_00006025,2026-04-28 01:12:01.826440755,67.26,electronics_accessories
1048,ord_00006026,2026-05-17 15:53:07.734392550,64.99,outdoor
1048,ord_00006027,2026-06-03 17:13:33.781071886,17.76,home_goods
1048,ord_00006028,2026-06-22 11:23:47.639234295,65.67,apparel
1048,ord_00006029,2026-07-08 16:03:46.097910810,26.12,beauty
1048,ord_00006030,2026-07-22 10:50:26.380508140,24.65,beauty
1049,ord_00006031,2025-08-12 00:00:00.000000000,200.04,outdoor
1049,ord_00006032,2025-12-11 07:30:46.223410202,62.65,beauty
1049,ord_00006033,2026-02-04 12:03:35.372417754,61.4,home_goods
1049,ord_00006034,2026-06-08 12:43:36.474044044,109.73,electronics_accessories
1050,ord_00006035,2025-05-31 00:00:00.000000000,83.23,apparel
1051,ord_00006036,2025-09-10 00:00:00.000000000,71.24,electronics_accessories
1051,ord_00006037,2025-10-01 16:23:49.098549305,97.47,apparel
1051,ord_00006038,2025-11-05 02:12:26.420976259,30.13,electronics_accessories
1051,ord_00006039,2025-12-20 18:26:03.720382319,86.19,beauty
1051,ord_00006040,2026-01-30 19:15:15.293858702,41.35,electronics_accessories
1051,ord_00006041,2026-03-02 18:41:19.142615767,54.78,beauty
1051,ord_00006042,2026-04-11 04:03:05.745491416,66.64,electronics_accessories
1051,ord_00006043,2026-05-31 16:27:28.230344986,25.27,apparel
1051,ord_00006044,2026-07-15 06:39:15.440159475,61.48,beauty
1052,ord_00006045,2025-07-17 00:00:00.000000000,45.21,beauty
1053,ord_00006046,2025-01-22 00:00:00.000000000,24.32,beauty
1054,ord_00006047,2026-02-05 00:00:00.000000000,55.17,apparel
1055,ord_00006048,2026-01-20 00:00:00.000000000,58.13,electronics_accessories
1056,ord_00006049,2024-10-07 00:00:00.000000000,118.18,beauty
1056,ord_00006050,2024-10-20 17:28:30.277394456,21.08,home_goods
1056,ord_00006051,2024-10-30 02:05:37.402325769,67.98,apparel
1056,ord_00006052,2024-11-12 23:26:25.019723922,50.21,electronics_accessories
1056,ord_00006053,2024-11-27 02:46:15.745442663,43.39,apparel
1056,ord_00006054,2024-12-08 15:00:19.335512768,18.66,electronics_accessories
1056,ord_00006055,2024-12-31 14:29:02.367039905,112.59,apparel
1056,ord_00006056,2025-01-16 12:26:39.814862523,80.06,outdoor
1056,ord_00006057,2025-02-04 16:38:28.000100684,22.16,apparel
1056,ord_00006058,2025-02-22 06:21:54.761997974,69.36,outdoor
1056,ord_00006059,2025-03-07 00:14:00.748570437,46.93,home_goods
1056,ord_00006060,2025-03-19 14:03:25.563362031,49.07,outdoor
1056,ord_00006061,2025-03-31 18:40:54.347323760,44.53,home_goods
1056,ord_00006062,2025-04-17 03:10:13.259361689,27.19,electronics_accessories
1056,ord_00006063,2025-04-28 02:24:38.269307372,99.62,electronics_accessories
1056,ord_00006064,2025-05-20 11:14:36.307772335,29.39,home_goods
1056,ord_00006065,2025-05-31 03:02:54.819740225,28.44,home_goods
1056,ord_00006066,2025-06-14 08:15:56.837452843,58.57,beauty
1056,ord_00006067,2025-06-26 18:58:10.616352158,45.11,outdoor
1056,ord_00006068,2025-07-08 10:27:06.720262866,48.2,electronics_accessories
1056,ord_00006069,2025-08-03 00:22:54.550359993,46.65,electronics_accessories
1056,ord_00006070,2025-08-14 16:51:00.202168789,37.99,home_goods
1056,ord_00006071,2025-08-26 20:51:07.167394890,112.17,apparel
1056,ord_00006072,2025-09-06 19:00:25.895124114,63.56,home_goods
1056,ord_00006073,2025-09-20 06:55:29.027462570,18.86,beauty
1056,ord_00006074,2025-10-03 05:18:03.081762157,38.19,outdoor
1056,ord_00006075,2025-10-12 17:59:54.636419568,49.9,outdoor
1056,ord_00006076,2025-10-24 11:42:18.111879303,72.11,apparel
1056,ord_00006077,2025-11-09 11:52:26.768314544,80.84,apparel
1056,ord_00006078,2025-11-27 15:16:38.819695917,40.81,home_goods
1056,ord_00006079,2025-12-11 01:32:36.042564625,29.09,beauty
1056,ord_00006080,2025-12-24 15:12:37.046539795,118.87,beauty
1056,ord_00006081,2026-01-05 14:19:26.321512791,51.15,home_goods
1056,ord_00006082,2026-01-17 01:30:32.988402695,43.93,outdoor
1056,ord_00006083,2026-01-27 04:19:31.391458413,38.41,outdoor
1056,ord_00006084,2026-02-04 12:53:56.845759580,46.85,electronics_accessories
1056,ord_00006085,2026-02-15 08:03:30.185574934,60.45,home_goods
1056,ord_00006086,2026-03-04 19:41:47.299588862,58.78,electronics_accessories
1056,ord_00006087,2026-03-16 13:23:56.451889443,65.3,home_goods
1056,ord_00006088,2026-03-28 13:48:20.094961141,31.28,outdoor
1056,ord_00006089,2026-04-09 12:31:57.995893361,48.36,electronics_accessories
1056,ord_00006090,2026-04-28 21:19:27.670866779,38.05,outdoor
1056,ord_00006091,2026-05-08 23:29:58.896702757,55.73,home_goods
1056,ord_00006092,2026-05-23 11:10:59.748100945,89.46,beauty
1056,ord_00006093,2026-06-05 12:37:56.458455812,100.1,beauty
1056,ord_00006094,2026-06-19 03:10:23.253139360,27.62,outdoor
1056,ord_00006095,2026-07-03 11:27:44.252660301,42.74,electronics_accessories
1056,ord_00006096,2026-07-17 00:57:01.837727081,43.85,beauty
1056,ord_00006097,2026-08-02 22:50:27.535039391,37.48,home_goods
1057,ord_00006098,2024-08-27 00:00:00.000000000,29.69,beauty
1057,ord_00006099,2024-09-28 19:43:47.994952864,124.51,outdoor
1057,ord_00006100,2025-01-05 14:41:15.973157973,17.52,beauty
1057,ord_00006101,2025-02-23 19:57:05.761782307,70.3,beauty
1057,ord_00006102,2025-05-01 20:50:09.853917318,61.61,home_goods
1057,ord_00006103,2025-06-11 23:12:54.229885452,94.99,apparel
1057,ord_00006104,2025-08-09 01:47:34.337235122,56.41,home_goods
1057,ord_00006105,2025-09-28 11:25:20.764986898,78.92,outdoor
1057,ord_00006106,2025-11-30 17:19:29.302312887,41.44,beauty
1057,ord_00006107,2026-01-15 19:15:41.825582044,91.99,apparel
1057,ord_00006108,2026-04-03 16:55:13.240568671,33.23,home_goods
1057,ord_00006109,2026-05-04 23:11:04.248197348,43.83,home_goods
1057,ord_00006110,2026-07-08 23:49:45.105073888,59.02,home_goods
1058,ord_00006111,2026-05-19 00:00:00.000000000,25.57,electronics_accessories
1059,ord_00006112,2024-12-31 00:00:00.000000000,40.36,home_goods
1060,ord_00006113,2026-04-18 00:00:00.000000000,95.35,apparel
1060,ord_00006114,2026-06-21 05:39:08.489279794,55.57,beauty
1061,ord_00006115,2025-12-24 00:00:00.000000000,49.27,outdoor
1061,ord_00006116,2026-05-23 00:01:55.254797056,63.63,beauty
1062,ord_00006117,2025-11-09 00:00:00.000000000,45.11,outdoor
1062,ord_00006118,2025-11-18 10:38:15.211193080,54.25,outdoor
1062,ord_00006119,2025-12-01 23:27:31.231452989,86.09,beauty
1062,ord_00006120,2025-12-09 22:45:33.459677239,22.36,outdoor
1062,ord_00006121,2025-12-23 04:00:35.658505861,52.06,electronics_accessories
1062,ord_00006122,2026-01-02 18:18:13.848196878,73.85,electronics_accessories
1062,ord_00006123,2026-01-12 05:32:00.391520773,34.94,outdoor
1062,ord_00006124,2026-01-25 09:20:49.974991518,74.36,electronics_accessories
1062,ord_00006125,2026-02-06 16:33:58.489976994,65.35,beauty
1062,ord_00006126,2026-02-18 01:35:37.192717527,147.8,outdoor
1062,ord_00006127,2026-03-03 16:00:41.277228860,67.86,beauty
1062,ord_00006128,2026-03-14 07:47:47.596695739,64.05,beauty
1062,ord_00006129,2026-03-20 10:44:03.105953286,42.82,home_goods
1062,ord_00006130,2026-03-29 09:35:27.645723133,56.85,home_goods
1062,ord_00006131,2026-04-04 05:39:11.950158636,59.74,beauty
1062,ord_00006132,2026-04-16 10:47:01.374940169,50.94,home_goods
1062,ord_00006133,2026-04-29 13:41:16.024614053,48.03,electronics_accessories
1062,ord_00006134,2026-05-12 20:55:11.983551019,44.22,home_goods
1062,ord_00006135,2026-05-24 11:37:12.559660280,61.43,electronics_accessories
1062,ord_00006136,2026-06-06 21:22:25.059246795,24.38,apparel
1062,ord_00006137,2026-06-13 03:20:32.644755774,43.09,apparel
1062,ord_00006138,2026-06-22 20:21:56.167238123,54.42,beauty
1062,ord_00006139,2026-06-29 09:47:17.183451208,51.56,outdoor
1062,ord_00006140,2026-07-08 09:55:27.854025203,39.44,beauty
1062,ord_00006141,2026-07-24 16:45:31.242154515,51.09,electronics_accessories
1062,ord_00006142,2026-08-07 14:50:17.760893487,56.79,home_goods
1063,ord_00006143,2025-03-23 00:00:00.000000000,87.06,apparel
1064,ord_00006144,2025-12-12 00:00:00.000000000,90.85,electronics_accessories
1064,ord_00006145,2026-04-23 23:04:54.662715054,99.44,home_goods
1064,ord_00006146,2026-06-21 19:49:24.858301634,68.63,apparel
1065,ord_00006147,2024-10-17 00:00:00.000000000,124.4,apparel
1066,ord_00006148,2026-07-20 00:00:00.000000000,153.23,beauty
1066,ord_00006149,2026-08-02 09:35:38.462044555,48.32,beauty
1067,ord_00006150,2025-08-15 00:00:00.000000000,65.05,home_goods
1068,ord_00006151,2025-02-13 00:00:00.000000000,46.41,outdoor
1068,ord_00006152,2025-04-05 06:41:35.855745225,60.55,electronics_accessories
1068,ord_00006153,2025-05-10 15:38:42.440208122,83.47,electronics_accessories
1068,ord_00006154,2025-06-23 23:17:18.546262891,61.41,beauty
1068,ord_00006155,2025-08-19 22:07:05.811634263,36.07,outdoor
1068,ord_00006156,2025-10-19 03:39:50.854573758,138.07,outdoor
1068,ord_00006157,2025-12-25 10:52:24.996930814,29.93,outdoor
1068,ord_00006158,2026-02-13 20:46:56.668306046,55.0,beauty
1068,ord_00006159,2026-04-05 14:06:00.583415194,56.5,beauty
1068,ord_00006160,2026-06-01 16:19:04.254537235,134.37,home_goods
1068,ord_00006161,2026-07-09 19:36:19.762599027,33.5,apparel
1069,ord_00006162,2026-01-31 00:00:00.000000000,110.43,electronics_accessories
1070,ord_00006163,2026-07-18 00:00:00.000000000,73.7,beauty
1071,ord_00006164,2026-03-04 00:00:00.000000000,36.88,beauty
1071,ord_00006165,2026-06-03 12:19:36.488405295,112.65,apparel
1072,ord_00006166,2026-08-01 00:00:00.000000000,40.23,beauty
1073,ord_00006167,2025-04-19 00:00:00.000000000,79.78,beauty
1074,ord_00006168,2026-03-05 00:00:00.000000000,32.68,outdoor
1074,ord_00006169,2026-04-15 05:57:07.364183327,39.58,outdoor
1074,ord_00006170,2026-05-31 00:30:44.307366041,47.57,home_goods
1074,ord_00006171,2026-06-22 22:34:58.552826190,63.02,apparel
1075,ord_00006172,2025-11-15 00:00:00.000000000,42.81,apparel
1075,ord_00006173,2026-01-02 16:02:21.895622605,39.36,electronics_accessories
1075,ord_00006174,2026-02-09 17:09:56.284791481,33.59,outdoor
1075,ord_00006175,2026-03-15 09:35:31.364241011,27.05,outdoor
1075,ord_00006176,2026-04-22 06:28:10.654624324,80.78,electronics_accessories
1075,ord_00006177,2026-05-17 04:01:48.618953486,40.84,home_goods
1075,ord_00006178,2026-07-15 05:51:52.788617761,64.48,beauty
1075,ord_00006179,2026-08-06 10:40:25.738752858,28.49,apparel
1076,ord_00006180,2024-08-22 00:00:00.000000000,68.56,outdoor
1077,ord_00006181,2025-07-28 00:00:00.000000000,55.76,apparel
1078,ord_00006182,2024-09-09 00:00:00.000000000,44.92,apparel
1079,ord_00006183,2025-10-08 00:00:00.000000000,35.37,home_goods
1079,ord_00006184,2025-10-21 01:38:43.751539333,21.72,outdoor
1079,ord_00006185,2025-11-05 01:49:57.556534305,35.42,electronics_accessories
1079,ord_00006186,2025-11-18 04:04:36.222006872,45.71,apparel
1079,ord_00006187,2025-12-09 23:37:35.400458052,35.11,beauty
1079,ord_00006188,2025-12-19 11:26:16.942481971,65.62,apparel
1079,ord_00006189,2025-12-29 23:58:28.743817968,54.59,home_goods
1079,ord_00006190,2026-01-12 08:26:45.796667101,74.31,apparel
1079,ord_00006191,2026-01-26 03:44:37.546920564,28.58,electronics_accessories
1079,ord_00006192,2026-02-02 09:49:31.687281260,38.05,apparel
1079,ord_00006193,2026-02-17 18:47:18.993608906,17.71,home_goods
1079,ord_00006194,2026-03-03 14:32:19.862935639,37.61,outdoor
1079,ord_00006195,2026-03-10 09:35:27.237714496,73.73,home_goods
1079,ord_00006196,2026-03-22 18:55:49.421625198,64.24,beauty
1079,ord_00006197,2026-04-01 20:32:25.453570771,101.95,beauty
1079,ord_00006198,2026-04-13 01:19:10.714110717,29.08,home_goods
1079,ord_00006199,2026-04-21 15:26:21.668127151,86.67,electronics_accessories
1079,ord_00006200,2026-05-06 04:19:29.674989349,50.09,beauty
1079,ord_00006201,2026-05-27 22:43:04.635281996,65.1,electronics_accessories
1079,ord_00006202,2026-06-10 20:08:06.390630417,39.68,home_goods
1079,ord_00006203,2026-06-17 13:14:33.549940471,32.05,apparel
1079,ord_00006204,2026-07-01 12:43:26.161447839,58.02,electronics_accessories
1079,ord_00006205,2026-07-13 15:11:33.362617892,105.46,home_goods
1079,ord_00006206,2026-07-22 20:30:24.624059233,42.73,home_goods
1079,ord_00006207,2026-08-06 02:54:18.281392747,101.48,home_goods
1080,ord_00006208,2026-03-07 00:00:00.000000000,53.11,apparel
1081,ord_00006209,2026-05-03 00:00:00.000000000,32.92,apparel
1082,ord_00006210,2025-04-30 00:00:00.000000000,32.51,outdoor
1082,ord_00006211,2025-06-01 02:47:42.311819381,67.8,apparel
1082,ord_00006212,2025-07-31 14:56:20.713487903,92.57,apparel
1082,ord_00006213,2025-08-23 23:15:03.834649622,48.69,home_goods
1082,ord_00006214,2025-09-19 08:55:03.669475768,49.61,home_goods
1082,ord_00006215,2025-10-29 15:03:44.297300362,98.53,beauty
1082,ord_00006216,2025-12-12 08:51:47.179375168,19.93,beauty
1082,ord_00006217,2025-12-29 14:00:07.473983041,41.26,outdoor
1082,ord_00006218,2026-01-20 19:25:05.537138695,19.87,electronics_accessories
1082,ord_00006219,2026-02-24 08:56:07.289152800,55.48,apparel
1082,ord_00006220,2026-04-21 13:25:17.982945991,125.2,home_goods
1082,ord_00006221,2026-06-26 11:07:04.687665147,25.38,beauty
1082,ord_00006222,2026-07-29 11:55:18.006040438,80.11,apparel
1083,ord_00006223,2025-06-29 00:00:00.000000000,69.6,apparel
1083,ord_00006224,2025-07-13 12:47:55.171146051,29.36,apparel
1083,ord_00006225,2025-08-03 03:05:36.052540018,27.11,home_goods
1083,ord_00006226,2025-08-23 16:20:53.816185878,27.93,beauty
1083,ord_00006227,2025-09-09 14:15:46.245552596,38.61,electronics_accessories
1083,ord_00006228,2025-10-09 01:34:09.291170165,54.78,beauty
1083,ord_00006229,2025-10-26 19:16:28.452479074,120.19,beauty
1083,ord_00006230,2025-11-07 03:17:27.755713470,61.37,electronics_accessories
1083,ord_00006231,2025-11-25 20:10:16.248337032,69.29,beauty
1083,ord_00006232,2025-12-18 22:39:52.390545490,32.59,outdoor
1083,ord_00006233,2026-01-10 02:37:14.789319946,51.02,home_goods
1083,ord_00006234,2026-02-01 05:20:36.440861663,60.36,outdoor
1083,ord_00006235,2026-03-04 12:55:02.518552035,16.03,home_goods
1083,ord_00006236,2026-03-18 20:32:13.632215229,23.32,home_goods
1083,ord_00006237,2026-04-05 11:19:14.412492027,27.82,beauty
1083,ord_00006238,2026-05-07 06:29:49.081095127,71.25,electronics_accessories
1083,ord_00006239,2026-05-18 08:34:09.177369269,43.82,electronics_accessories
1083,ord_00006240,2026-06-07 00:59:14.537889450,48.31,beauty
1083,ord_00006241,2026-07-05 23:06:37.355332299,66.17,outdoor
1083,ord_00006242,2026-08-03 18:08:11.642517469,59.89,home_goods
1084,ord_00006243,2025-04-18 00:00:00.000000000,57.08,home_goods
1084,ord_00006244,2025-05-22 11:41:23.752776116,76.26,outdoor
1084,ord_00006245,2025-06-24 06:55:28.858654118,67.25,home_goods
1084,ord_00006246,2025-07-26 23:28:15.347019097,28.75,electronics_accessories
1084,ord_00006247,2025-08-19 20:53:52.673622629,45.69,beauty
1084,ord_00006248,2025-09-10 19:45:40.783605885,21.16,electronics_accessories
1084,ord_00006249,2025-09-30 02:30:43.560807709,35.49,apparel
1084,ord_00006250,2025-10-19 18:02:28.634015136,45.3,apparel
1084,ord_00006251,2025-11-07 18:17:13.624716272,133.19,electronics_accessories
1084,ord_00006252,2025-12-05 16:53:55.164575260,220.87,beauty
1084,ord_00006253,2025-12-29 01:51:01.309919984,128.09,home_goods
1084,ord_00006254,2026-01-26 13:34:31.264134201,58.12,beauty
1084,ord_00006255,2026-02-24 12:59:04.055440190,55.38,electronics_accessories
1084,ord_00006256,2026-03-14 18:06:17.847591095,49.4,apparel
1084,ord_00006257,2026-04-01 19:18:26.639146928,53.24,home_goods
1084,ord_00006258,2026-04-25 04:12:16.463464410,39.14,beauty
1084,ord_00006259,2026-05-15 00:17:27.751367640,24.81,apparel
1084,ord_00006260,2026-06-03 05:34:27.103892352,34.94,outdoor
1084,ord_00006261,2026-07-14 20:39:40.134378102,36.8,home_goods
1084,ord_00006262,2026-07-30 15:53:09.566519170,41.01,home_goods
1085,ord_00006263,2025-01-15 00:00:00.000000000,81.96,apparel
1085,ord_00006264,2025-03-02 21:40:52.950136963,29.23,outdoor
1085,ord_00006265,2025-04-07 03:05:04.798831623,68.4,apparel
1085,ord_00006266,2025-05-09 08:59:25.805030639,27.39,home_goods
1085,ord_00006267,2025-06-13 02:21:29.798588355,58.58,apparel
1085,ord_00006268,2025-07-05 13:47:31.238693971,53.6,beauty
1085,ord_00006269,2025-08-11 05:21:39.792925366,52.75,outdoor
1085,ord_00006270,2025-09-22 22:41:12.675886258,67.91,outdoor
1085,ord_00006271,2025-11-06 12:31:35.332214266,35.36,beauty
1085,ord_00006272,2025-11-28 14:15:02.809351326,37.61,beauty
1085,ord_00006273,2025-12-19 14:07:08.547068382,57.15,electronics_accessories
1085,ord_00006274,2026-01-16 18:38:23.805741468,51.86,electronics_accessories
1085,ord_00006275,2026-03-07 22:38:36.757654686,28.15,home_goods
1085,ord_00006276,2026-04-12 07:50:57.530485481,60.25,apparel
1085,ord_00006277,2026-05-08 13:46:26.555429093,45.99,electronics_accessories
1085,ord_00006278,2026-05-29 23:43:28.557545642,116.05,electronics_accessories
1085,ord_00006279,2026-06-25 23:01:33.800090557,42.96,outdoor
1085,ord_00006280,2026-07-22 09:20:22.985501095,26.12,home_goods
1086,ord_00006281,2026-02-16 00:00:00.000000000,58.28,apparel
1086,ord_00006282,2026-04-29 05:29:12.260280059,70.64,electronics_accessories
1086,ord_00006283,2026-07-04 12:15:55.006608599,11.73,electronics_accessories
1087,ord_00006284,2025-11-15 00:00:00.000000000,110.74,electronics_accessories
1087,ord_00006285,2025-11-29 22:40:26.636076003,40.58,beauty
1087,ord_00006286,2025-12-29 18:36:21.296979044,38.04,home_goods
1087,ord_00006287,2026-01-15 21:40:39.170710628,69.77,home_goods
1087,ord_00006288,2026-02-18 17:15:17.362018716,19.12,apparel
1087,ord_00006289,2026-03-03 06:47:41.302951126,32.62,apparel
1087,ord_00006290,2026-03-17 03:07:04.733919542,55.43,outdoor
1087,ord_00006291,2026-04-10 05:18:53.322480518,63.9,beauty
1087,ord_00006292,2026-04-27 12:31:49.168116250,45.25,beauty
1087,ord_00006293,2026-05-18 12:56:57.709940655,72.68,outdoor
1087,ord_00006294,2026-06-06 01:42:05.354510546,51.36,apparel
1087,ord_00006295,2026-06-24 10:25:59.438572441,21.66,outdoor
1087,ord_00006296,2026-07-11 22:18:01.143327255,47.35,outdoor
1087,ord_00006297,2026-08-01 03:44:27.696516643,66.75,beauty
1088,ord_00006298,2024-09-01 00:00:00.000000000,67.14,outdoor
1088,ord_00006299,2024-10-06 07:12:33.948364685,104.32,outdoor
1088,ord_00006300,2024-11-11 10:08:22.225501888,105.31,beauty
1088,ord_00006301,2024-12-26 02:31:59.958543944,124.61,outdoor
1088,ord_00006302,2025-02-03 10:39:39.180695818,66.42,electronics_accessories
1088,ord_00006303,2025-03-06 04:22:28.666572284,43.78,beauty
1088,ord_00006304,2025-04-13 12:18:30.677667432,70.03,apparel
1088,ord_00006305,2025-05-12 23:34:12.396812995,67.81,home_goods
1088,ord_00006306,2025-06-14 16:41:39.376124090,67.58,beauty
1088,ord_00006307,2025-07-24 10:18:00.299929309,77.42,electronics_accessories
1088,ord_00006308,2025-08-24 07:27:44.095957761,29.6,apparel
1088,ord_00006309,2025-09-28 04:56:59.855328859,74.9,beauty
1088,ord_00006310,2025-11-08 23:23:59.979447626,48.75,outdoor
1088,ord_00006311,2025-12-17 17:39:19.326829678,104.56,home_goods
1088,ord_00006312,2026-02-01 01:23:19.106181609,48.67,home_goods
1088,ord_00006313,2026-04-05 00:06:44.910711841,35.85,beauty
1088,ord_00006314,2026-05-13 15:47:36.826441560,112.19,beauty
1088,ord_00006315,2026-06-09 21:59:57.565007274,47.01,apparel
1088,ord_00006316,2026-07-16 09:59:27.636327306,112.77,beauty
1089,ord_00006317,2026-08-01 00:00:00.000000000,52.71,beauty
1090,ord_00006318,2025-04-01 00:00:00.000000000,32.42,outdoor
1091,ord_00006319,2026-07-06 00:00:00.000000000,144.23,beauty
1092,ord_00006320,2025-05-24 00:00:00.000000000,109.99,electronics_accessories
1092,ord_00006321,2025-08-03 11:33:11.738805178,42.75,apparel
1092,ord_00006322,2025-09-30 15:20:55.636994543,119.6,home_goods
1092,ord_00006323,2025-12-04 22:14:08.697133320,52.89,electronics_accessories
1092,ord_00006324,2026-03-18 06:32:15.416703636,33.75,home_goods
1092,ord_00006325,2026-05-29 09:29:34.416482774,60.0,beauty
1093,ord_00006326,2024-10-16 00:00:00.000000000,51.0,home_goods
1094,ord_00006327,2025-04-03 00:00:00.000000000,31.85,outdoor
1095,ord_00006328,2025-06-17 00:00:00.000000000,38.37,beauty
1095,ord_00006329,2025-06-23 12:39:19.566708946,64.86,beauty
1095,ord_00006330,2025-07-05 05:12:11.213449525,13.32,home_goods
1095,ord_00006331,2025-07-15 11:26:46.463937621,20.65,home_goods
1095,ord_00006332,2025-07-22 04:10:56.117700308,41.65,home_goods
1095,ord_00006333,2025-08-02 01:40:06.443123068,41.43,apparel
1095,ord_00006334,2025-08-09 04:08:16.107881319,63.46,beauty
1095,ord_00006335,2025-08-20 15:38:36.913185409,33.56,beauty
1095,ord_00006336,2025-08-29 13:55:58.972769729,32.95,outdoor
1095,ord_00006337,2025-09-06 23:10:11.579812541,22.83,outdoor
1095,ord_00006338,2025-09-15 23:02:42.217838919,38.92,home_goods
1095,ord_00006339,2025-10-05 21:10:22.161504680,23.26,apparel
1095,ord_00006340,2025-10-13 05:51:34.841906542,41.68,apparel
1095,ord_00006341,2025-10-23 03:19:00.460777223,134.64,electronics_accessories
1095,ord_00006342,2025-11-03 19:46:35.395708055,37.75,apparel
1095,ord_00006343,2025-11-10 17:59:37.449148632,29.51,beauty
1095,ord_00006344,2025-11-16 11:30:35.949843375,49.63,outdoor
1095,ord_00006345,2025-11-24 04:45:25.104471761,31.72,home_goods
1095,ord_00006346,2025-12-05 19:22:46.692120927,80.99,apparel
1095,ord_00006347,2025-12-14 03:35:59.879307557,75.64,electronics_accessories
1095,ord_00006348,2025-12-22 18:35:36.683003508,41.93,apparel
1095,ord_00006349,2026-01-03 22:09:17.430889910,44.41,home_goods
1095,ord_00006350,2026-01-11 04:20:22.532887889,102.4,beauty
1095,ord_00006351,2026-01-20 04:21:51.529276266,49.62,apparel
1095,ord_00006352,2026-01-26 01:14:18.567433588,39.29,electronics_accessories
1095,ord_00006353,2026-02-05 05:29:56.265469815,55.64,outdoor
1095,ord_00006354,2026-02-15 03:09:58.349022078,74.43,outdoor
1095,ord_00006355,2026-02-26 20:49:13.729266540,52.63,beauty
1095,ord_00006356,2026-03-05 10:09:56.725273511,54.17,beauty
1095,ord_00006357,2026-03-14 03:36:32.689717522,21.04,outdoor
1095,ord_00006358,2026-03-20 10:47:24.584677938,31.11,apparel
1095,ord_00006359,2026-03-29 00:51:15.458388704,50.22,beauty
1095,ord_00006360,2026-04-12 10:53:41.316899638,31.49,outdoor
1095,ord_00006361,2026-04-20 20:23:44.389982067,27.19,home_goods
1095,ord_00006362,2026-04-26 23:39:43.592078954,40.38,beauty
1095,ord_00006363,2026-05-04 12:34:56.061326580,72.16,electronics_accessories
1095,ord_00006364,2026-05-10 05:24:41.408821298,62.78,beauty
1095,ord_00006365,2026-05-16 11:48:35.544737925,42.48,home_goods
1095,ord_00006366,2026-05-27 19:08:03.751862180,17.83,outdoor
1095,ord_00006367,2026-06-02 18:53:34.178486499,33.76,electronics_accessories
1095,ord_00006368,2026-06-12 22:32:21.242857959,55.9,outdoor
1095,ord_00006369,2026-06-22 06:06:47.475350430,58.11,outdoor
1095,ord_00006370,2026-06-30 03:16:01.515633599,92.9,beauty
1095,ord_00006371,2026-07-10 00:46:50.093932335,36.42,electronics_accessories
1095,ord_00006372,2026-07-17 00:14:11.911903649,83.01,electronics_accessories
1095,ord_00006373,2026-07-28 21:44:43.502561188,43.66,outdoor
1095,ord_00006374,2026-08-05 09:39:58.771794885,124.37,electronics_accessories
1096,ord_00006375,2025-07-02 00:00:00.000000000,44.91,outdoor
1097,ord_00006376,2025-09-03 00:00:00.000000000,95.9,electronics_accessories
1098,ord_00006377,2026-05-20 00:00:00.000000000,65.04,home_goods
1098,ord_00006378,2026-07-04 11:52:11.248084281,61.91,outdoor
1099,ord_00006379,2025-05-22 00:00:00.000000000,35.83,outdoor
1099,ord_00006380,2025-07-01 14:44:46.855162166,41.51,electronics_accessories
1099,ord_00006381,2025-07-17 21:50:53.666865477,21.1,home_goods
1099,ord_00006382,2025-08-12 19:11:31.011031214,27.19,outdoor
1099,ord_00006383,2025-08-28 14:22:59.927066815,99.57,home_goods
1099,ord_00006384,2025-09-20 12:13:34.158691869,36.34,apparel
1099,ord_00006385,2025-10-10 09:18:20.156739200,22.04,apparel
1099,ord_00006386,2025-11-03 23:06:50.694956765,43.33,home_goods
1099,ord_00006387,2025-11-30 02:31:22.600939909,56.06,electronics_accessories
1099,ord_00006388,2025-12-17 19:33:27.817620764,46.81,home_goods
1099,ord_00006389,2026-01-10 04:51:10.154950766,41.93,home_goods
1099,ord_00006390,2026-02-15 01:03:36.365170638,53.17,electronics_accessories
1099,ord_00006391,2026-03-02 23:02:56.456874833,68.54,beauty
1099,ord_00006392,2026-03-21 05:19:39.741060020,76.9,apparel
1099,ord_00006393,2026-04-20 18:26:20.367511632,71.02,electronics_accessories
1099,ord_00006394,2026-05-14 22:02:19.013270539,46.76,outdoor
1099,ord_00006395,2026-06-08 14:34:41.338988183,136.6,beauty
1099,ord_00006396,2026-07-10 16:05:39.150259858,28.59,outdoor
1099,ord_00006397,2026-07-29 06:19:52.841650744,94.87,electronics_accessories
1100,ord_00006398,2026-06-15 00:00:00.000000000,37.06,electronics_accessories
1101,ord_00006399,2025-01-16 00:00:00.000000000,46.23,electronics_accessories
1102,ord_00006400,2026-07-03 00:00:00.000000000,44.74,home_goods
1103,ord_00006401,2025-12-05 00:00:00.000000000,58.36,home_goods
1103,ord_00006402,2025-12-13 18:16:16.807955852,65.99,home_goods
1103,ord_00006403,2025-12-28 02:34:56.285693734,57.3,electronics_accessories
1103,ord_00006404,2026-01-10 23:00:08.778930115,59.77,home_goods
1103,ord_00006405,2026-01-19 12:00:04.468925156,33.78,apparel
1103,ord_00006406,2026-02-02 09:06:46.005078590,32.31,electronics_accessories
1103,ord_00006407,2026-02-19 20:25:46.732809534,46.38,beauty
1103,ord_00006408,2026-03-03 09:56:24.605307816,61.23,apparel
1103,ord_00006409,2026-03-12 02:04:24.298570568,58.67,apparel
1103,ord_00006410,2026-03-27 08:13:37.465014073,32.94,outdoor
1103,ord_00006411,2026-04-16 00:27:49.727090348,33.63,beauty
1103,ord_00006412,2026-04-25 00:20:39.287982504,25.22,beauty
1103,ord_00006413,2026-05-06 21:18:08.722381403,55.76,beauty
1103,ord_00006414,2026-05-23 03:52:29.548345063,51.53,apparel
1103,ord_00006415,2026-06-04 07:24:50.603391012,62.9,outdoor
1103,ord_00006416,2026-06-11 06:08:39.899729708,128.33,beauty
1103,ord_00006417,2026-06-24 15:50:08.258710299,85.02,electronics_accessories
1103,ord_00006418,2026-07-03 09:47:49.678168331,41.29,apparel
1103,ord_00006419,2026-07-11 10:09:12.798630195,39.47,beauty
1103,ord_00006420,2026-07-18 09:51:52.483108902,49.11,beauty
1103,ord_00006421,2026-08-04 04:21:43.627293297,29.95,beauty
1104,ord_00006422,2025-04-10 00:00:00.000000000,138.99,electronics_accessories
1104,ord_00006423,2025-04-22 15:18:49.716065489,43.43,home_goods
1104,ord_00006424,2025-05-06 22:28:16.927329901,103.78,outdoor
1104,ord_00006425,2025-05-25 14:20:38.395643567,54.83,home_goods
1104,ord_00006426,2025-06-09 11:16:26.542356188,43.69,apparel
1104,ord_00006427,2025-06-28 03:59:21.539530493,64.64,apparel
1104,ord_00006428,2025-07-22 03:19:19.963841032,62.23,apparel
1104,ord_00006429,2025-08-14 22:11:05.106948515,61.17,electronics_accessories
1104,ord_00006430,2025-08-31 08:16:12.718361006,22.28,apparel
1104,ord_00006431,2025-09-13 21:12:27.950413945,77.39,home_goods
1104,ord_00006432,2025-09-30 17:29:46.199751145,67.34,apparel
1104,ord_00006433,2025-10-25 02:26:09.558951536,72.09,home_goods
1104,ord_00006434,2025-11-20 05:49:47.206626498,36.46,apparel
1104,ord_00006435,2025-12-12 11:58:58.376147659,142.7,home_goods
1104,ord_00006436,2026-01-10 04:59:10.963997679,26.84,home_goods
1104,ord_00006437,2026-02-12 20:11:24.614519219,73.73,outdoor
1104,ord_00006438,2026-03-02 03:50:29.989701830,18.91,beauty
1104,ord_00006439,2026-04-02 10:22:31.183690754,64.06,home_goods
1104,ord_00006440,2026-04-20 22:44:32.186620405,58.01,beauty
1104,ord_00006441,2026-05-18 03:12:55.881029341,32.91,beauty
1104,ord_00006442,2026-06-11 21:31:02.361221997,54.15,beauty
1104,ord_00006443,2026-06-22 23:02:21.852842798,13.54,apparel
1104,ord_00006444,2026-07-07 22:37:23.712292450,42.74,outdoor
1104,ord_00006445,2026-07-21 19:43:07.416462549,100.32,beauty
1104,ord_00006446,2026-08-02 13:14:17.316680969,72.1,outdoor
1105,ord_00006447,2025-04-05 00:00:00.000000000,33.28,electronics_accessories
1106,ord_00006448,2026-02-05 00:00:00.000000000,83.94,home_goods
1106,ord_00006449,2026-03-21 00:53:27.643471395,31.27,beauty
1106,ord_00006450,2026-04-18 04:32:59.862875245,32.25,outdoor
1106,ord_00006451,2026-05-08 14:28:03.955832027,55.76,home_goods
1106,ord_00006452,2026-05-31 14:23:29.411100972,22.64,apparel
1106,ord_00006453,2026-07-09 23:24:18.917916633,82.11,beauty
1106,ord_00006454,2026-08-07 00:14:41.442950227,60.01,apparel
1107,ord_00006455,2024-10-28 00:00:00.000000000,25.81,outdoor
1108,ord_00006456,2025-06-22 00:00:00.000000000,77.77,outdoor
1109,ord_00006457,2026-01-01 00:00:00.000000000,86.94,apparel
1109,ord_00006458,2026-03-07 19:19:18.079558840,30.71,beauty
1109,ord_00006459,2026-04-10 07:18:38.069807914,55.94,beauty
1109,ord_00006460,2026-06-05 11:14:55.516041453,77.51,outdoor
1109,ord_00006461,2026-07-17 19:27:46.957376481,16.37,apparel
1110,ord_00006462,2024-11-19 00:00:00.000000000,13.93,home_goods
1111,ord_00006463,2025-03-11 00:00:00.000000000,66.43,home_goods
1112,ord_00006464,2025-04-04 00:00:00.000000000,36.19,home_goods
1113,ord_00006465,2025-01-16 00:00:00.000000000,53.83,home_goods
1113,ord_00006466,2025-02-23 00:33:02.802732154,31.55,electronics_accessories
1113,ord_00006467,2025-05-05 05:22:49.994867574,66.43,home_goods
1113,ord_00006468,2025-07-02 23:15:50.979937963,33.7,apparel
1113,ord_00006469,2025-08-17 02:05:10.022856914,33.62,beauty
1113,ord_00006470,2025-10-12 12:50:18.271823035,22.15,apparel
1113,ord_00006471,2025-12-03 10:10:22.207669058,48.18,outdoor
1113,ord_00006472,2026-02-09 19:02:34.510434923,64.12,outdoor
1113,ord_00006473,2026-03-30 08:26:43.121127418,77.78,electronics_accessories
1113,ord_00006474,2026-05-27 06:29:02.514658320,30.25,beauty
1113,ord_00006475,2026-07-11 04:17:14.322530892,112.41,apparel
1114,ord_00006476,2025-01-16 00:00:00.000000000,26.29,apparel
1114,ord_00006477,2025-02-05 05:37:23.603762227,56.62,electronics_accessories
1114,ord_00006478,2025-03-03 13:13:35.980177725,53.79,beauty
1114,ord_00006479,2025-03-28 01:07:15.101924566,22.04,beauty
1114,ord_00006480,2025-04-30 11:27:25.873089832,44.45,outdoor
1114,ord_00006481,2025-05-30 14:32:59.631896673,37.95,beauty
1114,ord_00006482,2025-06-18 11:14:04.745118216,40.81,beauty
1114,ord_00006483,2025-07-11 20:38:02.645078552,27.25,electronics_accessories
1114,ord_00006484,2025-08-08 18:20:41.897920858,36.65,apparel
1114,ord_00006485,2025-09-12 14:24:03.243643369,69.09,apparel
1114,ord_00006486,2025-11-09 11:59:47.822122507,111.37,beauty
1114,ord_00006487,2025-12-13 22:55:35.629593535,44.44,beauty
1114,ord_00006488,2026-01-03 13:13:15.433169952,23.69,apparel
1114,ord_00006489,2026-01-30 16:21:46.459213390,147.92,beauty
1114,ord_00006490,2026-03-01 03:27:51.567374157,34.95,home_goods
1114,ord_00006491,2026-03-25 00:33:59.333394527,115.19,home_goods
1114,ord_00006492,2026-04-26 03:46:29.443515512,25.14,outdoor
1114,ord_00006493,2026-05-10 06:35:40.379110862,33.89,electronics_accessories
1114,ord_00006494,2026-06-12 05:13:17.099897377,28.93,electronics_accessories
1114,ord_00006495,2026-07-06 09:45:54.298319461,47.07,outdoor
1114,ord_00006496,2026-08-02 09:48:58.552312450,24.86,apparel
1115,ord_00006497,2025-04-07 00:00:00.000000000,86.73,apparel
1115,ord_00006498,2025-06-29 04:38:07.041089061,36.92,home_goods
1115,ord_00006499,2025-09-09 07:39:29.012077958,26.55,home_goods
1115,ord_00006500,2025-11-08 16:47:34.918445222,61.48,electronics_accessories
1115,ord_00006501,2026-02-11 08:46:08.198089032,32.1,home_goods
1115,ord_00006502,2026-04-04 04:45:20.318400339,33.67,apparel
1115,ord_00006503,2026-06-22 13:17:05.719692725,28.46,home_goods
1116,ord_00006504,2026-04-14 00:00:00.000000000,77.34,electronics_accessories
1117,ord_00006505,2026-02-21 00:00:00.000000000,79.66,apparel
1118,ord_00006506,2024-09-05 00:00:00.000000000,34.79,beauty
1118,ord_00006507,2024-10-13 07:54:10.278709748,22.21,beauty
1118,ord_00006508,2024-12-07 18:44:27.427803731,48.41,apparel
1118,ord_00006509,2025-01-30 21:28:06.056856074,72.31,electronics_accessories
1118,ord_00006510,2025-03-23 14:04:01.544378245,95.79,beauty
1118,ord_00006511,2025-04-22 20:55:34.255075217,100.41,beauty
1118,ord_00006512,2025-05-20 01:45:52.011977867,24.14,electronics_accessories
1118,ord_00006513,2025-07-05 00:34:23.973150585,78.68,home_goods
1118,ord_00006514,2025-08-29 07:12:55.101165727,107.55,home_goods
1118,ord_00006515,2025-10-20 03:23:07.058321662,62.96,home_goods
1118,ord_00006516,2025-11-25 20:35:33.873998235,59.31,electronics_accessories
1118,ord_00006517,2026-01-10 08:32:35.786288311,65.22,outdoor
1118,ord_00006518,2026-02-25 02:16:03.617964824,100.97,electronics_accessories
1118,ord_00006519,2026-04-04 08:08:33.328345212,77.85,outdoor
1118,ord_00006520,2026-05-13 02:03:17.934763391,29.53,apparel
1118,ord_00006521,2026-06-19 18:03:42.444909218,64.52,apparel
1118,ord_00006522,2026-07-18 15:00:21.201343324,103.29,electronics_accessories
1119,ord_00006523,2024-09-17 00:00:00.000000000,65.59,electronics_accessories
1120,ord_00006524,2026-02-25 00:00:00.000000000,61.95,home_goods
1120,ord_00006525,2026-03-21 11:50:32.772848191,25.89,home_goods
1120,ord_00006526,2026-04-07 21:50:01.934653085,16.14,home_goods
1120,ord_00006527,2026-05-05 11:22:13.487900005,140.84,apparel
1120,ord_00006528,2026-06-02 04:23:53.642513820,12.22,beauty
1120,ord_00006529,2026-07-17 07:25:29.478077975,34.51,electronics_accessories
1121,ord_00006530,2024-09-29 00:00:00.000000000,36.8,outdoor
1121,ord_00006531,2024-10-21 03:13:01.069625950,50.37,beauty
1121,ord_00006532,2024-11-10 09:00:27.471624606,75.15,electronics_accessories
1121,ord_00006533,2024-11-29 16:53:37.899477510,81.43,outdoor
1121,ord_00006534,2024-12-17 03:30:41.578346905,63.47,beauty
1121,ord_00006535,2025-01-17 17:49:38.067522515,80.54,home_goods
1121,ord_00006536,2025-02-22 03:32:40.132995190,47.35,beauty
1121,ord_00006537,2025-03-17 00:35:42.687160311,120.48,beauty
1121,ord_00006538,2025-04-10 14:05:36.821919186,42.72,beauty
1121,ord_00006539,2025-04-28 04:47:38.321723576,40.83,beauty
1121,ord_00006540,2025-05-23 10:10:54.219330296,19.47,apparel
1121,ord_00006541,2025-06-18 21:08:07.532531670,60.52,electronics_accessories
1121,ord_00006542,2025-07-12 00:00:38.541613920,70.15,outdoor
1121,ord_00006543,2025-08-08 19:24:28.638533028,87.62,home_goods
1121,ord_00006544,2025-09-04 21:32:24.228568664,60.08,apparel
1121,ord_00006545,2025-09-22 21:29:41.790591139,66.5,electronics_accessories
1121,ord_00006546,2025-10-28 05:09:10.446526029,53.77,home_goods
1121,ord_00006547,2025-11-20 09:59:16.661097535,62.57,beauty
1121,ord_00006548,2025-12-31 05:40:34.442187416,51.4,beauty
1121,ord_00006549,2026-01-28 05:57:56.827889147,45.2,home_goods
1121,ord_00006550,2026-03-13 20:25:29.547369715,100.16,apparel
1121,ord_00006551,2026-04-17 23:34:25.977520293,54.28,beauty
1121,ord_00006552,2026-05-14 09:59:57.719730706,50.84,electronics_accessories
1121,ord_00006553,2026-06-03 07:03:14.179255791,116.71,home_goods
1121,ord_00006554,2026-06-23 07:12:04.073744978,82.94,apparel
1121,ord_00006555,2026-07-22 06:35:29.068761607,15.84,home_goods
1122,ord_00006556,2025-04-20 00:00:00.000000000,46.36,outdoor
1123,ord_00006557,2025-04-28 00:00:00.000000000,74.9,outdoor
1123,ord_00006558,2025-05-24 01:06:23.944737867,48.47,beauty
1123,ord_00006559,2025-06-26 16:03:16.727006905,36.4,home_goods
1123,ord_00006560,2025-07-18 19:22:23.669371297,48.21,home_goods
1123,ord_00006561,2025-08-11 07:28:05.385407945,60.94,outdoor
1123,ord_00006562,2025-09-09 21:35:15.760310611,133.39,beauty
1123,ord_00006563,2025-10-21 14:48:51.253232023,23.47,beauty
1123,ord_00006564,2025-11-26 04:51:09.818329400,112.41,home_goods
1123,ord_00006565,2026-01-03 18:05:45.141894336,61.37,electronics_accessories
1123,ord_00006566,2026-02-01 05:03:06.614680625,37.35,home_goods
1123,ord_00006567,2026-03-16 22:26:09.562559913,60.86,outdoor
1123,ord_00006568,2026-04-02 11:53:25.981100354,23.98,home_goods
1123,ord_00006569,2026-05-23 17:04:34.107866795,23.56,home_goods
1123,ord_00006570,2026-07-15 22:57:46.494294439,67.41,outdoor
1124,ord_00006571,2025-04-17 00:00:00.000000000,26.82,home_goods
1125,ord_00006572,2025-03-18 00:00:00.000000000,78.68,apparel
1126,ord_00006573,2024-09-12 00:00:00.000000000,60.31,home_goods
1126,ord_00006574,2024-09-20 01:51:31.361801646,53.78,apparel
1126,ord_00006575,2024-09-29 09:28:28.026116608,149.6,electronics_accessories
1126,ord_00006576,2024-10-17 02:00:54.216317216,54.99,electronics_accessories
1126,ord_00006577,2024-10-27 20:01:46.278317307,43.27,outdoor
1126,ord_00006578,2024-11-05 01:40:17.978292691,53.23,home_goods
1126,ord_00006579,2024-11-16 17:07:55.794889941,43.24,apparel
1126,ord_00006580,2024-11-24 06:23:11.986116719,48.82,home_goods
1126,ord_00006581,2024-12-07 06:19:33.248583187,25.62,electronics_accessories
1126,ord_00006582,2024-12-15 13:42:17.400963081,70.67,outdoor
1126,ord_00006583,2024-12-24 05:57:24.902291235,37.67,beauty
1126,ord_00006584,2025-01-05 17:10:09.902349733,96.33,outdoor
1126,ord_00006585,2025-01-24 13:07:17.971450957,75.34,electronics_accessories
1126,ord_00006586,2025-02-15 02:01:05.400953566,50.15,apparel
1126,ord_00006587,2025-02-23 05:42:39.956046783,87.42,outdoor
1126,ord_00006588,2025-03-04 13:14:10.958845062,74.0,apparel
1126,ord_00006589,2025-03-17 13:17:13.950363258,37.15,electronics_accessories
1126,ord_00006590,2025-04-02 08:53:48.315111285,65.81,beauty
1126,ord_00006591,2025-04-08 04:33:59.714066899,75.1,beauty
1126,ord_00006592,2025-04-19 14:59:58.813900268,37.21,electronics_accessories
1126,ord_00006593,2025-04-29 05:59:13.746839132,109.08,beauty
1126,ord_00006594,2025-05-05 12:05:12.833890195,30.86,home_goods
1126,ord_00006595,2025-05-12 23:04:53.675511367,25.44,electronics_accessories
1126,ord_00006596,2025-05-22 08:32:55.089928837,92.17,electronics_accessories
1126,ord_00006597,2025-06-02 16:38:36.741994430,93.73,electronics_accessories
1126,ord_00006598,2025-06-17 18:23:15.776949762,63.32,apparel
1126,ord_00006599,2025-06-30 03:42:29.750139901,49.14,home_goods
1126,ord_00006600,2025-07-14 22:56:21.296292110,149.76,home_goods
1126,ord_00006601,2025-07-26 04:25:37.947979786,98.24,outdoor
1126,ord_00006602,2025-08-04 04:48:15.434698777,32.2,beauty
1126,ord_00006603,2025-08-14 17:48:08.088159643,44.15,home_goods
1126,ord_00006604,2025-08-28 11:09:56.224539277,51.87,beauty
1126,ord_00006605,2025-09-12 15:34:26.258462198,57.68,outdoor
1126,ord_00006606,2025-09-23 07:18:34.331215029,23.87,outdoor
1126,ord_00006607,2025-10-01 17:36:48.959549331,143.46,home_goods
1126,ord_00006608,2025-10-14 01:16:18.265923096,62.07,beauty
1126,ord_00006609,2025-10-26 21:49:36.919644681,40.0,electronics_accessories
1126,ord_00006610,2025-11-12 00:47:14.042627217,47.39,outdoor
1126,ord_00006611,2025-11-21 02:52:14.273601490,42.03,electronics_accessories
1126,ord_00006612,2025-11-30 05:40:21.490358487,77.71,beauty
1126,ord_00006613,2025-12-14 05:04:58.461167627,72.42,beauty
1126,ord_00006614,2025-12-24 01:39:37.876542425,121.73,outdoor
1126,ord_00006615,2026-01-02 19:15:30.226422502,60.03,outdoor
1126,ord_00006616,2026-01-19 00:42:48.288066209,63.24,beauty
1126,ord_00006617,2026-01-26 09:54:00.885208894,19.11,apparel
1126,ord_00006618,2026-02-16 01:18:04.155514102,32.01,apparel
1126,ord_00006619,2026-02-25 07:45:14.908711244,55.46,beauty
1126,ord_00006620,2026-03-11 18:28:36.135230094,66.88,beauty
1126,ord_00006621,2026-03-22 13:13:40.015559835,80.68,beauty
1126,ord_00006622,2026-04-03 15:14:15.691015308,111.01,outdoor
1126,ord_00006623,2026-04-13 22:18:26.589528818,21.37,home_goods
1126,ord_00006624,2026-04-28 07:58:32.170520684,213.56,apparel
1126,ord_00006625,2026-05-08 08:51:29.156550464,81.84,electronics_accessories
1126,ord_00006626,2026-05-17 17:58:32.139659342,50.2,outdoor
1126,ord_00006627,2026-06-05 22:33:57.267597465,48.02,home_goods
1126,ord_00006628,2026-06-17 04:16:07.935916941,33.58,beauty
1126,ord_00006629,2026-06-26 06:33:10.943581233,46.72,apparel
1126,ord_00006630,2026-07-03 09:30:41.294239779,36.87,beauty
1126,ord_00006631,2026-07-22 21:22:35.336974010,177.57,apparel
1126,ord_00006632,2026-08-01 07:55:05.262834564,56.77,home_goods
1127,ord_00006633,2025-10-30 00:00:00.000000000,66.34,beauty
1128,ord_00006634,2025-10-19 00:00:00.000000000,63.73,apparel
1128,ord_00006635,2026-01-15 08:17:47.559346681,67.85,apparel
1128,ord_00006636,2026-03-08 21:50:33.318806046,58.53,home_goods
1128,ord_00006637,2026-05-22 19:03:13.446708822,51.56,electronics_accessories
1128,ord_00006638,2026-08-04 05:44:48.568639699,72.89,electronics_accessories
1129,ord_00006639,2025-12-13 00:00:00.000000000,74.32,electronics_accessories
1129,ord_00006640,2026-01-04 01:12:10.126927354,49.84,beauty
1129,ord_00006641,2026-01-28 16:03:45.076052992,33.44,outdoor
1129,ord_00006642,2026-02-26 11:21:38.359018924,51.68,electronics_accessories
1129,ord_00006643,2026-03-22 02:19:11.792995477,61.37,home_goods
1129,ord_00006644,2026-04-13 10:04:31.026158027,29.26,outdoor
1129,ord_00006645,2026-05-10 08:21:09.517765158,19.63,home_goods
1129,ord_00006646,2026-05-28 20:05:27.532018907,35.38,home_goods
1129,ord_00006647,2026-06-20 18:34:30.207422049,74.75,outdoor
1129,ord_00006648,2026-07-07 14:21:07.931760929,60.34,electronics_accessories
1129,ord_00006649,2026-08-04 21:07:29.070462495,103.19,outdoor
1130,ord_00006650,2025-05-24 00:00:00.000000000,58.3,apparel
1130,ord_00006651,2025-07-16 19:34:03.313246387,55.9,electronics_accessories
1130,ord_00006652,2025-09-06 05:28:02.020126404,8.23,beauty
1130,ord_00006653,2025-11-23 07:23:49.210410343,106.42,home_goods
1130,ord_00006654,2026-03-01 20:00:30.877681547,43.78,home_goods
1130,ord_00006655,2026-04-17 04:30:31.783997619,44.25,outdoor
1130,ord_00006656,2026-06-23 22:34:42.478822276,55.71,home_goods
1131,ord_00006657,2025-07-31 00:00:00.000000000,81.57,apparel
1131,ord_00006658,2025-08-24 21:36:02.612241032,108.3,beauty
1131,ord_00006659,2025-09-17 11:23:16.938357385,74.27,outdoor
1131,ord_00006660,2025-10-18 22:12:41.177903511,112.05,apparel
1131,ord_00006661,2025-11-03 20:26:22.139654296,108.84,beauty
1131,ord_00006662,2025-11-22 13:12:42.120160589,45.2,apparel
1131,ord_00006663,2025-12-22 03:32:09.344408195,34.48,beauty
1131,ord_00006664,2026-01-10 19:10:22.099748976,81.49,beauty
1131,ord_00006665,2026-01-28 22:56:29.366869228,117.02,home_goods
1131,ord_00006666,2026-02-17 21:37:39.157550895,101.52,home_goods
1131,ord_00006667,2026-03-13 00:00:03.719098770,233.74,electronics_accessories
1131,ord_00006668,2026-04-05 03:00:24.595278216,97.07,beauty
1131,ord_00006669,2026-04-27 11:32:55.540373664,30.01,beauty
1131,ord_00006670,2026-05-14 23:15:29.579028884,22.99,apparel
1131,ord_00006671,2026-06-13 23:51:18.483602757,30.97,outdoor
1131,ord_00006672,2026-07-19 10:30:10.547863263,98.36,apparel
1131,ord_00006673,2026-08-01 20:38:54.730914600,36.35,beauty
1132,ord_00006674,2025-09-11 00:00:00.000000000,43.43,apparel
1133,ord_00006675,2026-03-14 00:00:00.000000000,31.84,electronics_accessories
1134,ord_00006676,2026-07-15 00:00:00.000000000,109.29,home_goods
1135,ord_00006677,2025-03-25 00:00:00.000000000,67.58,apparel
1135,ord_00006678,2025-04-20 01:19:21.524106546,54.98,electronics_accessories
1135,ord_00006679,2025-05-10 13:27:26.389629933,89.21,electronics_accessories
1135,ord_00006680,2025-06-02 08:43:18.623601298,39.34,apparel
1135,ord_00006681,2025-06-16 12:03:39.277506828,21.24,apparel
1135,ord_00006682,2025-07-12 05:50:18.879852076,18.0,apparel
1135,ord_00006683,2025-08-19 22:51:37.561659531,46.82,beauty
1135,ord_00006684,2025-09-02 18:20:09.046947258,28.7,apparel
1135,ord_00006685,2025-09-25 04:46:14.298280702,105.82,electronics_accessories
1135,ord_00006686,2025-10-11 03:18:07.483715779,76.55,outdoor
1135,ord_00006687,2025-11-25 08:14:53.389707082,39.6,outdoor
1135,ord_00006688,2025-12-24 14:30:03.585744364,60.52,apparel
1135,ord_00006689,2026-01-15 13:24:51.351257942,32.97,apparel
1135,ord_00006690,2026-01-29 12:23:06.410944051,41.72,electronics_accessories
1135,ord_00006691,2026-02-13 12:33:32.402721741,89.18,beauty
1135,ord_00006692,2026-03-10 18:11:57.181479744,34.2,apparel
1135,ord_00006693,2026-03-24 03:54:39.641316022,49.24,apparel
1135,ord_00006694,2026-04-06 16:39:55.946447569,29.84,electronics_accessories
1135,ord_00006695,2026-04-26 22:06:15.470898365,26.26,electronics_accessories
1135,ord_00006696,2026-05-17 22:01:47.845601446,88.37,outdoor
1135,ord_00006697,2026-06-09 12:39:07.500455998,40.23,beauty
1135,ord_00006698,2026-06-27 04:59:48.526812647,35.71,electronics_accessories
1135,ord_00006699,2026-07-23 19:03:59.893421242,90.75,apparel
1136,ord_00006700,2025-06-27 00:00:00.000000000,45.88,home_goods
1137,ord_00006701,2026-06-22 00:00:00.000000000,33.6,outdoor
1138,ord_00006702,2025-09-02 00:00:00.000000000,34.81,apparel
1139,ord_00006703,2026-01-06 00:00:00.000000000,46.96,beauty
1140,ord_00006704,2025-01-27 00:00:00.000000000,53.99,electronics_accessories
1140,ord_00006705,2025-02-10 00:51:31.348814330,48.25,apparel
1140,ord_00006706,2025-02-18 13:40:08.986785842,101.62,electronics_accessories
1140,ord_00006707,2025-03-10 18:54:28.583587915,82.14,outdoor
1140,ord_00006708,2025-03-30 00:59:08.614871767,19.52,beauty
1140,ord_00006709,2025-04-08 04:40:49.081331229,74.08,home_goods
1140,ord_00006710,2025-04-29 16:34:20.886387624,50.27,apparel
1140,ord_00006711,2025-05-13 19:23:14.875986323,46.62,apparel
1140,ord_00006712,2025-05-22 14:07:10.488302632,59.52,beauty
1140,ord_00006713,2025-05-27 11:59:42.697247308,145.06,electronics_accessories
1140,ord_00006714,2025-06-09 14:23:00.083240179,72.45,beauty
1140,ord_00006715,2025-06-20 08:32:27.796108099,160.43,apparel
1140,ord_00006716,2025-07-02 11:37:07.623248784,35.79,electronics_accessories
1140,ord_00006717,2025-07-12 10:23:45.642822351,55.62,home_goods
1140,ord_00006718,2025-07-19 23:51:14.813354537,101.18,outdoor
1140,ord_00006719,2025-07-29 08:50:53.321772920,90.65,home_goods
1140,ord_00006720,2025-08-11 12:59:03.551590199,32.2,home_goods
1140,ord_00006721,2025-08-21 02:56:09.647814693,47.7,electronics_accessories
1140,ord_00006722,2025-08-30 16:28:16.464092747,7.77,electronics_accessories
1140,ord_00006723,2025-09-06 10:35:45.354754949,34.37,home_goods
1140,ord_00006724,2025-09-17 09:26:06.072182580,37.99,outdoor
1140,ord_00006725,2025-09-25 00:38:21.791155678,30.01,outdoor
1140,ord_00006726,2025-10-09 01:31:25.489832874,58.65,apparel
1140,ord_00006727,2025-10-17 14:43:00.732044215,39.08,beauty
1140,ord_00006728,2025-10-27 08:45:06.702042566,50.85,electronics_accessories
1140,ord_00006729,2025-11-16 18:14:53.443501780,31.95,outdoor
1140,ord_00006730,2025-11-26 11:31:16.377900979,44.41,beauty
1140,ord_00006731,2025-12-05 19:36:09.454057807,86.2,home_goods
1140,ord_00006732,2025-12-18 12:28:02.804836215,66.55,apparel
1140,ord_00006733,2025-12-24 18:09:46.657024058,51.79,outdoor
1140,ord_00006734,2026-01-09 06:21:37.707309364,60.05,electronics_accessories
1140,ord_00006735,2026-01-23 14:57:12.347178634,34.84,beauty
1140,ord_00006736,2026-02-05 02:16:28.826153753,72.6,home_goods
1140,ord_00006737,2026-02-08 23:07:51.333479735,40.51,beauty
1140,ord_00006738,2026-02-18 19:43:40.607567773,64.59,beauty
1140,ord_00006739,2026-02-26 02:17:50.215196129,51.0,outdoor
1140,ord_00006740,2026-03-13 00:36:46.041428869,56.11,home_goods
1140,ord_00006741,2026-03-27 15:19:10.076746598,35.93,outdoor
1140,ord_00006742,2026-04-08 14:38:09.931564902,41.43,beauty
1140,ord_00006743,2026-04-16 00:53:49.365193712,93.83,electronics_accessories
1140,ord_00006744,2026-05-02 17:17:58.135054321,79.31,electronics_accessories
1140,ord_00006745,2026-05-12 13:41:39.617582095,56.52,electronics_accessories
1140,ord_00006746,2026-05-30 21:15:45.623406797,51.9,apparel
1140,ord_00006747,2026-06-11 10:12:06.744314763,28.43,home_goods
1140,ord_00006748,2026-06-23 19:56:34.658327675,36.47,home_goods
1140,ord_00006749,2026-07-03 02:42:07.125223355,99.55,apparel
1140,ord_00006750,2026-07-19 08:44:58.146450783,28.79,electronics_accessories
1140,ord_00006751,2026-08-01 03:42:28.165584917,50.74,outdoor
1141,ord_00006752,2025-06-28 00:00:00.000000000,45.72,beauty
1142,ord_00006753,2026-06-16 00:00:00.000000000,55.04,home_goods
1143,ord_00006754,2025-02-28 00:00:00.000000000,153.25,beauty
1143,ord_00006755,2025-03-20 09:46:50.687187766,76.2,beauty
1143,ord_00006756,2025-04-16 13:48:29.764545554,39.22,home_goods
1143,ord_00006757,2025-05-17 07:15:31.707104697,100.78,beauty
1143,ord_00006758,2025-05-31 07:14:14.386007737,28.16,electronics_accessories
1143,ord_00006759,2025-06-12 19:50:47.800200270,61.65,home_goods
1143,ord_00006760,2025-07-02 22:51:14.657445125,51.26,apparel
1143,ord_00006761,2025-07-30 12:06:52.781265875,45.84,electronics_accessories
1143,ord_00006762,2025-08-21 12:12:24.267774703,30.72,outdoor
1143,ord_00006763,2025-09-14 17:37:51.256472277,65.74,home_goods
1143,ord_00006764,2025-09-27 20:51:55.697956501,48.88,outdoor
1143,ord_00006765,2025-10-14 12:11:54.246100627,141.69,outdoor
1143,ord_00006766,2025-10-24 17:31:01.435474991,25.76,electronics_accessories
1143,ord_00006767,2025-11-12 15:45:57.516190953,47.42,home_goods
1143,ord_00006768,2025-11-22 23:26:35.086392951,43.42,electronics_accessories
1143,ord_00006769,2025-12-22 10:33:21.256430848,68.24,home_goods
1143,ord_00006770,2026-01-22 22:24:08.255099263,50.14,electronics_accessories
1143,ord_00006771,2026-02-12 12:55:15.230913752,62.87,apparel
1143,ord_00006772,2026-02-25 02:04:27.496485831,141.43,apparel
1143,ord_00006773,2026-03-19 04:43:32.943517590,35.14,outdoor
1143,ord_00006774,2026-04-22 16:49:25.707863385,54.56,home_goods
1143,ord_00006775,2026-05-15 11:38:23.326958004,48.6,apparel
1143,ord_00006776,2026-06-12 16:06:32.457672066,85.33,home_goods
1143,ord_00006777,2026-06-29 17:58:47.549819601,57.36,electronics_accessories
1143,ord_00006778,2026-07-14 23:01:40.164831104,68.35,outdoor
1143,ord_00006779,2026-08-03 07:08:35.428430036,100.75,electronics_accessories
1144,ord_00006780,2026-02-20 00:00:00.000000000,43.44,electronics_accessories
1144,ord_00006781,2026-03-07 02:58:25.310360354,48.56,apparel
1144,ord_00006782,2026-04-16 17:23:25.297697997,61.86,apparel
1144,ord_00006783,2026-05-22 01:26:50.110599636,27.82,electronics_accessories
1144,ord_00006784,2026-06-22 18:06:21.560576617,34.45,home_goods
1144,ord_00006785,2026-07-17 09:11:52.435923092,35.06,home_goods
1145,ord_00006786,2026-04-18 00:00:00.000000000,30.04,apparel
1146,ord_00006787,2025-03-12 00:00:00.000000000,51.97,electronics_accessories
1147,ord_00006788,2024-10-05 00:00:00.000000000,41.62,apparel
1147,ord_00006789,2025-01-04 01:58:16.049396330,55.01,outdoor
1147,ord_00006790,2025-04-07 11:38:33.684793674,98.44,apparel
1147,ord_00006791,2025-07-28 17:59:31.431005918,28.97,apparel
1147,ord_00006792,2025-12-05 20:51:19.090581006,85.52,home_goods
1147,ord_00006793,2026-03-04 00:21:26.249745280,17.36,electronics_accessories
1147,ord_00006794,2026-06-11 21:14:34.678219600,82.18,outdoor
1148,ord_00006795,2025-12-19 00:00:00.000000000,62.16,beauty
1148,ord_00006796,2026-05-18 07:41:22.923115014,81.45,apparel
1149,ord_00006797,2026-01-13 00:00:00.000000000,209.47,home_goods
1150,ord_00006798,2026-05-19 00:00:00.000000000,50.36,beauty
1150,ord_00006799,2026-06-27 04:22:30.111977509,58.24,outdoor
1150,ord_00006800,2026-07-28 13:52:24.805947842,68.74,outdoor
1151,ord_00006801,2025-08-20 00:00:00.000000000,66.98,apparel
1152,ord_00006802,2025-07-10 00:00:00.000000000,44.38,outdoor
1152,ord_00006803,2025-07-31 14:50:37.347823602,33.42,apparel
1152,ord_00006804,2025-09-15 11:41:58.288181784,38.35,outdoor
1152,ord_00006805,2025-10-22 23:54:14.633595738,26.2,beauty
1152,ord_00006806,2025-11-22 05:01:37.383562198,61.54,home_goods
1152,ord_00006807,2026-01-06 01:19:07.134634992,47.1,home_goods
1152,ord_00006808,2026-02-04 15:38:48.083766734,25.76,beauty
1152,ord_00006809,2026-02-28 14:46:36.313708586,46.13,apparel
1152,ord_00006810,2026-03-21 23:45:25.973822761,45.97,outdoor
1152,ord_00006811,2026-04-18 22:30:55.303923936,167.91,beauty
1152,ord_00006812,2026-05-25 07:48:09.341649683,94.91,apparel
1152,ord_00006813,2026-07-08 02:59:25.796177920,96.3,beauty
1152,ord_00006814,2026-08-06 04:41:56.515157296,38.7,beauty
1153,ord_00006815,2026-05-31 00:00:00.000000000,30.16,home_goods
1154,ord_00006816,2025-02-19 00:00:00.000000000,49.29,electronics_accessories
1155,ord_00006817,2025-10-15 00:00:00.000000000,66.46,outdoor
1156,ord_00006818,2026-03-20 00:00:00.000000000,16.78,electronics_accessories
1157,ord_00006819,2025-03-24 00:00:00.000000000,41.36,home_goods
1158,ord_00006820,2025-06-26 00:00:00.000000000,46.77,electronics_accessories
1159,ord_00006821,2025-05-28 00:00:00.000000000,43.7,electronics_accessories
1160,ord_00006822,2025-05-20 00:00:00.000000000,46.81,home_goods
1160,ord_00006823,2025-06-17 21:20:39.513807303,27.3,home_goods
1160,ord_00006824,2025-07-02 03:53:12.479104620,52.58,home_goods
1160,ord_00006825,2025-07-18 20:49:54.432203258,22.24,electronics_accessories
1160,ord_00006826,2025-08-03 07:00:45.219411567,83.47,beauty
1160,ord_00006827,2025-08-17 23:59:56.453578011,123.15,electronics_accessories
1160,ord_00006828,2025-08-30 07:47:52.736615611,41.43,home_goods
1160,ord_00006829,2025-09-13 18:34:37.509597510,31.99,beauty
1160,ord_00006830,2025-10-01 07:45:08.402267630,40.32,home_goods
1160,ord_00006831,2025-10-25 14:20:01.536459568,119.44,apparel
1160,ord_00006832,2025-11-15 16:07:02.770669841,44.48,outdoor
1160,ord_00006833,2025-11-26 16:10:21.612367957,37.44,beauty
1160,ord_00006834,2025-12-18 00:13:50.771934782,93.98,apparel
1160,ord_00006835,2026-01-05 07:14:07.144712469,22.88,apparel
1160,ord_00006836,2026-01-18 10:49:51.784276558,103.89,outdoor
1160,ord_00006837,2026-02-04 04:51:11.975408842,71.27,apparel
1160,ord_00006838,2026-02-23 00:48:00.538000561,115.99,apparel
1160,ord_00006839,2026-03-11 02:51:38.561581352,24.97,electronics_accessories
1160,ord_00006840,2026-03-29 10:29:54.900528113,47.75,electronics_accessories
1160,ord_00006841,2026-04-10 16:19:34.116243415,66.9,beauty
1160,ord_00006842,2026-05-09 12:25:27.959317736,43.36,outdoor
1160,ord_00006843,2026-05-18 09:48:30.045344482,71.41,apparel
1160,ord_00006844,2026-06-06 06:30:36.697898881,92.54,apparel
1160,ord_00006845,2026-06-23 23:25:58.629508796,91.0,apparel
1160,ord_00006846,2026-07-13 05:03:42.779093136,74.59,electronics_accessories
1160,ord_00006847,2026-07-26 00:50:10.859424459,30.07,outdoor
1161,ord_00006848,2025-05-16 00:00:00.000000000,68.58,home_goods
1162,ord_00006849,2025-12-22 00:00:00.000000000,83.14,electronics_accessories
1162,ord_00006850,2026-02-10 10:16:29.705229936,23.88,outdoor
1162,ord_00006851,2026-03-31 17:30:05.000559671,75.78,apparel
1162,ord_00006852,2026-06-12 06:29:01.679193271,24.5,electronics_accessories
1162,ord_00006853,2026-07-27 22:28:42.705138844,14.1,apparel
1163,ord_00006854,2026-07-04 00:00:00.000000000,73.91,beauty
1163,ord_00006855,2026-07-19 01:01:33.055937167,77.97,beauty
1164,ord_00006856,2024-09-02 00:00:00.000000000,96.87,outdoor
1165,ord_00006857,2026-05-30 00:00:00.000000000,57.8,home_goods
1166,ord_00006858,2026-01-31 00:00:00.000000000,35.65,beauty
1166,ord_00006859,2026-03-12 09:27:55.070617730,74.46,apparel
1166,ord_00006860,2026-04-05 15:55:48.049892642,34.99,beauty
1166,ord_00006861,2026-05-03 18:15:06.969976249,72.99,apparel
1166,ord_00006862,2026-05-26 19:42:58.259279879,33.19,home_goods
1166,ord_00006863,2026-07-03 19:12:14.259868322,55.48,beauty
1167,ord_00006864,2025-12-21 00:00:00.000000000,69.72,outdoor
1167,ord_00006865,2026-01-23 22:41:05.392853442,78.08,beauty
1167,ord_00006866,2026-03-03 09:48:19.828650233,25.57,electronics_accessories
1167,ord_00006867,2026-04-08 04:04:28.982816695,43.04,outdoor
1167,ord_00006868,2026-05-13 10:59:18.339167661,26.28,home_goods
1167,ord_00006869,2026-06-05 23:34:43.975474519,55.19,beauty
1167,ord_00006870,2026-07-12 12:15:03.749423259,19.83,home_goods
1168,ord_00006871,2026-08-04 00:00:00.000000000,62.22,apparel
1169,ord_00006872,2025-02-02 00:00:00.000000000,22.61,electronics_accessories
1169,ord_00006873,2025-06-14 18:38:48.284633364,92.1,outdoor
1169,ord_00006874,2025-10-22 03:30:46.430663704,47.79,home_goods
1169,ord_00006875,2026-03-04 16:56:06.720940036,10.47,apparel
1169,ord_00006876,2026-08-01 01:17:17.876695740,26.52,electronics_accessories
1170,ord_00006877,2025-05-26 00:00:00.000000000,90.04,apparel
1171,ord_00006878,2025-10-28 00:00:00.000000000,47.57,home_goods
1172,ord_00006879,2026-04-23 00:00:00.000000000,28.56,home_goods
1172,ord_00006880,2026-06-21 10:32:44.684089004,40.02,home_goods
1173,ord_00006881,2026-08-02 00:00:00.000000000,41.16,beauty
1174,ord_00006882,2026-04-24 00:00:00.000000000,40.75,apparel
1174,ord_00006883,2026-05-29 18:29:30.258562730,32.41,outdoor
1174,ord_00006884,2026-07-05 06:26:35.053549544,99.69,apparel
1174,ord_00006885,2026-07-23 04:31:18.720823327,47.6,home_goods
1175,ord_00006886,2024-10-21 00:00:00.000000000,33.23,outdoor
1176,ord_00006887,2024-10-25 00:00:00.000000000,27.87,home_goods
1176,ord_00006888,2025-02-11 18:08:37.389170778,76.8,outdoor
1176,ord_00006889,2025-04-10 04:43:05.682275401,42.84,electronics_accessories
1176,ord_00006890,2025-07-19 20:02:57.951965065,60.03,outdoor
1176,ord_00006891,2025-10-30 19:44:39.185662124,159.4,electronics_accessories
1176,ord_00006892,2026-01-31 07:37:58.004317504,74.99,outdoor
1176,ord_00006893,2026-04-18 16:18:57.173267886,50.35,outdoor
1176,ord_00006894,2026-07-10 00:10:46.506544396,98.63,apparel
1177,ord_00006895,2025-11-22 00:00:00.000000000,25.32,beauty
1178,ord_00006896,2025-08-10 00:00:00.000000000,61.99,beauty
1179,ord_00006897,2025-04-22 00:00:00.000000000,17.32,apparel
1180,ord_00006898,2025-06-20 00:00:00.000000000,138.08,outdoor
1181,ord_00006899,2025-07-20 00:00:00.000000000,40.76,home_goods
1181,ord_00006900,2025-08-14 13:00:20.741561418,70.37,beauty
1181,ord_00006901,2025-09-10 07:49:52.710349892,56.39,outdoor
1181,ord_00006902,2025-10-22 06:40:24.726376214,64.95,beauty
1181,ord_00006903,2025-12-14 00:06:52.539079377,51.3,home_goods
1181,ord_00006904,2026-02-05 11:13:55.055866338,97.87,home_goods
1181,ord_00006905,2026-04-19 14:35:52.217392405,47.62,electronics_accessories
1181,ord_00006906,2026-06-05 05:49:22.748656260,38.85,home_goods
1181,ord_00006907,2026-07-15 22:15:59.281846284,29.75,apparel
1182,ord_00006908,2026-04-23 00:00:00.000000000,19.5,home_goods
1183,ord_00006909,2024-08-30 00:00:00.000000000,92.15,home_goods
1184,ord_00006910,2026-04-18 00:00:00.000000000,74.17,outdoor
1185,ord_00006911,2026-01-14 00:00:00.000000000,70.09,outdoor
1186,ord_00006912,2024-08-24 00:00:00.000000000,84.17,electronics_accessories
1186,ord_00006913,2024-10-08 04:18:28.766703169,68.55,home_goods
1186,ord_00006914,2024-11-28 23:23:00.754916876,50.79,beauty
1186,ord_00006915,2025-01-24 03:30:54.370860949,113.46,apparel
1186,ord_00006916,2025-03-14 21:04:07.367882213,32.26,home_goods
1186,ord_00006917,2025-04-18 06:10:20.505826534,58.02,electronics_accessories
1186,ord_00006918,2025-05-26 05:29:49.273550378,105.73,apparel
1186,ord_00006919,2025-07-24 03:48:13.465294992,55.26,beauty
1186,ord_00006920,2025-10-04 07:58:53.157419055,46.77,outdoor
1186,ord_00006921,2025-11-28 11:42:20.615917073,19.53,apparel
1186,ord_00006922,2026-04-03 13:15:23.789421629,52.75,home_goods
1186,ord_00006923,2026-05-15 06:58:33.533397415,29.96,outdoor
1186,ord_00006924,2026-07-17 03:29:46.786960071,136.72,electronics_accessories
1187,ord_00006925,2026-07-17 00:00:00.000000000,47.01,home_goods
1188,ord_00006926,2026-04-08 00:00:00.000000000,18.39,electronics_accessories
1188,ord_00006927,2026-04-23 06:35:59.843128940,56.11,home_goods
1188,ord_00006928,2026-05-25 08:20:13.909538737,136.39,outdoor
1188,ord_00006929,2026-06-12 09:48:05.514623952,65.8,apparel
1188,ord_00006930,2026-06-27 00:35:50.483298218,94.96,outdoor
1188,ord_00006931,2026-07-13 10:24:12.764161284,46.39,home_goods
1189,ord_00006932,2025-04-04 00:00:00.000000000,120.82,home_goods
1190,ord_00006933,2025-05-05 00:00:00.000000000,39.01,apparel
1190,ord_00006934,2025-07-01 15:39:33.758502507,34.71,beauty
1190,ord_00006935,2025-08-24 00:08:37.504025413,79.28,outdoor
1190,ord_00006936,2025-10-14 23:04:00.990645035,87.51,outdoor
1190,ord_00006937,2025-12-09 09:52:47.962826916,35.89,home_goods
1190,ord_00006938,2026-02-04 06:36:56.255324879,87.18,home_goods
1190,ord_00006939,2026-04-17 15:07:09.211438125,52.72,beauty
1190,ord_00006940,2026-06-16 07:21:52.931162487,45.83,beauty
1190,ord_00006941,2026-08-04 08:18:51.884447738,44.64,home_goods
1191,ord_00006942,2024-11-01 00:00:00.000000000,68.77,outdoor
1192,ord_00006943,2024-10-27 00:00:00.000000000,98.72,outdoor
1193,ord_00006944,2025-12-19 00:00:00.000000000,18.4,electronics_accessories
1193,ord_00006945,2026-02-25 00:42:57.071714950,18.88,electronics_accessories
1193,ord_00006946,2026-06-16 15:56:41.261344528,42.7,apparel
1194,ord_00006947,2024-09-27 00:00:00.000000000,47.34,beauty
1194,ord_00006948,2024-10-17 07:18:56.223236139,43.17,outdoor
1194,ord_00006949,2024-11-20 03:50:04.291514869,38.41,apparel
1194,ord_00006950,2024-12-14 20:49:26.783012118,38.49,home_goods
1194,ord_00006951,2025-01-07 10:46:44.305888733,113.48,beauty
1194,ord_00006952,2025-02-15 11:38:07.250433122,41.57,outdoor
1194,ord_00006953,2025-03-06 05:54:21.228973651,80.71,home_goods
1194,ord_00006954,2025-03-29 10:40:28.897673697,98.28,home_goods
1194,ord_00006955,2025-05-02 23:27:51.529662767,94.4,home_goods
1194,ord_00006956,2025-05-21 09:05:00.753064404,81.92,outdoor
1194,ord_00006957,2025-07-05 17:40:16.257020672,61.47,outdoor
1194,ord_00006958,2025-07-30 16:30:04.789414120,36.13,outdoor
1194,ord_00006959,2025-09-03 07:18:08.876133435,40.54,outdoor
1194,ord_00006960,2025-10-07 21:34:56.290523952,97.95,beauty
1194,ord_00006961,2025-11-02 08:07:24.807989845,32.2,apparel
1194,ord_00006962,2025-11-25 09:39:38.034228774,55.6,home_goods
1194,ord_00006963,2025-12-21 16:33:27.822774631,70.72,beauty
1194,ord_00006964,2026-01-23 15:59:04.661200786,69.08,electronics_accessories
1194,ord_00006965,2026-02-12 11:21:36.072268041,97.92,apparel
1194,ord_00006966,2026-03-03 00:47:47.419471874,58.95,home_goods
1194,ord_00006967,2026-04-13 14:20:14.336510339,47.21,home_goods
1194,ord_00006968,2026-05-04 22:58:41.803110364,49.78,apparel
1194,ord_00006969,2026-06-03 13:40:59.735191540,79.06,electronics_accessories
1194,ord_00006970,2026-06-28 15:08:59.441655507,75.01,apparel
1194,ord_00006971,2026-07-24 00:40:13.193648865,30.01,apparel
1195,ord_00006972,2024-10-30 00:00:00.000000000,89.78,outdoor
1195,ord_00006973,2024-12-06 20:58:57.239798785,69.32,outdoor
1195,ord_00006974,2025-01-10 20:34:15.983396189,61.86,electronics_accessories
1195,ord_00006975,2025-03-11 05:06:22.364371810,62.38,home_goods
1195,ord_00006976,2025-04-15 02:14:51.620571121,50.66,electronics_accessories
1195,ord_00006977,2025-05-12 20:13:01.675736252,29.64,home_goods
1195,ord_00006978,2025-06-03 15:09:38.501159614,75.15,apparel
1195,ord_00006979,2025-07-17 06:04:48.965385056,101.98,home_goods
1195,ord_00006980,2025-08-16 19:27:20.661158133,78.07,home_goods
1195,ord_00006981,2025-09-05 07:03:56.042798408,56.35,outdoor
1195,ord_00006982,2025-10-06 02:41:55.487044975,36.13,electronics_accessories
1195,ord_00006983,2025-10-28 19:40:54.568496477,13.73,beauty
1195,ord_00006984,2025-11-24 18:19:07.394070914,129.69,electronics_accessories
1195,ord_00006985,2025-12-25 10:23:42.046005968,63.28,beauty
1195,ord_00006986,2026-01-17 18:23:13.782046170,61.17,outdoor
1195,ord_00006987,2026-02-13 05:06:37.140443241,41.92,home_goods
1195,ord_00006988,2026-03-09 16:49:27.102613143,16.9,outdoor
1195,ord_00006989,2026-04-03 09:17:16.026122030,44.27,apparel
1195,ord_00006990,2026-04-26 00:15:59.210318411,17.73,electronics_accessories
1195,ord_00006991,2026-05-22 11:54:56.261869775,28.85,home_goods
1195,ord_00006992,2026-06-14 21:40:15.948474606,68.34,outdoor
1195,ord_00006993,2026-07-21 09:44:45.031937943,131.7,outdoor
1196,ord_00006994,2024-09-03 00:00:00.000000000,61.26,electronics_accessories
1197,ord_00006995,2026-04-26 00:00:00.000000000,21.94,home_goods
1198,ord_00006996,2025-10-18 00:00:00.000000000,43.08,beauty
1198,ord_00006997,2025-12-25 21:34:53.496180932,21.28,beauty
1198,ord_00006998,2026-02-16 13:41:20.292049226,49.18,electronics_accessories
1198,ord_00006999,2026-03-25 17:20:24.725228266,99.07,apparel
1198,ord_00007000,2026-06-03 12:07:27.068860901,48.29,beauty
1198,ord_00007001,2026-08-07 17:36:15.663295666,60.86,outdoor
1199,ord_00007002,2025-10-10 00:00:00.000000000,35.78,beauty
1200,ord_00007003,2025-05-14 00:00:00.000000000,53.98,beauty
1200,ord_00007004,2025-06-02 16:02:54.041249435,59.93,home_goods
1200,ord_00007005,2025-07-10 08:48:58.500471859,41.27,electronics_accessories
1200,ord_00007006,2025-08-08 04:08:03.904968194,24.45,home_goods
1200,ord_00007007,2025-08-31 06:43:12.583302670,32.48,apparel
1200,ord_00007008,2025-10-03 20:05:57.706971106,73.22,apparel
1200,ord_00007009,2025-10-20 06:53:03.569207984,60.52,beauty
1200,ord_00007010,2025-12-03 18:14:33.488035420,48.73,beauty
1200,ord_00007011,2025-12-22 02:37:55.256038105,33.31,apparel
1200,ord_00007012,2026-01-29 13:00:25.085561688,34.85,electronics_accessories
1200,ord_00007013,2026-03-08 22:09:51.847835857,60.92,beauty
1200,ord_00007014,2026-03-21 08:59:03.544391930,65.46,outdoor
1200,ord_00007015,2026-04-23 02:11:01.356302887,36.5,outdoor
1200,ord_00007016,2026-05-12 10:31:59.224984790,98.41,electronics_accessories
1200,ord_00007017,2026-05-30 04:57:03.138225941,81.1,outdoor
1200,ord_00007018,2026-06-23 20:46:12.894413513,39.74,apparel
1200,ord_00007019,2026-07-09 10:27:48.828829022,202.56,beauty
1200,ord_00007020,2026-08-02 22:16:36.267168250,76.75,outdoor
1201,ord_00007021,2026-01-08 00:00:00.000000000,84.39,apparel
1201,ord_00007022,2026-02-14 06:20:05.425685448,63.94,home_goods
1201,ord_00007023,2026-03-16 12:16:27.876604843,123.94,outdoor
1201,ord_00007024,2026-04-25 13:55:19.114144296,30.41,electronics_accessories
1201,ord_00007025,2026-06-03 08:17:18.903641452,19.04,apparel
1202,ord_00007026,2025-09-23 00:00:00.000000000,32.17,home_goods
1202,ord_00007027,2025-11-07 03:51:12.755057376,57.15,electronics_accessories
1202,ord_00007028,2026-02-08 19:08:51.003986891,85.09,home_goods
1202,ord_00007029,2026-03-29 20:49:06.793117882,65.64,apparel
1202,ord_00007030,2026-05-23 19:16:33.205956390,72.29,outdoor
1202,ord_00007031,2026-07-25 21:45:23.553964237,37.44,electronics_accessories
1203,ord_00007032,2025-10-25 00:00:00.000000000,46.75,beauty
1203,ord_00007033,2025-11-25 19:43:35.371868297,49.53,home_goods
1203,ord_00007034,2026-01-16 02:48:44.334530924,41.5,beauty
1203,ord_00007035,2026-02-13 10:52:52.410801025,48.41,home_goods
1203,ord_00007036,2026-03-23 03:26:25.190295788,23.1,apparel
1203,ord_00007037,2026-04-19 16:56:34.288906498,48.37,beauty
1203,ord_00007038,2026-07-01 14:31:46.840240399,57.75,apparel
1204,ord_00007039,2026-05-12 00:00:00.000000000,63.27,outdoor
1204,ord_00007040,2026-06-19 07:57:12.947928128,67.25,apparel
1204,ord_00007041,2026-07-23 22:15:23.266565014,18.35,home_goods
1205,ord_00007042,2025-04-29 00:00:00.000000000,56.67,beauty
1206,ord_00007043,2025-07-19 00:00:00.000000000,31.99,beauty
1207,ord_00007044,2025-04-28 00:00:00.000000000,80.61,home_goods
1207,ord_00007045,2025-06-17 19:38:38.122993007,68.5,home_goods
1207,ord_00007046,2025-08-07 06:25:57.416169656,59.35,electronics_accessories
1207,ord_00007047,2025-09-24 11:06:14.416354310,25.5,beauty
1207,ord_00007048,2025-11-01 05:10:33.239885391,40.18,electronics_accessories
1207,ord_00007049,2025-11-30 09:46:58.353055620,77.23,outdoor
1207,ord_00007050,2026-01-19 00:43:25.708746082,30.28,outdoor
1207,ord_00007051,2026-02-19 01:16:15.514800019,66.01,outdoor
1207,ord_00007052,2026-03-21 05:01:30.855345787,74.19,beauty
1207,ord_00007053,2026-04-30 20:55:45.415151209,106.61,home_goods
1207,ord_00007054,2026-06-21 17:45:21.083079698,48.2,electronics_accessories
1208,ord_00007055,2026-03-17 00:00:00.000000000,34.18,beauty
1209,ord_00007056,2026-07-20 00:00:00.000000000,119.39,electronics_accessories
1210,ord_00007057,2025-09-29 00:00:00.000000000,68.08,electronics_accessories
1211,ord_00007058,2024-12-14 00:00:00.000000000,27.95,apparel
1211,ord_00007059,2025-01-28 00:56:07.891394786,71.99,apparel
1211,ord_00007060,2025-05-04 19:26:49.646551856,26.08,electronics_accessories
1211,ord_00007061,2025-07-16 14:24:27.857455025,188.77,beauty
1211,ord_00007062,2025-09-16 11:15:31.040023448,62.16,apparel
1211,ord_00007063,2025-11-24 04:02:55.923730007,29.06,electronics_accessories
1211,ord_00007064,2026-03-05 06:13:46.719591778,26.75,electronics_accessories
1211,ord_00007065,2026-06-05 11:54:58.261614640,42.9,apparel
1212,ord_00007066,2026-04-18 00:00:00.000000000,39.01,beauty
1213,ord_00007067,2024-12-29 00:00:00.000000000,121.32,apparel
1213,ord_00007068,2025-01-29 22:00:22.795106874,50.49,beauty
1213,ord_00007069,2025-02-25 15:26:57.191223399,99.24,beauty
1213,ord_00007070,2025-03-15 04:41:31.403518775,103.12,electronics_accessories
1213,ord_00007071,2025-04-05 11:41:52.327906258,29.89,beauty
1213,ord_00007072,2025-05-10 19:53:53.573147638,95.54,electronics_accessories
1213,ord_00007073,2025-06-13 22:04:32.156895046,22.28,outdoor
1213,ord_00007074,2025-06-29 05:46:06.149637887,45.42,outdoor
1213,ord_00007075,2025-07-19 14:28:53.186390045,29.08,electronics_accessories
1213,ord_00007076,2025-08-29 01:09:01.359927308,55.2,electronics_accessories
1213,ord_00007077,2025-09-20 07:41:37.923291436,38.85,beauty
1213,ord_00007078,2025-10-15 01:31:26.145718623,136.56,beauty
1213,ord_00007079,2025-11-15 22:20:53.277551182,86.86,beauty
1213,ord_00007080,2025-12-01 15:13:29.184072712,23.85,home_goods
1213,ord_00007081,2025-12-19 07:11:32.767442479,62.18,outdoor
1213,ord_00007082,2026-01-09 13:12:57.192541302,124.89,electronics_accessories
1213,ord_00007083,2026-02-12 03:55:02.033159010,53.07,outdoor
1213,ord_00007084,2026-03-15 23:05:55.865808223,26.64,apparel
1213,ord_00007085,2026-04-14 00:35:40.371118028,54.41,electronics_accessories
1213,ord_00007086,2026-05-06 11:39:00.004470993,38.62,home_goods
1213,ord_00007087,2026-06-08 08:23:25.761000171,25.43,electronics_accessories
1213,ord_00007088,2026-06-30 17:16:10.393529796,19.24,beauty
1213,ord_00007089,2026-07-28 13:42:58.931966464,66.61,beauty
1214,ord_00007090,2025-08-01 00:00:00.000000000,31.36,apparel
1215,ord_00007091,2025-07-15 00:00:00.000000000,70.34,beauty
1216,ord_00007092,2026-02-19 00:00:00.000000000,45.68,home_goods
1217,ord_00007093,2026-01-13 00:00:00.000000000,54.38,electronics_accessories
1218,ord_00007094,2026-01-16 00:00:00.000000000,71.17,apparel
1218,ord_00007095,2026-03-24 01:51:48.604946848,32.61,apparel
1218,ord_00007096,2026-06-17 05:13:49.965147777,218.01,electronics_accessories
1219,ord_00007097,2024-09-26 00:00:00.000000000,63.21,electronics_accessories
1219,ord_00007098,2025-05-28 21:43:59.644107308,37.22,apparel
1219,ord_00007099,2025-11-13 17:15:22.256213132,61.28,beauty
1219,ord_00007100,2026-04-29 05:27:19.052443436,49.19,outdoor
1220,ord_00007101,2026-05-27 00:00:00.000000000,119.92,home_goods
1221,ord_00007102,2025-10-24 00:00:00.000000000,68.19,outdoor
1222,ord_00007103,2025-02-14 00:00:00.000000000,38.49,outdoor
1223,ord_00007104,2026-06-28 00:00:00.000000000,21.0,home_goods
1223,ord_00007105,2026-07-05 11:41:46.834214232,62.27,electronics_accessories
1223,ord_00007106,2026-07-21 18:38:16.827488565,49.89,apparel
1223,ord_00007107,2026-08-05 09:16:21.225908530,82.35,electronics_accessories
1224,ord_00007108,2025-01-24 00:00:00.000000000,41.73,beauty
1224,ord_00007109,2025-02-05 12:19:28.351036656,81.05,outdoor
1224,ord_00007110,2025-02-27 05:02:24.557194515,69.08,apparel
1224,ord_00007111,2025-03-19 15:03:10.153306691,35.27,beauty
1224,ord_00007112,2025-04-14 20:35:13.054232450,71.72,home_goods
1224,ord_00007113,2025-04-25 21:52:57.343047872,112.45,apparel
1224,ord_00007114,2025-05-18 04:17:28.271038905,91.54,outdoor
1224,ord_00007115,2025-06-11 10:31:08.945089793,180.54,outdoor
1224,ord_00007116,2025-07-05 07:32:46.676281750,28.49,outdoor
1224,ord_00007117,2025-07-21 06:33:39.305992737,50.68,electronics_accessories
1224,ord_00007118,2025-08-11 08:07:14.030485803,43.62,beauty
1224,ord_00007119,2025-08-25 15:00:06.738575733,104.88,outdoor
1224,ord_00007120,2025-09-11 03:18:44.044930043,58.39,apparel
1224,ord_00007121,2025-09-24 07:46:24.283423461,41.46,electronics_accessories
1224,ord_00007122,2025-10-08 16:24:25.157795318,54.94,outdoor
1224,ord_00007123,2025-10-25 10:56:46.700283134,22.1,outdoor
1224,ord_00007124,2025-11-10 00:24:08.644601178,26.67,home_goods
1224,ord_00007125,2025-11-24 09:01:22.728674111,40.3,beauty
1224,ord_00007126,2025-12-06 14:01:54.108183010,81.93,apparel
1224,ord_00007127,2026-01-08 01:20:33.747556294,82.41,apparel
1224,ord_00007128,2026-01-23 13:43:18.734288371,26.21,home_goods
1224,ord_00007129,2026-02-12 11:27:50.463521754,47.04,outdoor
1224,ord_00007130,2026-02-23 02:45:05.027496225,45.89,outdoor
1224,ord_00007131,2026-03-22 05:00:50.228422442,68.29,beauty
1224,ord_00007132,2026-04-10 03:58:59.257146251,62.58,outdoor
1224,ord_00007133,2026-04-25 22:44:57.553167254,92.69,beauty
1224,ord_00007134,2026-05-11 18:30:33.112998456,43.96,home_goods
1224,ord_00007135,2026-06-04 04:10:24.775681807,76.46,beauty
1224,ord_00007136,2026-06-11 14:35:44.819642338,38.01,beauty
1224,ord_00007137,2026-06-25 16:31:14.204681004,59.71,outdoor
1224,ord_00007138,2026-07-13 02:03:02.090746743,18.1,electronics_accessories
1224,ord_00007139,2026-07-30 10:08:20.947023862,61.56,apparel
1225,ord_00007140,2026-04-12 00:00:00.000000000,58.21,outdoor
1226,ord_00007141,2024-10-30 00:00:00.000000000,68.63,electronics_accessories
1226,ord_00007142,2024-11-19 20:47:00.729182965,40.36,electronics_accessories
1226,ord_00007143,2024-12-23 22:42:31.818280118,81.93,home_goods
1226,ord_00007144,2025-01-13 04:42:15.096101787,120.54,electronics_accessories
1226,ord_00007145,2025-01-30 09:50:03.073265894,63.5,outdoor
1226,ord_00007146,2025-02-25 22:03:44.145985878,38.97,apparel
1226,ord_00007147,2025-03-20 04:28:16.630862044,23.82,apparel
1226,ord_00007148,2025-04-19 07:28:49.244596850,52.26,apparel
1226,ord_00007149,2025-05-06 20:30:15.281139407,46.77,outdoor
1226,ord_00007150,2025-06-01 04:05:59.921673504,23.88,electronics_accessories
1226,ord_00007151,2025-07-21 00:33:40.862977658,45.11,home_goods
1226,ord_00007152,2025-08-12 03:24:22.518735051,81.27,beauty
1226,ord_00007153,2025-09-06 06:37:14.397731803,67.23,beauty
1226,ord_00007154,2025-09-20 17:08:27.607408826,41.15,outdoor
1226,ord_00007155,2025-10-09 02:43:16.551136382,20.55,electronics_accessories
1226,ord_00007156,2025-11-05 09:24:59.296898326,14.52,apparel
1226,ord_00007157,2025-11-26 22:01:27.901571889,41.98,apparel
1226,ord_00007158,2025-12-25 11:49:21.562204546,39.5,home_goods
1226,ord_00007159,2026-01-21 11:43:18.824897875,146.3,home_goods
1226,ord_00007160,2026-02-06 11:47:58.375524018,82.8,outdoor
1226,ord_00007161,2026-03-10 17:14:15.056523651,31.1,home_goods
1226,ord_00007162,2026-03-27 02:05:43.683538711,67.32,apparel
1226,ord_00007163,2026-04-14 23:29:47.395778755,30.85,apparel
1226,ord_00007164,2026-05-10 10:29:52.014116926,79.78,home_goods
1226,ord_00007165,2026-06-17 11:09:18.400488855,36.62,outdoor
1226,ord_00007166,2026-07-05 01:11:28.091713806,57.87,beauty
1226,ord_00007167,2026-07-29 21:22:51.044226731,28.49,electronics_accessories
1227,ord_00007168,2026-02-28 00:00:00.000000000,29.59,beauty
1228,ord_00007169,2026-03-04 00:00:00.000000000,31.37,apparel
1229,ord_00007170,2025-10-01 00:00:00.000000000,153.29,outdoor
1229,ord_00007171,2025-10-12 07:29:27.878272351,24.47,beauty
1229,ord_00007172,2025-10-23 11:03:54.098109812,71.45,beauty
1229,ord_00007173,2025-11-07 00:46:09.392920541,37.54,apparel
1229,ord_00007174,2025-11-23 19:25:19.723917896,36.07,apparel
1229,ord_00007175,2025-12-11 12:58:26.584057438,41.37,apparel
1229,ord_00007176,2025-12-20 21:07:05.869525747,25.62,beauty
1229,ord_00007177,2026-01-04 23:44:34.931770852,28.01,outdoor
1229,ord_00007178,2026-01-17 16:16:43.873574262,34.78,electronics_accessories
1229,ord_00007179,2026-02-05 08:01:09.776127982,48.58,beauty
1229,ord_00007180,2026-02-20 00:01:58.265690583,52.6,electronics_accessories
1229,ord_00007181,2026-03-07 12:20:13.084910142,79.35,apparel
1229,ord_00007182,2026-03-20 05:23:13.041161954,35.07,electronics_accessories
1229,ord_00007183,2026-04-15 21:18:51.496332409,53.36,electronics_accessories
1229,ord_00007184,2026-04-26 16:50:52.772458911,37.3,outdoor
1229,ord_00007185,2026-05-10 19:11:03.173477100,146.56,outdoor
1229,ord_00007186,2026-05-27 05:08:25.691588547,73.82,home_goods
1229,ord_00007187,2026-06-10 22:52:36.983296981,122.66,home_goods
1229,ord_00007188,2026-06-23 14:11:39.363970553,55.26,beauty
1229,ord_00007189,2026-07-02 19:42:05.430527985,38.89,electronics_accessories
1229,ord_00007190,2026-07-15 17:40:53.290786306,71.44,beauty
1229,ord_00007191,2026-07-27 15:43:30.909942262,38.4,beauty
1230,ord_00007192,2025-07-26 00:00:00.000000000,26.21,outdoor
1231,ord_00007193,2024-08-26 00:00:00.000000000,42.27,electronics_accessories
1232,ord_00007194,2025-11-26 00:00:00.000000000,50.9,home_goods
1232,ord_00007195,2025-12-21 01:48:32.765551032,36.08,apparel
1232,ord_00007196,2026-01-25 23:51:15.277191902,62.21,electronics_accessories
1232,ord_00007197,2026-02-25 06:55:09.807420511,29.87,beauty
1232,ord_00007198,2026-04-09 05:18:55.168698800,22.44,apparel
1232,ord_00007199,2026-05-11 17:28:04.629823349,85.87,electronics_accessories
1232,ord_00007200,2026-06-04 06:43:05.172458456,111.57,beauty
1232,ord_00007201,2026-07-01 14:34:44.806697601,28.27,electronics_accessories
1232,ord_00007202,2026-07-26 15:50:52.916790163,43.29,apparel
1233,ord_00007203,2026-06-19 00:00:00.000000000,45.1,home_goods
1234,ord_00007204,2024-10-29 00:00:00.000000000,33.84,home_goods
1234,ord_00007205,2024-11-10 17:53:21.496896081,73.66,electronics_accessories
1234,ord_00007206,2024-11-25 23:30:35.284252263,32.18,apparel
1234,ord_00007207,2024-12-09 01:46:25.805010259,28.84,beauty
1234,ord_00007208,2025-01-08 21:03:30.310984314,62.98,home_goods
1234,ord_00007209,2025-01-21 00:56:26.570658312,47.86,beauty
1234,ord_00007210,2025-02-09 23:54:33.182110037,19.34,beauty
1234,ord_00007211,2025-03-03 17:54:52.249766679,61.34,outdoor
1234,ord_00007212,2025-03-24 23:48:54.705812788,34.58,home_goods
1234,ord_00007213,2025-04-15 19:19:24.387107616,30.51,beauty
1234,ord_00007214,2025-05-11 03:45:22.074719933,62.49,apparel
1234,ord_00007215,2025-05-27 20:26:48.219289417,41.89,electronics_accessories
1234,ord_00007216,2025-06-16 10:40:52.222435238,47.99,electronics_accessories
1234,ord_00007217,2025-07-03 22:06:41.877182664,83.33,electronics_accessories
1234,ord_00007218,2025-08-01 03:08:50.079508604,51.12,home_goods
1234,ord_00007219,2025-09-05 23:08:30.216406710,41.98,beauty
1234,ord_00007220,2025-09-19 07:17:26.104659249,31.14,electronics_accessories
1234,ord_00007221,2025-09-29 16:20:10.203194859,21.52,beauty
1234,ord_00007222,2025-10-22 07:39:36.290413528,62.25,apparel
1234,ord_00007223,2025-11-17 15:08:51.095520930,51.48,electronics_accessories
1234,ord_00007224,2025-12-21 23:03:21.429684242,58.54,outdoor
1234,ord_00007225,2026-01-14 18:35:43.021911110,34.22,home_goods
1234,ord_00007226,2026-02-12 18:50:22.200047397,38.97,beauty
1234,ord_00007227,2026-03-16 04:31:55.081817700,173.42,beauty
1234,ord_00007228,2026-04-14 19:20:16.657521677,53.73,electronics_accessories
1234,ord_00007229,2026-05-09 15:58:41.587719728,97.81,outdoor
1234,ord_00007230,2026-05-22 15:45:35.779709680,24.77,electronics_accessories
1234,ord_00007231,2026-06-10 16:39:24.415768454,44.19,beauty
1234,ord_00007232,2026-07-01 13:50:34.904372871,67.07,outdoor
1234,ord_00007233,2026-07-20 02:22:32.125783457,44.17,home_goods
1234,ord_00007234,2026-08-07 23:12:48.866231800,39.23,beauty
1235,ord_00007235,2025-05-07 00:00:00.000000000,24.01,apparel
1236,ord_00007236,2025-02-18 00:00:00.000000000,19.65,outdoor
1237,ord_00007237,2024-12-04 00:00:00.000000000,57.89,apparel
1238,ord_00007238,2025-10-17 00:00:00.000000000,42.24,outdoor
1239,ord_00007239,2026-03-08 00:00:00.000000000,97.22,electronics_accessories
1240,ord_00007240,2025-08-29 00:00:00.000000000,55.99,outdoor
1241,ord_00007241,2024-12-18 00:00:00.000000000,165.72,home_goods
1241,ord_00007242,2025-01-24 06:14:05.082662601,66.78,beauty
1241,ord_00007243,2025-04-25 15:02:23.720955355,140.23,apparel
1241,ord_00007244,2025-07-09 16:11:32.884781648,85.57,electronics_accessories
1241,ord_00007245,2025-08-15 21:07:22.063526062,68.26,beauty
1241,ord_00007246,2025-09-26 22:53:45.185127868,27.26,beauty
1241,ord_00007247,2025-11-26 10:41:53.796187078,48.38,outdoor
1241,ord_00007248,2026-01-13 14:41:12.525311173,98.43,home_goods
1241,ord_00007249,2026-03-17 09:13:11.674731782,116.12,beauty
1241,ord_00007250,2026-05-04 05:53:54.807963656,95.64,home_goods
1241,ord_00007251,2026-07-27 11:28:08.805111093,89.29,electronics_accessories
1242,ord_00007252,2025-06-19 00:00:00.000000000,47.46,home_goods
1243,ord_00007253,2024-10-08 00:00:00.000000000,53.0,apparel
1244,ord_00007254,2026-05-27 00:00:00.000000000,56.84,home_goods
1245,ord_00007255,2026-05-20 00:00:00.000000000,53.1,outdoor
1246,ord_00007256,2026-07-06 00:00:00.000000000,48.34,outdoor
1247,ord_00007257,2025-05-06 00:00:00.000000000,72.58,home_goods
1247,ord_00007258,2025-08-02 20:57:05.802240273,27.73,outdoor
1247,ord_00007259,2025-10-24 07:49:06.367827849,94.39,beauty
1247,ord_00007260,2026-03-22 11:24:55.789471703,35.21,apparel
1247,ord_00007261,2026-08-02 14:01:37.928434213,51.38,outdoor
1248,ord_00007262,2025-08-16 00:00:00.000000000,68.29,outdoor
1249,ord_00007263,2024-09-28 00:00:00.000000000,36.4,electronics_accessories
1249,ord_00007264,2024-10-08 10:50:07.800494721,31.29,home_goods
1249,ord_00007265,2024-10-14 04:19:22.885757115,76.52,home_goods
1249,ord_00007266,2024-10-20 18:46:18.079199565,23.22,electronics_accessories
1249,ord_00007267,2024-10-24 21:36:25.975824051,34.67,home_goods
1249,ord_00007268,2024-11-04 16:12:43.763267153,44.47,home_goods
1249,ord_00007269,2024-11-13 11:33:54.193448356,44.24,apparel
1249,ord_00007270,2024-11-22 04:23:16.338004764,42.8,electronics_accessories
1249,ord_00007271,2024-11-30 20:47:20.076824029,37.12,electronics_accessories
1249,ord_00007272,2024-12-05 03:20:30.649323262,95.57,home_goods
1249,ord_00007273,2024-12-11 00:55:25.297349095,46.39,beauty
1249,ord_00007274,2024-12-17 23:04:36.446886150,35.79,apparel
1249,ord_00007275,2024-12-24 07:03:55.088840812,35.85,apparel
1249,ord_00007276,2024-12-31 14:26:55.245861877,72.43,electronics_accessories
1249,ord_00007277,2025-01-09 03:18:02.380761660,16.07,home_goods
1249,ord_00007278,2025-01-19 20:37:50.339147598,50.86,outdoor
1249,ord_00007279,2025-01-24 22:40:22.115669755,36.86,electronics_accessories
1249,ord_00007280,2025-02-01 20:26:09.753850488,77.93,beauty
1249,ord_00007281,2025-02-11 15:58:42.336249985,108.65,apparel
1249,ord_00007282,2025-02-17 16:10:43.162827339,83.71,outdoor
1249,ord_00007283,2025-02-25 03:45:03.458103105,39.43,outdoor
1249,ord_00007284,2025-03-06 06:36:08.846388146,63.57,beauty
1249,ord_00007285,2025-03-14 05:30:36.814340023,35.98,outdoor
1249,ord_00007286,2025-03-23 22:25:42.147616267,22.01,beauty
1249,ord_00007287,2025-04-01 02:10:41.356486337,79.68,home_goods
1249,ord_00007288,2025-04-08 07:27:04.543741324,53.43,beauty
1249,ord_00007289,2025-04-13 21:17:13.985634568,67.4,electronics_accessories
1249,ord_00007290,2025-04-22 10:11:55.501024740,71.56,apparel
1249,ord_00007291,2025-04-30 14:15:30.700998072,41.45,home_goods
1249,ord_00007292,2025-05-06 11:30:54.494137158,39.35,home_goods
1249,ord_00007293,2025-05-15 22:04:58.800627128,72.63,home_goods
1249,ord_00007294,2025-05-27 12:24:44.155328638,20.19,home_goods
1249,ord_00007295,2025-06-03 00:29:49.659201086,35.13,home_goods
1249,ord_00007296,2025-06-09 09:27:04.556001213,53.37,beauty
1249,ord_00007297,2025-06-15 16:44:20.210089968,111.68,electronics_accessories
1249,ord_00007298,2025-06-20 11:43:37.642351028,42.81,apparel
1249,ord_00007299,2025-07-04 22:52:56.777230179,70.46,electronics_accessories
1249,ord_00007300,2025-07-11 21:10:38.079401105,64.77,outdoor
1249,ord_00007301,2025-07-18 00:14:40.999891294,40.46,beauty
1249,ord_00007302,2025-07-23 15:56:15.933190680,29.0,apparel
1249,ord_00007303,2025-07-30 17:17:58.579744179,58.76,outdoor
1249,ord_00007304,2025-08-06 03:44:55.543184899,48.08,electronics_accessories
1249,ord_00007305,2025-08-18 08:39:15.019190051,68.88,apparel
1249,ord_00007306,2025-08-23 19:28:19.526759068,44.69,home_goods
1249,ord_00007307,2025-08-28 19:23:49.937478233,43.24,outdoor
1249,ord_00007308,2025-09-07 03:55:00.484788270,74.46,apparel
1249,ord_00007309,2025-09-14 20:09:42.103769754,54.85,electronics_accessories
1249,ord_00007310,2025-09-22 06:07:08.821555436,48.05,beauty
1249,ord_00007311,2025-10-01 15:10:05.615079959,42.66,apparel
1249,ord_00007312,2025-10-09 21:24:03.096828315,22.51,electronics_accessories
1249,ord_00007313,2025-10-17 17:00:50.681315777,24.97,beauty
1249,ord_00007314,2025-10-22 21:49:00.332670508,84.45,electronics_accessories
1249,ord_00007315,2025-10-27 17:10:12.059191406,37.12,beauty
1249,ord_00007316,2025-11-03 03:22:39.145595421,88.26,home_goods
1249,ord_00007317,2025-11-08 20:48:28.921383320,33.99,home_goods
1249,ord_00007318,2025-11-17 11:04:43.533350780,19.79,outdoor
1249,ord_00007319,2025-11-22 01:59:57.160209905,126.02,electronics_accessories
1249,ord_00007320,2025-11-29 00:22:48.401456893,21.4,home_goods
1249,ord_00007321,2025-12-06 13:01:11.887851342,51.16,beauty
1249,ord_00007322,2025-12-14 09:02:12.275601034,38.17,apparel
1249,ord_00007323,2025-12-23 07:29:43.493600134,46.58,apparel
1249,ord_00007324,2025-12-30 12:00:26.017154673,60.57,electronics_accessories
1249,ord_00007325,2026-01-05 23:44:45.653395124,54.4,outdoor
1249,ord_00007326,2026-01-17 12:07:28.761017331,28.27,beauty
1249,ord_00007327,2026-01-24 16:58:24.900015641,20.73,beauty
1249,ord_00007328,2026-02-05 20:13:09.039993998,40.36,outdoor
1249,ord_00007329,2026-02-13 00:48:14.868850847,79.19,beauty
1249,ord_00007330,2026-02-20 22:08:40.592288790,47.96,apparel
1249,ord_00007331,2026-02-28 12:39:15.671003491,48.85,apparel
1249,ord_00007332,2026-03-09 00:35:15.823450782,17.04,home_goods
1249,ord_00007333,2026-03-16 00:20:14.938005394,42.13,home_goods
1249,ord_00007334,2026-03-24 04:10:17.971543087,56.79,apparel
1249,ord_00007335,2026-04-05 17:20:26.812928818,32.07,electronics_accessories
1249,ord_00007336,2026-04-16 13:57:57.481405788,43.81,electronics_accessories
1249,ord_00007337,2026-04-27 11:07:48.547729378,72.93,apparel
1249,ord_00007338,2026-05-02 18:20:28.821573864,70.92,electronics_accessories
1249,ord_00007339,2026-05-08 07:52:48.363735950,48.18,apparel
1249,ord_00007340,2026-05-16 18:59:28.268867720,56.72,beauty
1249,ord_00007341,2026-05-26 18:45:13.524096749,112.88,apparel
1249,ord_00007342,2026-06-02 13:34:50.029413900,48.71,outdoor
1249,ord_00007343,2026-06-08 23:55:10.889008840,27.66,home_goods
1249,ord_00007344,2026-06-21 00:57:51.102964684,35.92,electronics_accessories
1249,ord_00007345,2026-06-30 18:41:59.436421296,53.28,electronics_accessories
1249,ord_00007346,2026-07-11 16:02:24.876603243,68.29,apparel
1249,ord_00007347,2026-07-18 14:42:23.041100161,54.28,electronics_accessories
1249,ord_00007348,2026-07-25 09:29:23.931082049,66.83,apparel
1249,ord_00007349,2026-08-04 22:24:55.704263155,27.17,apparel
1250,ord_00007350,2024-09-08 00:00:00.000000000,28.78,apparel
1250,ord_00007351,2024-10-21 22:37:57.647185793,151.58,electronics_accessories
1250,ord_00007352,2024-11-26 09:10:45.284373063,33.67,electronics_accessories
1250,ord_00007353,2025-01-06 15:25:10.713544338,75.38,home_goods
1250,ord_00007354,2025-02-26 23:26:08.924586699,68.37,outdoor
1250,ord_00007355,2025-04-02 14:16:11.016434734,33.63,beauty
1250,ord_00007356,2025-05-12 16:07:43.766760331,29.47,outdoor
1250,ord_00007357,2025-07-05 05:11:49.599056488,33.16,outdoor
1250,ord_00007358,2025-08-09 13:51:52.620305591,32.79,home_goods
1250,ord_00007359,2025-09-04 20:03:08.266878956,83.63,outdoor
1250,ord_00007360,2025-10-19 21:55:32.580920091,44.25,home_goods
1250,ord_00007361,2025-12-15 12:22:33.505566018,31.81,beauty
1250,ord_00007362,2026-02-07 16:34:25.102998171,35.41,electronics_accessories
1250,ord_00007363,2026-03-25 07:09:40.101933945,87.44,beauty
1250,ord_00007364,2026-04-12 12:21:37.736726302,39.53,apparel
1250,ord_00007365,2026-05-12 22:14:43.009395496,50.14,apparel
1250,ord_00007366,2026-06-12 19:26:05.354517035,64.9,beauty
1250,ord_00007367,2026-07-20 02:40:46.137868960,44.82,electronics_accessories
1251,ord_00007368,2025-09-08 00:00:00.000000000,50.56,apparel
1252,ord_00007369,2025-07-18 00:00:00.000000000,47.56,electronics_accessories
1253,ord_00007370,2024-09-18 00:00:00.000000000,52.93,home_goods
1254,ord_00007371,2025-12-15 00:00:00.000000000,72.21,apparel
1254,ord_00007372,2026-01-09 10:15:41.861582556,30.6,home_goods
1254,ord_00007373,2026-01-30 07:11:53.135154988,32.33,outdoor
1254,ord_00007374,2026-02-25 03:20:31.082915875,47.44,outdoor
1254,ord_00007375,2026-04-18 18:35:29.813874788,36.1,apparel
1254,ord_00007376,2026-05-20 11:22:00.735870398,148.85,apparel
1254,ord_00007377,2026-06-13 22:56:52.344409390,90.9,home_goods
1254,ord_00007378,2026-07-05 12:52:25.984123560,20.57,home_goods
1254,ord_00007379,2026-07-23 14:28:15.540986855,45.81,apparel
1255,ord_00007380,2026-06-27 00:00:00.000000000,64.84,electronics_accessories
1256,ord_00007381,2025-06-16 00:00:00.000000000,67.7,apparel
1256,ord_00007382,2025-07-20 06:21:07.253475906,48.21,outdoor
1256,ord_00007383,2025-08-25 18:33:42.523137546,47.29,electronics_accessories
1256,ord_00007384,2025-10-18 09:34:36.316494253,33.23,electronics_accessories
1256,ord_00007385,2025-12-12 15:35:20.898866020,64.84,outdoor
1256,ord_00007386,2026-01-28 02:07:37.785449619,74.22,outdoor
1256,ord_00007387,2026-03-15 08:56:22.087223899,48.15,home_goods
1256,ord_00007388,2026-04-29 13:31:03.155090643,67.93,electronics_accessories
1256,ord_00007389,2026-06-16 19:44:10.579411199,75.3,outdoor
1257,ord_00007390,2025-10-26 00:00:00.000000000,73.92,apparel
1257,ord_00007391,2025-12-23 08:44:43.919130098,42.03,apparel
1257,ord_00007392,2026-01-21 17:36:10.503219254,46.75,home_goods
1257,ord_00007393,2026-04-09 15:59:29.726857082,30.37,beauty
1257,ord_00007394,2026-07-10 23:22:19.235339030,29.07,apparel
1258,ord_00007395,2024-12-04 00:00:00.000000000,44.44,home_goods
1258,ord_00007396,2025-01-14 20:16:43.451711886,59.78,outdoor
1258,ord_00007397,2025-03-06 13:19:24.780203393,93.87,outdoor
1258,ord_00007398,2025-04-28 02:30:12.709546143,84.25,outdoor
1258,ord_00007399,2025-06-07 03:45:48.847303979,136.64,beauty
1258,ord_00007400,2025-07-03 06:05:32.273466915,63.41,home_goods
1258,ord_00007401,2025-08-12 03:08:19.652262009,31.02,home_goods
1258,ord_00007402,2025-10-09 19:20:40.530591966,86.88,outdoor
1258,ord_00007403,2025-12-11 14:00:06.856390904,38.58,home_goods
1258,ord_00007404,2026-02-12 12:22:44.398523658,56.84,apparel
1258,ord_00007405,2026-04-18 15:52:17.813809731,60.06,electronics_accessories
1258,ord_00007406,2026-06-02 14:58:35.783796680,64.04,apparel
1258,ord_00007407,2026-07-14 18:54:54.094323021,46.09,electronics_accessories
1259,ord_00007408,2024-12-22 00:00:00.000000000,86.14,outdoor
1260,ord_00007409,2025-03-24 00:00:00.000000000,44.24,outdoor
1260,ord_00007410,2025-04-14 12:08:02.568831465,39.63,electronics_accessories
1260,ord_00007411,2025-05-28 01:25:42.112184739,67.87,apparel
1260,ord_00007412,2025-07-19 19:47:53.236463215,74.23,electronics_accessories
1260,ord_00007413,2025-08-22 16:01:47.770468610,82.98,outdoor
1260,ord_00007414,2025-09-29 17:16:33.093534646,103.08,electronics_accessories
1260,ord_00007415,2025-11-02 22:35:53.465736207,57.18,beauty
1260,ord_00007416,2025-12-05 12:33:34.810449736,111.28,home_goods
1260,ord_00007417,2026-01-13 17:15:39.758823077,28.19,apparel
1260,ord_00007418,2026-02-11 14:43:35.812342824,23.39,outdoor
1260,ord_00007419,2026-03-17 16:20:28.951471401,83.98,electronics_accessories
1260,ord_00007420,2026-04-14 13:13:27.555816040,20.29,beauty
1260,ord_00007421,2026-05-28 04:14:17.004291654,28.54,electronics_accessories
1260,ord_00007422,2026-07-06 10:56:09.170910102,56.6,home_goods
1260,ord_00007423,2026-08-07 13:52:12.159615012,28.72,apparel
1261,ord_00007424,2025-08-03 00:00:00.000000000,48.38,home_goods
1262,ord_00007425,2025-02-11 00:00:00.000000000,19.4,apparel
1263,ord_00007426,2024-09-05 00:00:00.000000000,47.59,outdoor
1264,ord_00007427,2024-08-26 00:00:00.000000000,24.36,outdoor
1264,ord_00007428,2024-10-07 18:44:46.083088802,14.05,beauty
1264,ord_00007429,2024-12-03 23:09:40.533337834,25.14,apparel
1264,ord_00007430,2024-12-31 07:18:04.929021445,50.3,apparel
1264,ord_00007431,2025-01-20 12:07:54.884404655,40.93,home_goods
1264,ord_00007432,2025-02-17 11:57:03.297772088,18.21,outdoor
1264,ord_00007433,2025-03-21 08:00:54.440031483,69.87,home_goods
1264,ord_00007434,2025-04-19 21:23:14.301703902,23.08,apparel
1264,ord_00007435,2025-05-25 23:06:56.529480866,50.15,electronics_accessories
1264,ord_00007436,2025-07-23 06:42:30.876633107,99.71,outdoor
1264,ord_00007437,2025-08-10 05:50:46.764810783,66.06,electronics_accessories
1264,ord_00007438,2025-09-05 00:55:46.998027214,52.35,beauty
1264,ord_00007439,2025-10-22 17:24:39.871996004,50.35,home_goods
1264,ord_00007440,2025-11-17 09:43:16.187799111,50.76,electronics_accessories
1264,ord_00007441,2025-12-25 11:09:21.291393752,71.35,apparel
1264,ord_00007442,2026-01-30 18:08:56.603244312,73.36,electronics_accessories
1264,ord_00007443,2026-03-15 06:47:21.519811178,35.25,outdoor
1264,ord_00007444,2026-05-07 14:28:11.785025195,62.35,apparel
1264,ord_00007445,2026-06-09 19:00:59.753337292,34.64,electronics_accessories
1264,ord_00007446,2026-06-27 13:56:39.904358558,69.4,outdoor
1264,ord_00007447,2026-07-21 22:08:36.436912617,98.34,electronics_accessories
1265,ord_00007448,2025-10-21 00:00:00.000000000,60.05,apparel
1265,ord_00007449,2026-03-08 20:02:05.624651006,45.2,beauty
1265,ord_00007450,2026-06-20 18:29:28.796869442,23.63,apparel
1266,ord_00007451,2024-10-23 00:00:00.000000000,51.71,beauty
1266,ord_00007452,2025-03-23 03:43:21.741897250,33.92,home_goods
1266,ord_00007453,2025-08-27 19:45:05.099530558,62.79,outdoor
1266,ord_00007454,2026-01-21 18:48:16.104974254,60.13,beauty
1266,ord_00007455,2026-05-17 11:44:47.345827550,70.28,apparel
1267,ord_00007456,2026-05-16 00:00:00.000000000,45.4,outdoor
1268,ord_00007457,2026-07-01 00:00:00.000000000,28.83,electronics_accessories
1268,ord_00007458,2026-07-12 20:09:54.128043502,45.95,outdoor
1268,ord_00007459,2026-08-06 09:05:39.975101437,26.26,apparel
1269,ord_00007460,2026-08-05 00:00:00.000000000,22.08,apparel
1270,ord_00007461,2025-11-19 00:00:00.000000000,19.21,outdoor
1271,ord_00007462,2025-07-08 00:00:00.000000000,53.66,outdoor
1271,ord_00007463,2025-08-08 20:27:39.722431149,48.47,apparel
1271,ord_00007464,2025-09-02 15:13:47.264809874,58.5,apparel
1271,ord_00007465,2025-10-09 23:47:41.746772876,75.98,apparel
1271,ord_00007466,2025-10-31 21:21:36.807467358,57.94,outdoor
1271,ord_00007467,2025-11-16 06:48:49.961620746,116.37,outdoor
1271,ord_00007468,2025-12-13 00:50:57.364114928,74.72,home_goods
1271,ord_00007469,2026-01-05 03:06:08.373387665,35.31,beauty
1271,ord_00007470,2026-01-19 13:30:28.911208408,22.28,outdoor
1271,ord_00007471,2026-02-06 17:07:47.534977849,44.13,beauty
1271,ord_00007472,2026-02-26 16:23:33.246808213,102.48,outdoor
1271,ord_00007473,2026-04-07 09:45:47.139277013,47.49,electronics_accessories
1271,ord_00007474,2026-05-08 05:00:10.390597372,60.5,beauty
1271,ord_00007475,2026-05-30 15:39:14.369801419,45.34,home_goods
1271,ord_00007476,2026-06-28 08:14:47.047546353,59.1,apparel
1271,ord_00007477,2026-07-11 20:30:28.864561611,106.47,electronics_accessories
1271,ord_00007478,2026-08-01 21:11:02.714673371,50.22,apparel
1272,ord_00007479,2024-10-09 00:00:00.000000000,106.41,apparel
1273,ord_00007480,2026-03-23 00:00:00.000000000,120.94,home_goods
1274,ord_00007481,2025-07-14 00:00:00.000000000,42.2,outdoor
1274,ord_00007482,2025-10-31 20:46:15.794803794,45.38,apparel
1274,ord_00007483,2025-12-18 07:49:00.345995992,26.86,apparel
1274,ord_00007484,2026-02-21 19:35:07.842105900,63.91,home_goods
1274,ord_00007485,2026-05-30 21:19:21.165466747,43.62,electronics_accessories
1275,ord_00007486,2025-09-29 00:00:00.000000000,51.81,outdoor
1276,ord_00007487,2025-04-30 00:00:00.000000000,53.28,apparel
1277,ord_00007488,2026-05-02 00:00:00.000000000,19.36,electronics_accessories
1278,ord_00007489,2025-06-24 00:00:00.000000000,40.49,home_goods
1279,ord_00007490,2025-10-14 00:00:00.000000000,34.41,electronics_accessories
1279,ord_00007491,2026-01-17 18:11:51.070646066,22.3,apparel
1279,ord_00007492,2026-02-26 22:18:47.115518250,41.73,beauty
1279,ord_00007493,2026-05-28 19:53:21.015648001,73.59,apparel
1280,ord_00007494,2024-12-07 00:00:00.000000000,42.24,beauty
1280,ord_00007495,2024-12-27 19:34:54.318502844,71.7,apparel
1280,ord_00007496,2025-01-14 18:29:24.243331663,59.03,apparel
1280,ord_00007497,2025-01-29 09:47:50.217335995,48.82,beauty
1280,ord_00007498,2025-02-10 10:27:33.764996599,12.8,outdoor
1280,ord_00007499,2025-03-05 19:21:48.556304241,93.78,home_goods
1280,ord_00007500,2025-03-27 23:02:10.336711449,19.42,electronics_accessories
1280,ord_00007501,2025-04-19 20:36:29.291742457,61.5,beauty
1280,ord_00007502,2025-05-05 10:22:34.558703962,72.53,apparel
1280,ord_00007503,2025-05-25 19:53:59.953152722,86.3,beauty
1280,ord_00007504,2025-06-07 15:42:54.799639248,31.9,home_goods
1280,ord_00007505,2025-06-22 01:36:35.376122126,42.13,apparel
1280,ord_00007506,2025-07-11 15:22:22.698491004,17.26,electronics_accessories
1280,ord_00007507,2025-08-01 14:29:09.631262042,52.67,apparel
1280,ord_00007508,2025-08-13 11:45:49.865332872,77.13,home_goods
1280,ord_00007509,2025-08-27 14:22:21.652781205,70.41,beauty
1280,ord_00007510,2025-09-13 23:07:28.537237821,12.51,apparel
1280,ord_00007511,2025-10-09 19:05:26.010495457,110.69,beauty
1280,ord_00007512,2025-10-24 23:27:48.898469535,96.29,home_goods
1280,ord_00007513,2025-11-14 04:31:40.529578625,27.46,home_goods
1280,ord_00007514,2025-12-05 01:05:15.235128759,120.69,outdoor
1280,ord_00007515,2025-12-23 00:33:32.563325367,31.09,outdoor
1280,ord_00007516,2026-01-13 00:31:41.352254424,64.31,beauty
1280,ord_00007517,2026-01-25 23:10:04.496050802,72.71,electronics_accessories
1280,ord_00007518,2026-02-10 21:08:58.753422397,55.24,electronics_accessories
1280,ord_00007519,2026-03-12 16:14:44.659745286,29.16,apparel
1280,ord_00007520,2026-04-12 02:36:22.943279590,70.9,outdoor
1280,ord_00007521,2026-05-07 01:26:26.967866501,19.94,electronics_accessories
1280,ord_00007522,2026-06-03 00:21:48.234392574,14.25,beauty
1280,ord_00007523,2026-06-14 05:15:44.498809508,82.86,electronics_accessories
1280,ord_00007524,2026-06-28 19:06:39.088666325,70.3,electronics_accessories
1280,ord_00007525,2026-07-16 10:42:22.125920964,63.76,apparel
1281,ord_00007526,2026-02-14 00:00:00.000000000,61.9,electronics_accessories
1282,ord_00007527,2025-08-22 00:00:00.000000000,70.6,electronics_accessories
1283,ord_00007528,2025-01-31 00:00:00.000000000,25.26,beauty
1284,ord_00007529,2026-04-21 00:00:00.000000000,61.89,electronics_accessories
1284,ord_00007530,2026-05-15 15:57:41.189495374,57.87,electronics_accessories
1284,ord_00007531,2026-06-10 03:08:01.252589607,63.03,apparel
1284,ord_00007532,2026-07-01 17:31:06.085417276,50.74,electronics_accessories
1284,ord_00007533,2026-08-07 18:46:09.639221786,41.54,home_goods
1285,ord_00007534,2025-06-04 00:00:00.000000000,46.22,electronics_accessories
1285,ord_00007535,2025-08-11 12:28:38.382623130,119.88,apparel
1285,ord_00007536,2025-09-11 21:50:48.402680363,81.48,beauty
1285,ord_00007537,2025-10-31 13:38:22.953331350,123.07,apparel
1285,ord_00007538,2025-12-08 16:24:03.402030955,55.72,electronics_accessories
1285,ord_00007539,2026-02-08 18:26:53.024902224,35.25,outdoor
1285,ord_00007540,2026-04-15 00:27:29.374943439,34.75,outdoor
1285,ord_00007541,2026-06-02 08:11:47.728262127,62.27,apparel
1285,ord_00007542,2026-07-14 12:00:13.140002394,24.35,apparel
1286,ord_00007543,2026-06-13 00:00:00.000000000,55.83,outdoor
1286,ord_00007544,2026-08-02 10:34:36.916860485,31.32,outdoor
1287,ord_00007545,2026-05-23 00:00:00.000000000,63.77,outdoor
1288,ord_00007546,2024-11-02 00:00:00.000000000,32.32,beauty
1289,ord_00007547,2025-02-01 00:00:00.000000000,105.21,outdoor
1290,ord_00007548,2025-05-08 00:00:00.000000000,37.04,electronics_accessories
1290,ord_00007549,2025-06-01 09:41:07.841600718,103.42,outdoor
1290,ord_00007550,2025-06-28 04:55:42.873927912,86.04,apparel
1290,ord_00007551,2025-07-31 11:14:59.453367916,33.82,apparel
1290,ord_00007552,2025-09-05 12:45:32.977368475,51.7,electronics_accessories
1290,ord_00007553,2025-10-14 20:49:54.228259835,62.88,beauty
1290,ord_00007554,2025-11-21 03:55:35.653901603,57.18,electronics_accessories
1290,ord_00007555,2025-12-20 20:54:48.618336544,66.3,outdoor
1290,ord_00007556,2026-01-18 08:23:49.265326122,41.66,outdoor
1290,ord_00007557,2026-03-20 16:46:12.092319571,38.12,outdoor
1290,ord_00007558,2026-04-17 19:00:54.726836434,60.55,outdoor
1290,ord_00007559,2026-05-10 07:48:02.884090286,38.38,electronics_accessories
1290,ord_00007560,2026-05-30 15:07:10.970893507,43.89,electronics_accessories
1290,ord_00007561,2026-06-29 11:45:44.557154000,29.01,home_goods
1291,ord_00007562,2025-06-14 00:00:00.000000000,73.91,electronics_accessories
1292,ord_00007563,2026-04-09 00:00:00.000000000,33.55,electronics_accessories
1292,ord_00007564,2026-05-04 13:42:44.818619506,74.22,home_goods
1292,ord_00007565,2026-05-19 15:25:32.879199896,134.46,home_goods
1292,ord_00007566,2026-06-17 17:29:28.462014680,44.81,electronics_accessories
1292,ord_00007567,2026-07-19 05:41:38.418443476,28.61,home_goods
1293,ord_00007568,2026-03-12 00:00:00.000000000,84.17,home_goods
1293,ord_00007569,2026-04-20 03:31:22.062963186,31.14,outdoor
1293,ord_00007570,2026-05-27 06:53:29.155305070,14.16,apparel
1293,ord_00007571,2026-07-01 03:53:57.881546750,28.6,apparel
1294,ord_00007572,2025-02-12 00:00:00.000000000,41.77,apparel
1295,ord_00007573,2026-07-03 00:00:00.000000000,74.14,apparel
1296,ord_00007574,2025-12-12 00:00:00.000000000,46.6,apparel
1297,ord_00007575,2025-11-24 00:00:00.000000000,71.46,beauty
1298,ord_00007576,2025-03-10 00:00:00.000000000,41.03,apparel
1299,ord_00007577,2025-11-23 00:00:00.000000000,139.02,beauty
1299,ord_00007578,2025-12-22 12:41:11.603090288,117.33,apparel
1299,ord_00007579,2026-02-14 14:09:40.455342176,75.56,outdoor
1299,ord_00007580,2026-04-15 20:42:10.352604959,44.51,beauty
1299,ord_00007581,2026-06-13 18:42:10.674933541,49.67,beauty
1300,ord_00007582,2026-02-12 00:00:00.000000000,50.49,apparel
1301,ord_00007583,2025-09-22 00:00:00.000000000,42.81,home_goods
1302,ord_00007584,2026-04-29 00:00:00.000000000,40.9,outdoor
1302,ord_00007585,2026-05-19 18:48:12.514379724,54.16,apparel
1302,ord_00007586,2026-06-11 07:01:56.497983094,68.35,electronics_accessories
1302,ord_00007587,2026-07-08 22:46:31.477949128,64.63,home_goods
1303,ord_00007588,2026-05-03 00:00:00.000000000,69.97,electronics_accessories
1303,ord_00007589,2026-05-13 05:50:25.060135582,66.81,outdoor
1303,ord_00007590,2026-05-23 16:51:06.767470775,41.51,outdoor
1303,ord_00007591,2026-06-01 02:56:26.314838394,81.15,beauty
1303,ord_00007592,2026-06-05 16:53:44.979167516,21.77,outdoor
1303,ord_00007593,2026-06-14 13:49:43.316738775,136.41,home_goods
1303,ord_00007594,2026-06-21 21:03:36.468535346,78.74,outdoor
1303,ord_00007595,2026-07-06 19:49:23.800447991,22.53,home_goods
1303,ord_00007596,2026-07-16 22:31:56.207700577,54.81,outdoor
1303,ord_00007597,2026-07-24 01:21:20.490535751,42.17,beauty
1303,ord_00007598,2026-07-28 22:30:31.930735544,48.25,home_goods
1304,ord_00007599,2024-11-15 00:00:00.000000000,86.77,apparel
1305,ord_00007600,2025-08-01 00:00:00.000000000,18.18,home_goods
1305,ord_00007601,2025-08-20 13:25:24.639599216,57.38,beauty
1305,ord_00007602,2025-09-20 09:56:48.164249423,54.65,apparel
1305,ord_00007603,2025-11-04 05:01:23.766126695,103.94,beauty
1305,ord_00007604,2025-11-28 12:55:42.340795391,52.88,apparel
1305,ord_00007605,2026-01-02 23:25:00.622269574,33.49,apparel
1305,ord_00007606,2026-01-24 08:03:03.577089614,20.63,home_goods
1305,ord_00007607,2026-02-20 23:15:22.498875623,55.85,electronics_accessories
1305,ord_00007608,2026-03-12 08:17:41.494139285,29.09,outdoor
1305,ord_00007609,2026-04-08 21:25:34.836371066,45.97,home_goods
1305,ord_00007610,2026-05-05 09:47:15.839915454,36.15,beauty
1305,ord_00007611,2026-06-07 08:39:46.013392948,60.49,outdoor
1305,ord_00007612,2026-07-24 04:04:12.386603633,44.13,electronics_accessories
1306,ord_00007613,2025-04-24 00:00:00.000000000,33.92,outdoor
1306,ord_00007614,2025-05-14 23:44:14.630272473,79.99,home_goods
1306,ord_00007615,2025-06-12 18:54:51.193516462,31.11,apparel
1306,ord_00007616,2025-07-06 00:10:48.699004308,64.54,apparel
1306,ord_00007617,2025-07-26 07:59:03.665315363,80.63,electronics_accessories
1306,ord_00007618,2025-08-19 06:32:25.624538544,56.87,electronics_accessories
1306,ord_00007619,2025-09-21 03:13:29.119515623,16.46,outdoor
1306,ord_00007620,2025-10-16 10:00:35.770764759,85.36,home_goods
1306,ord_00007621,2025-11-09 00:18:09.138148980,222.49,electronics_accessories
1306,ord_00007622,2025-12-05 10:39:28.808760992,26.48,apparel
1306,ord_00007623,2025-12-26 06:10:38.752657589,38.22,outdoor
1306,ord_00007624,2026-01-18 07:40:57.102571508,35.34,beauty
1306,ord_00007625,2026-02-06 03:59:26.918699999,31.11,electronics_accessories
1306,ord_00007626,2026-02-19 20:56:01.878601026,60.21,apparel
1306,ord_00007627,2026-03-16 01:26:26.056648680,45.39,outdoor
1306,ord_00007628,2026-04-09 06:37:01.755720113,35.34,home_goods
1306,ord_00007629,2026-04-29 07:04:25.214198875,40.17,home_goods
1306,ord_00007630,2026-05-29 01:43:35.564690283,34.69,beauty
1306,ord_00007631,2026-06-15 15:32:33.800430060,68.16,outdoor
1306,ord_00007632,2026-06-28 11:23:58.891708499,20.56,apparel
1306,ord_00007633,2026-07-16 04:19:33.753788381,82.47,beauty
1306,ord_00007634,2026-07-29 22:13:09.105651569,24.74,home_goods
1307,ord_00007635,2025-08-06 00:00:00.000000000,36.92,beauty
1307,ord_00007636,2025-09-02 21:03:17.943713657,30.12,apparel
1307,ord_00007637,2025-09-23 05:32:06.534776837,92.21,home_goods
1307,ord_00007638,2025-10-15 11:50:16.255653384,41.4,home_goods
1307,ord_00007639,2025-11-05 23:48:05.190768761,84.62,beauty
1307,ord_00007640,2025-11-20 14:05:20.100136385,28.78,outdoor
1307,ord_00007641,2025-12-25 06:34:20.644579266,118.2,outdoor
1307,ord_00007642,2026-01-22 00:42:29.515969193,47.7,electronics_accessories
1307,ord_00007643,2026-02-09 05:07:01.249160113,29.29,electronics_accessories
1307,ord_00007644,2026-03-05 07:34:03.324786163,46.03,electronics_accessories
1307,ord_00007645,2026-04-04 19:01:06.068453776,69.6,home_goods
1307,ord_00007646,2026-04-27 22:19:22.717846871,54.1,home_goods
1307,ord_00007647,2026-06-03 05:28:43.451077398,99.27,apparel
1307,ord_00007648,2026-07-27 19:57:36.282940272,58.39,electronics_accessories
1308,ord_00007649,2025-07-12 00:00:00.000000000,76.98,apparel
1308,ord_00007650,2025-08-24 20:35:21.777751807,45.16,electronics_accessories
1308,ord_00007651,2025-09-21 21:33:34.270408864,113.5,beauty
1308,ord_00007652,2025-11-02 06:17:07.060830264,53.24,electronics_accessories
1308,ord_00007653,2025-12-01 13:05:35.968701406,65.55,beauty
1308,ord_00007654,2026-01-06 18:40:24.267050911,43.12,outdoor
1308,ord_00007655,2026-03-12 09:39:03.566635287,28.82,home_goods
1308,ord_00007656,2026-04-23 09:04:43.097852557,46.89,home_goods
1308,ord_00007657,2026-05-29 18:42:16.397016464,21.54,electronics_accessories
1308,ord_00007658,2026-06-23 18:51:36.869022806,82.36,apparel
1308,ord_00007659,2026-07-27 04:01:35.570201222,49.21,home_goods
1309,ord_00007660,2026-02-02 00:00:00.000000000,43.53,home_goods
1310,ord_00007661,2026-03-27 00:00:00.000000000,136.48,beauty
1310,ord_00007662,2026-05-05 05:51:58.573432578,78.82,beauty
1310,ord_00007663,2026-05-17 11:23:04.979339178,63.27,beauty
1310,ord_00007664,2026-06-06 08:18:59.716251777,92.95,home_goods
1310,ord_00007665,2026-07-08 21:46:05.697428747,128.08,apparel
1310,ord_00007666,2026-07-29 11:21:28.563564359,48.54,electronics_accessories
1311,ord_00007667,2026-02-10 00:00:00.000000000,39.86,outdoor
1312,ord_00007668,2026-01-16 00:00:00.000000000,33.01,home_goods
1312,ord_00007669,2026-04-02 01:54:00.026618510,34.4,beauty
1312,ord_00007670,2026-05-31 11:23:00.776714118,30.46,beauty
1312,ord_00007671,2026-08-03 18:33:30.275833302,30.91,apparel
1313,ord_00007672,2026-01-17 00:00:00.000000000,27.93,beauty
1313,ord_00007673,2026-07-18 22:30:34.677572994,20.35,home_goods
1314,ord_00007674,2025-12-21 00:00:00.000000000,34.27,apparel
1315,ord_00007675,2024-10-14 00:00:00.000000000,33.23,beauty
1316,ord_00007676,2026-01-10 00:00:00.000000000,14.49,outdoor
1316,ord_00007677,2026-02-19 05:56:41.403294240,71.34,beauty
1316,ord_00007678,2026-04-27 00:22:08.462955093,34.56,apparel
1316,ord_00007679,2026-06-10 00:06:52.073641650,131.51,outdoor
1316,ord_00007680,2026-07-21 11:13:40.533307757,79.68,apparel
1317,ord_00007681,2026-07-02 00:00:00.000000000,42.46,electronics_accessories
1318,ord_00007682,2025-06-20 00:00:00.000000000,78.67,electronics_accessories
1319,ord_00007683,2024-10-20 00:00:00.000000000,34.49,apparel
1319,ord_00007684,2024-11-05 09:32:28.691394567,50.31,home_goods
1319,ord_00007685,2024-12-01 15:04:23.983773863,55.69,outdoor
1319,ord_00007686,2024-12-29 10:58:17.291271182,58.25,home_goods
1319,ord_00007687,2025-01-21 12:53:11.253714810,95.27,beauty
1319,ord_00007688,2025-02-02 13:37:04.316992859,69.72,home_goods
1319,ord_00007689,2025-02-27 01:34:46.564776057,25.13,home_goods
1319,ord_00007690,2025-03-27 22:58:33.019626044,64.07,beauty
1319,ord_00007691,2025-04-17 13:00:19.001996571,48.79,home_goods
1319,ord_00007692,2025-05-22 22:21:12.004700925,23.02,beauty
1319,ord_00007693,2025-06-05 01:52:40.904043275,63.1,apparel
1319,ord_00007694,2025-06-29 01:47:56.304085616,53.82,home_goods
1319,ord_00007695,2025-07-13 11:06:56.139937700,49.8,electronics_accessories
1319,ord_00007696,2025-08-09 07:22:05.113189778,69.65,apparel
1319,ord_00007697,2025-09-01 18:59:29.565602899,35.17,home_goods
1319,ord_00007698,2025-10-05 08:03:57.972083832,48.01,apparel
1319,ord_00007699,2025-10-28 00:52:41.058566985,113.53,outdoor
1319,ord_00007700,2025-11-14 08:18:47.322511736,77.28,home_goods
1319,ord_00007701,2025-12-01 05:02:16.241527876,27.54,outdoor
1319,ord_00007702,2025-12-19 08:05:38.178567155,56.76,electronics_accessories
1319,ord_00007703,2026-01-05 02:26:21.632865983,40.08,apparel
1319,ord_00007704,2026-02-03 08:57:00.670762147,28.01,electronics_accessories
1319,ord_00007705,2026-03-04 00:33:31.255147977,53.59,outdoor
1319,ord_00007706,2026-03-16 11:53:31.398272117,43.23,apparel
1319,ord_00007707,2026-04-05 06:17:06.363528887,66.49,electronics_accessories
1319,ord_00007708,2026-04-25 04:07:29.765837646,27.78,outdoor
1319,ord_00007709,2026-05-10 15:06:06.291825748,60.29,beauty
1319,ord_00007710,2026-06-01 21:57:38.658703578,40.51,home_goods
1319,ord_00007711,2026-07-02 04:51:24.215859432,56.88,apparel
1319,ord_00007712,2026-07-27 17:40:35.302845263,18.33,outdoor
1320,ord_00007713,2025-01-20 00:00:00.000000000,46.81,beauty
1320,ord_00007714,2025-02-16 20:48:25.561231035,64.11,apparel
1320,ord_00007715,2025-03-06 15:55:28.125730542,68.74,apparel
1320,ord_00007716,2025-04-01 05:08:53.620073982,28.18,home_goods
1320,ord_00007717,2025-04-17 13:27:11.693369017,35.9,beauty
1320,ord_00007718,2025-05-12 00:17:10.367734496,52.89,home_goods
1320,ord_00007719,2025-06-08 06:47:59.393057455,37.53,home_goods
1320,ord_00007720,2025-07-16 02:53:04.429966947,67.28,apparel
1320,ord_00007721,2025-08-11 09:24:44.458671254,44.22,apparel
1320,ord_00007722,2025-08-30 11:52:05.724424611,76.68,apparel
1320,ord_00007723,2025-10-07 16:34:25.056133350,42.25,home_goods
1320,ord_00007724,2025-10-30 18:59:54.348031873,52.94,outdoor
1320,ord_00007725,2025-11-30 13:44:41.206022210,56.48,apparel
1320,ord_00007726,2025-12-20 21:06:39.656145444,30.4,outdoor
1320,ord_00007727,2026-01-14 23:01:37.633233743,31.24,outdoor
1320,ord_00007728,2026-02-03 03:36:54.901315980,52.31,home_goods
1320,ord_00007729,2026-03-02 00:49:00.097472612,53.39,apparel
1320,ord_00007730,2026-04-02 02:18:00.762230402,35.08,electronics_accessories
1320,ord_00007731,2026-04-23 03:14:34.221549997,69.8,apparel
1320,ord_00007732,2026-05-13 19:44:31.964856036,41.4,beauty
1320,ord_00007733,2026-06-09 23:40:03.226677625,35.45,electronics_accessories
1320,ord_00007734,2026-06-29 00:59:09.367446344,51.56,outdoor
1320,ord_00007735,2026-07-14 12:28:06.011474635,37.98,outdoor
1321,ord_00007736,2025-04-06 00:00:00.000000000,23.85,electronics_accessories
1322,ord_00007737,2025-12-27 00:00:00.000000000,93.77,home_goods
1323,ord_00007738,2026-04-13 00:00:00.000000000,55.32,outdoor
1324,ord_00007739,2026-03-23 00:00:00.000000000,47.39,outdoor
1324,ord_00007740,2026-04-09 23:44:30.675815943,46.48,outdoor
1324,ord_00007741,2026-04-27 18:31:30.792004193,42.9,home_goods
1324,ord_00007742,2026-05-28 03:38:02.439477686,58.67,beauty
1324,ord_00007743,2026-06-30 05:31:34.136289588,26.92,apparel
1325,ord_00007744,2025-02-12 00:00:00.000000000,68.43,electronics_accessories
1326,ord_00007745,2025-01-17 00:00:00.000000000,49.69,beauty
1326,ord_00007746,2025-03-18 06:57:11.997121311,58.61,apparel
1326,ord_00007747,2025-04-25 21:10:19.796643227,75.91,electronics_accessories
1326,ord_00007748,2025-06-05 03:00:23.172811672,117.83,apparel
1326,ord_00007749,2025-08-10 04:28:19.646830016,55.15,apparel
1326,ord_00007750,2025-09-08 09:40:47.059158620,113.27,electronics_accessories
1326,ord_00007751,2025-10-17 11:17:33.741631988,49.53,outdoor
1326,ord_00007752,2025-12-18 07:45:46.525141160,36.49,home_goods
1326,ord_00007753,2026-01-28 16:58:35.766503853,61.54,outdoor
1326,ord_00007754,2026-03-10 04:14:27.614830392,37.02,apparel
1326,ord_00007755,2026-04-19 21:25:46.685532640,37.47,beauty
1326,ord_00007756,2026-06-04 13:25:56.173590400,38.18,beauty
1326,ord_00007757,2026-08-04 15:09:22.019639020,75.67,apparel
1327,ord_00007758,2026-07-15 00:00:00.000000000,92.25,home_goods
1328,ord_00007759,2025-11-26 00:00:00.000000000,110.65,apparel
1328,ord_00007760,2026-01-20 15:29:38.388312974,39.24,beauty
1328,ord_00007761,2026-03-06 16:49:28.522948849,15.27,apparel
1328,ord_00007762,2026-04-09 19:34:41.160877098,67.92,outdoor
1328,ord_00007763,2026-06-28 10:39:55.379523389,46.95,outdoor
1329,ord_00007764,2024-09-29 00:00:00.000000000,14.19,apparel
1330,ord_00007765,2026-05-09 00:00:00.000000000,28.76,home_goods
1331,ord_00007766,2025-07-10 00:00:00.000000000,23.88,beauty
1331,ord_00007767,2025-08-23 18:14:43.291776069,21.63,electronics_accessories
1331,ord_00007768,2025-10-08 19:41:50.160618221,58.46,outdoor
1331,ord_00007769,2025-12-12 06:15:37.285018649,24.41,apparel
1331,ord_00007770,2026-03-01 10:40:13.179804985,59.73,outdoor
1331,ord_00007771,2026-04-24 11:00:57.395034930,83.55,beauty
1331,ord_00007772,2026-07-28 02:42:34.341960613,76.53,home_goods
1332,ord_00007773,2026-01-01 00:00:00.000000000,56.72,electronics_accessories
1333,ord_00007774,2025-09-12 00:00:00.000000000,38.96,beauty
1334,ord_00007775,2026-05-16 00:00:00.000000000,68.75,beauty
1334,ord_00007776,2026-05-30 07:22:04.900386357,47.58,electronics_accessories
1334,ord_00007777,2026-06-18 14:46:52.399273714,23.96,outdoor
1334,ord_00007778,2026-07-15 18:19:32.577058341,33.07,beauty
1335,ord_00007779,2024-10-05 00:00:00.000000000,34.11,home_goods
1335,ord_00007780,2024-12-24 11:23:19.057593412,80.0,beauty
1335,ord_00007781,2025-03-26 11:20:40.220403696,57.59,beauty
1335,ord_00007782,2025-05-31 09:44:50.461997144,47.21,beauty
1335,ord_00007783,2025-07-18 10:46:17.290137539,24.85,electronics_accessories
1335,ord_00007784,2025-09-20 00:13:05.740471381,22.98,home_goods
1335,ord_00007785,2025-11-10 22:03:57.036063429,40.63,apparel
1335,ord_00007786,2026-01-28 12:22:51.181186291,47.21,outdoor
1335,ord_00007787,2026-03-27 10:42:38.501936556,77.98,apparel
1335,ord_00007788,2026-05-29 02:04:42.244620732,57.37,beauty
1336,ord_00007789,2026-05-08 00:00:00.000000000,35.54,home_goods
1336,ord_00007790,2026-06-04 14:47:23.125170876,45.68,electronics_accessories
1336,ord_00007791,2026-06-22 16:55:55.567515992,84.12,beauty
1336,ord_00007792,2026-07-22 13:40:12.131285659,39.61,electronics_accessories
1337,ord_00007793,2026-07-06 00:00:00.000000000,52.03,beauty
1338,ord_00007794,2024-12-10 00:00:00.000000000,42.48,beauty
1338,ord_00007795,2025-01-08 19:07:26.987204381,37.74,outdoor
1338,ord_00007796,2025-02-19 19:49:20.975385206,48.8,outdoor
1338,ord_00007797,2025-03-15 20:50:39.310578575,46.64,home_goods
1338,ord_00007798,2025-05-03 05:57:56.474991265,25.97,beauty
1338,ord_00007799,2025-06-01 11:45:09.148859412,35.88,home_goods
1338,ord_00007800,2025-07-29 10:41:27.044832223,57.21,outdoor
1338,ord_00007801,2025-08-17 23:49:21.283297107,65.02,electronics_accessories
1338,ord_00007802,2025-10-24 06:19:29.310320066,62.11,electronics_accessories
1338,ord_00007803,2025-11-18 03:47:07.352585588,122.8,outdoor
1338,ord_00007804,2025-12-16 13:24:23.725207879,29.79,apparel
1338,ord_00007805,2026-01-30 02:04:41.250724013,67.99,apparel
1338,ord_00007806,2026-03-20 02:18:26.270806815,46.76,apparel
1338,ord_00007807,2026-04-26 11:39:03.286403892,59.45,home_goods
1338,ord_00007808,2026-06-18 16:36:33.641468544,38.28,outdoor
1338,ord_00007809,2026-07-20 17:54:53.587922832,62.67,outdoor
1339,ord_00007810,2025-03-07 00:00:00.000000000,68.46,outdoor
1339,ord_00007811,2025-04-24 19:43:52.945510471,46.28,home_goods
1339,ord_00007812,2025-06-12 14:16:47.485090820,17.12,outdoor
1339,ord_00007813,2025-10-06 20:34:21.204707002,55.48,beauty
1339,ord_00007814,2025-11-17 07:50:44.062319430,55.47,home_goods
1339,ord_00007815,2026-01-21 10:23:19.762404934,56.85,outdoor
1339,ord_00007816,2026-05-15 19:22:18.694476060,67.7,apparel
1339,ord_00007817,2026-07-19 21:02:11.271012061,64.73,outdoor
1340,ord_00007818,2026-03-14 00:00:00.000000000,47.44,apparel
1341,ord_00007819,2024-10-26 00:00:00.000000000,61.69,home_goods
1342,ord_00007820,2025-02-25 00:00:00.000000000,18.35,apparel
1342,ord_00007821,2025-04-05 08:09:15.022465672,76.71,beauty
1342,ord_00007822,2025-05-30 23:39:59.108460519,62.82,apparel
1342,ord_00007823,2025-08-23 19:26:58.426104811,64.76,home_goods
1342,ord_00007824,2025-10-12 14:07:24.790247684,88.14,beauty
1342,ord_00007825,2026-01-13 03:34:30.691791556,48.44,beauty
1342,ord_00007826,2026-03-10 01:50:40.803959132,22.59,beauty
1342,ord_00007827,2026-05-01 10:19:00.611937261,37.91,outdoor
1342,ord_00007828,2026-06-25 13:46:19.541119602,77.76,beauty
1343,ord_00007829,2026-03-28 00:00:00.000000000,22.43,beauty
1344,ord_00007830,2026-01-11 00:00:00.000000000,62.82,home_goods
1344,ord_00007831,2026-02-21 12:44:36.993035810,29.5,outdoor
1344,ord_00007832,2026-04-30 11:41:13.076922213,53.82,beauty
1344,ord_00007833,2026-06-01 08:23:18.660417533,64.28,home_goods
1344,ord_00007834,2026-07-21 19:09:36.361814332,41.29,outdoor
1345,ord_00007835,2026-01-20 00:00:00.000000000,64.01,beauty
1345,ord_00007836,2026-04-02 20:01:15.906601557,22.96,apparel
1345,ord_00007837,2026-05-21 00:13:47.855940622,76.25,beauty
1345,ord_00007838,2026-06-19 03:51:27.495415070,46.9,outdoor
1345,ord_00007839,2026-08-06 03:49:03.805467421,128.15,beauty
1346,ord_00007840,2026-02-19 00:00:00.000000000,48.6,electronics_accessories
1346,ord_00007841,2026-06-03 04:41:20.437947281,48.51,beauty
1347,ord_00007842,2024-08-19 00:00:00.000000000,36.7,home_goods
1348,ord_00007843,2025-06-24 00:00:00.000000000,41.36,apparel
1349,ord_00007844,2025-02-22 00:00:00.000000000,42.29,electronics_accessories
1350,ord_00007845,2026-07-26 00:00:00.000000000,51.87,apparel
1351,ord_00007846,2026-03-03 00:00:00.000000000,69.65,electronics_accessories
1351,ord_00007847,2026-03-13 17:59:52.838036163,19.77,beauty
1351,ord_00007848,2026-03-24 09:36:53.766122882,41.36,apparel
1351,ord_00007849,2026-04-10 21:44:05.995633385,52.25,outdoor
1351,ord_00007850,2026-04-21 01:29:54.330517771,31.24,apparel
1351,ord_00007851,2026-05-05 15:37:41.975379452,50.52,electronics_accessories
1351,ord_00007852,2026-05-23 17:31:36.799709907,26.47,outdoor
1351,ord_00007853,2026-06-02 14:52:45.960147245,67.38,apparel
1351,ord_00007854,2026-06-14 09:23:26.096675513,87.71,outdoor
1351,ord_00007855,2026-07-04 10:43:51.534482973,28.54,outdoor
1351,ord_00007856,2026-07-17 05:40:24.082867790,131.04,outdoor
1351,ord_00007857,2026-07-30 14:14:26.238558218,51.71,home_goods
1352,ord_00007858,2025-09-28 00:00:00.000000000,91.1,home_goods
1352,ord_00007859,2025-12-06 15:53:52.098415641,53.54,electronics_accessories
1352,ord_00007860,2026-01-20 14:34:48.632856414,33.29,electronics_accessories
1352,ord_00007861,2026-03-18 22:13:15.534205272,59.01,apparel
1352,ord_00007862,2026-04-29 22:22:47.753266070,28.02,home_goods
1352,ord_00007863,2026-05-30 13:04:02.149046049,77.48,apparel
1352,ord_00007864,2026-07-03 11:16:28.325868351,40.8,electronics_accessories
1352,ord_00007865,2026-08-02 05:57:43.147474541,42.58,beauty
1353,ord_00007866,2025-05-20 00:00:00.000000000,71.02,beauty
1354,ord_00007867,2024-08-20 00:00:00.000000000,34.07,electronics_accessories
1355,ord_00007868,2025-09-18 00:00:00.000000000,28.51,beauty
1355,ord_00007869,2025-10-23 15:28:18.902036655,165.85,electronics_accessories
1355,ord_00007870,2025-11-24 20:30:52.829091941,55.97,home_goods
1355,ord_00007871,2025-12-26 05:11:41.146964441,75.77,beauty
1355,ord_00007872,2026-01-28 05:26:28.064373920,80.77,electronics_accessories
1355,ord_00007873,2026-03-01 10:19:05.561238948,110.3,apparel
1355,ord_00007874,2026-03-27 04:33:20.083238817,75.44,home_goods
1355,ord_00007875,2026-05-11 13:39:03.112107948,56.35,apparel
1355,ord_00007876,2026-06-08 17:43:08.507383238,46.14,outdoor
1355,ord_00007877,2026-07-12 13:55:28.664351202,48.34,home_goods
1355,ord_00007878,2026-07-30 03:01:53.579146806,59.79,apparel
1356,ord_00007879,2025-07-21 00:00:00.000000000,27.04,home_goods
1357,ord_00007880,2024-12-31 00:00:00.000000000,41.09,outdoor
1358,ord_00007881,2026-03-25 00:00:00.000000000,41.82,outdoor
1359,ord_00007882,2025-03-24 00:00:00.000000000,61.33,electronics_accessories
1359,ord_00007883,2025-04-12 19:07:15.831970017,49.1,outdoor
1359,ord_00007884,2025-06-07 20:30:45.310486873,74.63,electronics_accessories
1359,ord_00007885,2025-07-02 22:18:36.715683880,44.57,home_goods
1359,ord_00007886,2025-08-06 01:10:09.798292470,87.81,beauty
1359,ord_00007887,2025-08-30 07:29:23.098886851,62.15,beauty
1359,ord_00007888,2025-09-21 14:09:29.423532391,28.8,outdoor
1359,ord_00007889,2025-10-22 21:03:10.073966916,61.77,electronics_accessories
1359,ord_00007890,2025-11-19 17:19:25.968817891,14.85,beauty
1359,ord_00007891,2025-12-13 03:39:42.125215786,61.23,electronics_accessories
1359,ord_00007892,2026-01-15 01:43:42.598970454,55.31,outdoor
1359,ord_00007893,2026-02-05 09:39:07.317521676,28.44,electronics_accessories
1359,ord_00007894,2026-03-11 22:47:32.516115001,67.64,beauty
1359,ord_00007895,2026-04-12 23:22:33.185493948,64.89,apparel
1359,ord_00007896,2026-04-28 18:47:20.189254346,59.75,beauty
1359,ord_00007897,2026-05-27 05:19:27.423617105,84.46,home_goods
1359,ord_00007898,2026-07-04 12:18:35.024875155,36.7,home_goods
1359,ord_00007899,2026-07-28 16:41:23.973785377,95.65,electronics_accessories
1360,ord_00007900,2026-03-08 00:00:00.000000000,45.14,beauty
1361,ord_00007901,2025-08-14 00:00:00.000000000,34.95,electronics_accessories
1361,ord_00007902,2025-09-26 02:17:49.950607910,41.66,apparel
1361,ord_00007903,2025-11-04 22:05:27.296224488,46.61,beauty
1361,ord_00007904,2025-12-03 11:38:49.821289333,73.8,electronics_accessories
1361,ord_00007905,2026-01-31 14:36:41.090500235,36.78,outdoor
1361,ord_00007906,2026-03-06 08:56:22.978403497,42.57,home_goods
1361,ord_00007907,2026-04-28 04:44:47.714700709,48.08,apparel
1361,ord_00007908,2026-06-23 23:10:42.038034626,125.08,apparel
1362,ord_00007909,2026-06-11 00:00:00.000000000,55.07,outdoor
1363,ord_00007910,2025-02-25 00:00:00.000000000,52.4,beauty
1363,ord_00007911,2025-07-09 02:27:24.514697900,26.85,beauty
1363,ord_00007912,2026-03-06 16:44:05.602270352,58.8,apparel
1363,ord_00007913,2026-06-26 17:09:02.820545038,56.18,electronics_accessories
1364,ord_00007914,2026-04-30 00:00:00.000000000,47.13,electronics_accessories
1365,ord_00007915,2025-11-02 00:00:00.000000000,64.96,beauty
1366,ord_00007916,2024-10-13 00:00:00.000000000,19.12,electronics_accessories
1367,ord_00007917,2025-09-20 00:00:00.000000000,108.92,electronics_accessories
1368,ord_00007918,2025-06-07 00:00:00.000000000,140.99,outdoor
1369,ord_00007919,2024-10-10 00:00:00.000000000,18.55,beauty
1370,ord_00007920,2025-05-08 00:00:00.000000000,72.6,outdoor
1371,ord_00007921,2025-05-22 00:00:00.000000000,103.66,home_goods
1372,ord_00007922,2026-07-18 00:00:00.000000000,45.99,electronics_accessories
1373,ord_00007923,2025-10-01 00:00:00.000000000,41.21,home_goods
1374,ord_00007924,2026-07-03 00:00:00.000000000,56.05,electronics_accessories
1374,ord_00007925,2026-07-30 19:13:13.160147046,90.29,beauty
1375,ord_00007926,2025-09-25 00:00:00.000000000,60.42,apparel
1375,ord_00007927,2025-10-11 17:52:18.615525032,56.81,beauty
1375,ord_00007928,2025-10-21 01:03:12.702964142,35.63,apparel
1375,ord_00007929,2025-11-01 01:23:03.216600298,50.95,apparel
1375,ord_00007930,2025-11-11 07:53:49.206584869,17.8,electronics_accessories
1375,ord_00007931,2025-11-21 12:49:52.688084175,39.39,apparel
1375,ord_00007932,2025-11-29 12:04:41.001220135,55.7,home_goods
1375,ord_00007933,2025-12-09 21:45:33.796912540,50.78,home_goods
1375,ord_00007934,2025-12-24 21:39:55.600442025,18.89,beauty
1375,ord_00007935,2026-01-06 05:31:08.070918519,56.33,beauty
1375,ord_00007936,2026-01-20 14:07:22.367342546,51.75,outdoor
1375,ord_00007937,2026-01-31 05:21:59.995493708,79.84,apparel
1375,ord_00007938,2026-02-16 09:42:46.730782966,78.65,apparel
1375,ord_00007939,2026-02-27 00:01:05.475074453,85.59,apparel
1375,ord_00007940,2026-03-05 13:22:07.681993838,31.56,apparel
1375,ord_00007941,2026-03-19 03:05:11.158364526,42.9,home_goods
1375,ord_00007942,2026-04-03 15:58:02.498568509,23.95,beauty
1375,ord_00007943,2026-04-14 02:25:13.954729337,99.36,beauty
1375,ord_00007944,2026-05-01 18:52:31.338628376,40.31,home_goods
1375,ord_00007945,2026-05-11 08:21:36.004772291,21.59,home_goods
1375,ord_00007946,2026-05-26 10:35:01.033632912,27.16,home_goods
1375,ord_00007947,2026-06-16 06:31:04.158186488,41.04,outdoor
1375,ord_00007948,2026-06-28 18:00:08.726547271,35.39,home_goods
1375,ord_00007949,2026-07-10 06:44:52.997335563,37.93,outdoor
1375,ord_00007950,2026-07-22 05:42:28.350414257,41.29,beauty
1376,ord_00007951,2025-12-03 00:00:00.000000000,35.38,apparel
1377,ord_00007952,2025-08-20 00:00:00.000000000,23.88,apparel
1377,ord_00007953,2025-09-06 07:19:04.479507414,60.83,apparel
1377,ord_00007954,2025-10-07 13:08:37.742949831,69.05,home_goods
1377,ord_00007955,2025-11-18 00:28:05.656805120,51.23,apparel
1377,ord_00007956,2025-12-22 05:07:21.290848675,57.08,electronics_accessories
1377,ord_00007957,2026-01-18 15:48:26.825677813,48.65,home_goods
1377,ord_00007958,2026-02-08 03:42:20.496547778,33.17,electronics_accessories
1377,ord_00007959,2026-03-02 22:49:06.159765008,69.52,beauty
1377,ord_00007960,2026-04-06 01:36:57.101220058,69.42,outdoor
1377,ord_00007961,2026-04-18 14:22:02.533757136,41.89,beauty
1377,ord_00007962,2026-05-10 21:05:32.031642433,37.54,beauty
1377,ord_00007963,2026-06-10 20:17:32.007444610,22.17,electronics_accessories
1377,ord_00007964,2026-06-28 12:05:08.576296156,23.06,apparel
1377,ord_00007965,2026-07-26 17:08:12.871882441,24.59,electronics_accessories
1378,ord_00007966,2025-12-15 00:00:00.000000000,56.04,electronics_accessories
1378,ord_00007967,2026-01-14 10:13:32.411757950,34.55,electronics_accessories
1378,ord_00007968,2026-02-28 08:04:09.193144498,125.81,electronics_accessories
1378,ord_00007969,2026-04-04 09:32:51.283899476,52.57,beauty
1378,ord_00007970,2026-05-01 11:52:42.500619247,51.55,beauty
1378,ord_00007971,2026-06-16 13:53:08.878510445,76.49,outdoor
1378,ord_00007972,2026-07-29 10:10:58.096065675,37.89,electronics_accessories
1379,ord_00007973,2025-09-16 00:00:00.000000000,26.07,outdoor
1379,ord_00007974,2025-10-05 20:00:58.184725148,88.49,electronics_accessories
1379,ord_00007975,2025-10-14 22:29:24.050912634,46.89,electronics_accessories
1379,ord_00007976,2025-10-28 14:58:28.914131046,111.35,outdoor
1379,ord_00007977,2025-11-06 17:51:53.760115620,60.98,apparel
1379,ord_00007978,2025-11-17 11:26:55.118731020,29.25,electronics_accessories
1379,ord_00007979,2025-12-09 05:22:18.381343898,96.76,electronics_accessories
1379,ord_00007980,2025-12-29 09:06:59.876019667,62.56,beauty
1379,ord_00007981,2026-01-19 04:37:16.685489401,51.26,home_goods
1379,ord_00007982,2026-01-28 17:34:33.278762060,42.91,home_goods
1379,ord_00007983,2026-02-08 11:33:41.103653766,56.24,home_goods
1379,ord_00007984,2026-02-24 19:08:18.093855770,45.38,home_goods
1379,ord_00007985,2026-03-15 01:23:59.081939556,79.6,beauty
1379,ord_00007986,2026-03-26 15:36:24.992633490,61.56,home_goods
1379,ord_00007987,2026-04-08 00:50:53.217255870,89.09,apparel
1379,ord_00007988,2026-04-18 12:41:37.160489775,55.81,outdoor
1379,ord_00007989,2026-05-12 18:14:30.650393843,76.86,outdoor
1379,ord_00007990,2026-05-25 12:53:59.887821258,69.02,home_goods
1379,ord_00007991,2026-06-09 09:51:15.605239976,44.96,beauty
1379,ord_00007992,2026-06-24 12:27:33.016769609,133.2,electronics_accessories
1379,ord_00007993,2026-07-15 01:09:43.521738919,71.74,apparel
1379,ord_00007994,2026-07-26 02:53:31.073057351,47.37,outdoor
1380,ord_00007995,2025-09-02 00:00:00.000000000,91.53,outdoor
1381,ord_00007996,2026-02-25 00:00:00.000000000,66.75,electronics_accessories
1382,ord_00007997,2025-08-29 00:00:00.000000000,35.85,beauty
1383,ord_00007998,2025-04-11 00:00:00.000000000,70.5,electronics_accessories
1384,ord_00007999,2024-09-26 00:00:00.000000000,34.03,apparel
1384,ord_00008000,2024-11-20 07:08:36.764948812,75.8,outdoor
1384,ord_00008001,2025-01-29 15:31:55.456865101,16.87,electronics_accessories
1384,ord_00008002,2025-04-02 00:52:05.801773514,51.98,outdoor
1384,ord_00008003,2025-06-29 22:32:55.537112291,24.2,beauty
1384,ord_00008004,2025-08-30 09:23:21.139056001,21.82,electronics_accessories
1384,ord_00008005,2025-11-27 11:39:53.629926686,59.83,beauty
1384,ord_00008006,2026-02-20 07:16:10.079853024,63.5,home_goods
1384,ord_00008007,2026-04-24 17:02:54.634714673,42.42,home_goods
1385,ord_00008008,2024-09-14 00:00:00.000000000,31.23,outdoor
1385,ord_00008009,2024-11-12 21:34:39.647383978,42.83,apparel
1385,ord_00008010,2025-01-21 23:00:42.001002149,54.72,home_goods
1385,ord_00008011,2025-03-04 00:53:06.101885198,110.03,beauty
1385,ord_00008012,2025-04-22 06:35:45.295365416,59.79,apparel
1385,ord_00008013,2025-06-02 08:00:40.708923923,34.95,outdoor
1385,ord_00008014,2025-07-24 12:05:11.606405119,73.79,beauty
1385,ord_00008015,2025-09-01 20:07:55.884744039,23.04,home_goods
1385,ord_00008016,2025-10-15 14:00:48.572955496,44.81,beauty
1385,ord_00008017,2025-11-28 09:30:04.141670497,32.81,home_goods
1385,ord_00008018,2026-01-21 15:31:04.470562549,46.57,beauty
1385,ord_00008019,2026-03-12 08:54:05.378539044,44.55,beauty
1385,ord_00008020,2026-05-09 04:48:29.360677809,48.04,beauty
1385,ord_00008021,2026-06-26 07:28:10.467262110,25.64,outdoor
1385,ord_00008022,2026-08-07 01:27:06.724190622,136.58,outdoor
1386,ord_00008023,2026-05-11 00:00:00.000000000,66.03,home_goods
1387,ord_00008024,2025-02-15 00:00:00.000000000,41.22,home_goods
1387,ord_00008025,2025-02-24 11:07:02.089238723,48.41,apparel
1387,ord_00008026,2025-03-07 13:33:33.614884445,28.63,electronics_accessories
1387,ord_00008027,2025-03-25 01:41:08.676577041,48.01,home_goods
1387,ord_00008028,2025-04-02 15:32:05.414695991,173.09,electronics_accessories
1387,ord_00008029,2025-04-12 16:45:25.298881341,11.34,beauty
1387,ord_00008030,2025-04-26 08:23:25.113075317,57.47,home_goods
1387,ord_00008031,2025-05-11 07:44:24.825506711,34.55,electronics_accessories
1387,ord_00008032,2025-05-26 03:51:21.694583590,34.67,electronics_accessories
1387,ord_00008033,2025-06-04 19:58:20.052041001,90.13,apparel
1387,ord_00008034,2025-06-12 21:02:24.727471281,51.93,apparel
1387,ord_00008035,2025-06-28 03:35:54.606509416,86.97,electronics_accessories
1387,ord_00008036,2025-07-18 02:55:21.164943368,44.06,home_goods
1387,ord_00008037,2025-07-29 20:03:41.558592993,44.11,apparel
1387,ord_00008038,2025-08-08 01:15:14.860258868,64.28,home_goods
1387,ord_00008039,2025-08-19 11:20:57.678194034,67.84,beauty
1387,ord_00008040,2025-09-03 02:18:16.245712279,76.07,electronics_accessories
1387,ord_00008041,2025-09-15 05:03:50.733849141,43.05,home_goods
1387,ord_00008042,2025-10-05 00:40:26.030265766,64.07,home_goods
1387,ord_00008043,2025-10-22 04:13:26.598735475,23.45,outdoor
1387,ord_00008044,2025-11-04 21:46:42.045090030,63.03,electronics_accessories
1387,ord_00008045,2025-11-12 03:16:20.320638829,27.46,electronics_accessories
1387,ord_00008046,2025-11-22 16:37:09.984061099,81.5,electronics_accessories
1387,ord_00008047,2025-12-03 17:10:12.574571546,23.61,home_goods
1387,ord_00008048,2025-12-14 02:25:11.214223142,70.54,outdoor
1387,ord_00008049,2025-12-27 20:36:56.399728747,47.93,apparel
1387,ord_00008050,2026-01-10 16:51:37.996682953,41.99,beauty
1387,ord_00008051,2026-01-18 13:34:17.924527750,46.71,beauty
1387,ord_00008052,2026-02-04 02:31:30.468143178,39.19,electronics_accessories
1387,ord_00008053,2026-02-17 03:51:40.859993458,41.66,beauty
1387,ord_00008054,2026-03-03 15:00:09.802018532,28.8,electronics_accessories
1387,ord_00008055,2026-03-19 20:54:06.000630861,52.4,home_goods
1387,ord_00008056,2026-03-30 04:38:02.319707326,60.47,outdoor
1387,ord_00008057,2026-04-18 03:32:57.639314512,55.73,outdoor
1387,ord_00008058,2026-04-30 14:23:14.438907831,38.97,outdoor
1387,ord_00008059,2026-05-21 01:16:09.784192365,57.24,home_goods
1387,ord_00008060,2026-05-30 23:44:35.898304344,46.59,electronics_accessories
1387,ord_00008061,2026-06-19 23:48:16.345490297,56.33,beauty
1387,ord_00008062,2026-06-29 21:33:37.553716618,64.05,electronics_accessories
1387,ord_00008063,2026-07-27 19:25:26.426180522,45.37,electronics_accessories
1387,ord_00008064,2026-08-06 13:47:28.719192358,33.09,outdoor
1388,ord_00008065,2024-10-06 00:00:00.000000000,75.5,beauty
1389,ord_00008066,2025-04-08 00:00:00.000000000,70.8,beauty
1389,ord_00008067,2025-05-01 02:37:46.671378435,73.8,electronics_accessories
1389,ord_00008068,2025-05-13 09:50:52.046067872,11.32,electronics_accessories
1389,ord_00008069,2025-05-29 21:41:04.926397400,46.92,home_goods
1389,ord_00008070,2025-06-17 19:32:21.809937187,46.08,beauty
1389,ord_00008071,2025-07-04 03:35:27.857529782,77.72,electronics_accessories
1389,ord_00008072,2025-07-11 21:49:18.751926961,38.39,outdoor
1389,ord_00008073,2025-07-30 06:10:26.184619815,48.49,electronics_accessories
1389,ord_00008074,2025-08-23 13:16:43.884171272,63.45,home_goods
1389,ord_00008075,2025-09-13 05:11:08.038257574,54.46,outdoor
1389,ord_00008076,2025-09-21 20:17:29.057295852,75.24,beauty
1389,ord_00008077,2025-10-22 17:44:12.303629293,38.36,home_goods
1389,ord_00008078,2025-11-02 16:52:23.495566614,46.03,electronics_accessories
1389,ord_00008079,2025-11-14 12:17:07.356357161,65.63,home_goods
1389,ord_00008080,2025-12-05 03:30:00.324565289,52.11,home_goods
1389,ord_00008081,2025-12-23 20:10:00.919954932,44.21,home_goods
1389,ord_00008082,2026-01-09 13:23:40.047571941,23.04,home_goods
1389,ord_00008083,2026-01-23 07:33:50.394090002,49.43,beauty
1389,ord_00008084,2026-02-16 15:26:16.725207039,122.02,apparel
1389,ord_00008085,2026-03-04 18:31:03.345401314,29.46,home_goods
1389,ord_00008086,2026-03-14 23:22:36.201421269,54.65,beauty
1389,ord_00008087,2026-04-07 14:14:23.997126538,44.03,electronics_accessories
1389,ord_00008088,2026-04-25 00:32:46.245655139,45.45,apparel
1389,ord_00008089,2026-05-17 19:48:34.377103853,126.01,apparel
1389,ord_00008090,2026-06-06 04:52:54.430325742,40.12,home_goods
1389,ord_00008091,2026-07-09 15:31:43.523262542,13.95,outdoor
1389,ord_00008092,2026-07-24 12:25:19.680517329,74.57,apparel
1390,ord_00008093,2025-04-06 00:00:00.000000000,29.19,beauty
1391,ord_00008094,2025-12-30 00:00:00.000000000,35.34,outdoor
1391,ord_00008095,2026-02-16 06:23:56.368206521,91.92,electronics_accessories
1391,ord_00008096,2026-04-12 11:00:01.201281203,74.89,beauty
1391,ord_00008097,2026-05-26 11:34:15.223617939,77.85,home_goods
1392,ord_00008098,2025-12-06 00:00:00.000000000,24.23,outdoor
1392,ord_00008099,2025-12-12 17:33:53.975633595,51.28,outdoor
1392,ord_00008100,2025-12-24 03:41:15.843954794,59.27,home_goods
1392,ord_00008101,2026-01-03 00:16:13.429865221,36.62,apparel
1392,ord_00008102,2026-01-11 19:09:43.090021860,30.0,apparel
1392,ord_00008103,2026-01-25 23:30:40.452268881,36.13,home_goods
1392,ord_00008104,2026-02-02 20:23:56.949944907,57.27,home_goods
1392,ord_00008105,2026-02-11 19:12:03.092290603,42.0,apparel
1392,ord_00008106,2026-02-20 05:59:32.707447471,57.26,outdoor
1392,ord_00008107,2026-03-04 04:57:04.092676875,51.31,electronics_accessories
1392,ord_00008108,2026-03-10 07:57:13.375994833,71.27,beauty
1392,ord_00008109,2026-03-19 04:02:18.532685479,55.72,home_goods
1392,ord_00008110,2026-03-25 06:53:43.044522152,85.18,beauty
1392,ord_00008111,2026-04-03 15:04:11.389574471,52.45,beauty
1392,ord_00008112,2026-04-16 08:57:09.766474970,40.33,outdoor
1392,ord_00008113,2026-04-29 04:28:39.935376480,19.82,home_goods
1392,ord_00008114,2026-05-07 10:25:35.385570137,30.81,home_goods
1392,ord_00008115,2026-05-19 11:23:07.125096347,63.98,outdoor
1392,ord_00008116,2026-05-29 04:18:55.613825278,57.45,outdoor
1392,ord_00008117,2026-06-13 14:43:35.054757791,29.19,electronics_accessories
1392,ord_00008118,2026-06-23 11:32:45.666292048,97.55,apparel
1392,ord_00008119,2026-06-27 16:28:14.108816021,25.65,home_goods
1392,ord_00008120,2026-07-11 02:30:56.809099420,126.22,outdoor
1392,ord_00008121,2026-07-20 01:04:08.408430145,143.65,electronics_accessories
1392,ord_00008122,2026-07-29 11:51:34.958946882,41.65,outdoor
1393,ord_00008123,2024-11-05 00:00:00.000000000,77.81,electronics_accessories
1394,ord_00008124,2026-04-18 00:00:00.000000000,28.49,home_goods
1395,ord_00008125,2025-06-15 00:00:00.000000000,30.08,electronics_accessories
1395,ord_00008126,2025-07-18 09:51:39.112974631,64.19,apparel
1395,ord_00008127,2025-08-06 13:10:39.827192916,25.67,apparel
1395,ord_00008128,2025-08-30 05:52:57.330819790,29.44,outdoor
1395,ord_00008129,2025-09-30 04:03:17.326424670,38.0,home_goods
1395,ord_00008130,2025-11-02 23:20:30.471882897,62.96,electronics_accessories
1395,ord_00008131,2025-11-27 11:38:30.316249499,80.46,home_goods
1395,ord_00008132,2025-12-23 07:47:22.838483514,46.54,home_goods
1395,ord_00008133,2026-01-09 07:05:55.039699443,49.82,home_goods
1395,ord_00008134,2026-02-09 14:14:03.100151399,99.24,home_goods
1395,ord_00008135,2026-03-15 05:33:32.586229502,113.09,outdoor
1395,ord_00008136,2026-03-28 08:52:16.486923746,79.84,apparel
1395,ord_00008137,2026-05-06 10:41:11.191117866,89.26,home_goods
1395,ord_00008138,2026-05-25 02:32:32.100405468,42.05,outdoor
1395,ord_00008139,2026-06-21 15:04:57.879010133,37.69,beauty
1395,ord_00008140,2026-07-15 04:42:40.843486799,80.1,electronics_accessories
1395,ord_00008141,2026-08-06 19:24:40.313884163,48.15,outdoor
1396,ord_00008142,2026-07-13 00:00:00.000000000,83.44,apparel
1397,ord_00008143,2024-10-25 00:00:00.000000000,71.99,home_goods
1398,ord_00008144,2024-09-17 00:00:00.000000000,51.51,outdoor
1398,ord_00008145,2024-09-25 01:08:38.550274661,28.93,beauty
1398,ord_00008146,2024-10-07 23:39:56.157834271,63.69,apparel
1398,ord_00008147,2024-10-18 00:31:09.977331367,24.25,beauty
1398,ord_00008148,2024-10-26 14:24:44.278557618,26.22,electronics_accessories
1398,ord_00008149,2024-11-05 20:12:27.142932038,63.73,beauty
1398,ord_00008150,2024-11-15 23:34:32.412366091,48.19,apparel
1398,ord_00008151,2024-11-28 02:53:47.118456158,46.33,electronics_accessories
1398,ord_00008152,2024-12-04 07:57:19.602667689,58.64,home_goods
1398,ord_00008153,2024-12-14 02:23:01.198874317,38.56,apparel
1398,ord_00008154,2024-12-24 13:18:17.131195581,47.97,beauty
1398,ord_00008155,2024-12-31 05:47:48.440241392,44.93,beauty
1398,ord_00008156,2025-01-06 21:37:47.866543029,40.77,home_goods
1398,ord_00008157,2025-01-15 22:18:52.402564401,57.1,beauty
1398,ord_00008158,2025-01-26 00:40:18.278080826,99.51,outdoor
1398,ord_00008159,2025-02-05 03:17:06.441710042,32.93,beauty
1398,ord_00008160,2025-02-13 15:51:48.324135257,45.89,beauty
1398,ord_00008161,2025-02-22 01:56:29.993918888,172.55,home_goods
1398,ord_00008162,2025-03-03 00:39:16.937600309,26.72,outdoor
1398,ord_00008163,2025-03-14 01:02:28.162199207,44.76,outdoor
1398,ord_00008164,2025-03-28 16:12:03.753823114,51.46,beauty
1398,ord_00008165,2025-04-02 20:22:53.605997155,47.95,apparel
1398,ord_00008166,2025-04-14 23:47:55.582605978,41.58,apparel
1398,ord_00008167,2025-04-24 17:36:32.438548758,44.46,outdoor
1398,ord_00008168,2025-05-06 12:38:39.920480346,117.26,home_goods
1398,ord_00008169,2025-05-20 21:38:07.528461624,26.81,beauty
1398,ord_00008170,2025-05-28 22:22:14.446999200,62.8,apparel
1398,ord_00008171,2025-06-11 07:16:34.306018070,49.07,beauty
1398,ord_00008172,2025-06-18 05:13:07.982790146,29.98,outdoor
1398,ord_00008173,2025-06-28 16:23:24.597992433,64.15,apparel
1398,ord_00008174,2025-07-08 01:09:54.923538501,17.53,electronics_accessories
1398,ord_00008175,2025-07-18 06:16:59.236559092,59.95,beauty
1398,ord_00008176,2025-07-25 17:57:26.252204408,67.74,apparel
1398,ord_00008177,2025-08-06 05:32:56.321825975,44.66,electronics_accessories
1398,ord_00008178,2025-08-22 10:36:43.444536252,50.71,beauty
1398,ord_00008179,2025-08-29 23:12:52.308068523,27.96,home_goods
1398,ord_00008180,2025-09-09 15:06:17.530363444,43.38,home_goods
1398,ord_00008181,2025-09-22 15:36:31.932851700,27.88,outdoor
1398,ord_00008182,2025-10-01 20:45:25.493871468,42.36,home_goods
1398,ord_00008183,2025-10-17 00:19:39.274959895,23.93,apparel
1398,ord_00008184,2025-10-25 20:49:44.510785076,51.97,home_goods
1398,ord_00008185,2025-11-04 14:16:43.672555631,39.53,electronics_accessories
1398,ord_00008186,2025-11-12 01:43:51.721020742,65.83,home_goods
1398,ord_00008187,2025-11-22 12:49:34.704983607,164.16,outdoor
1398,ord_00008188,2025-12-02 14:47:01.816245298,21.8,beauty
1398,ord_00008189,2025-12-14 19:19:51.406878155,41.26,beauty
1398,ord_00008190,2025-12-23 03:03:58.870063858,65.86,apparel
1398,ord_00008191,2025-12-31 08:04:36.401126190,30.98,apparel
1398,ord_00008192,2026-01-11 21:47:37.961820040,26.52,home_goods
1398,ord_00008193,2026-01-27 05:24:00.580251771,36.56,home_goods
1398,ord_00008194,2026-02-08 09:20:35.203199229,42.25,apparel
1398,ord_00008195,2026-02-25 22:06:36.059758724,27.3,beauty
1398,ord_00008196,2026-03-09 19:40:07.342939064,62.56,outdoor
1398,ord_00008197,2026-03-21 14:09:31.383626801,23.94,electronics_accessories
1398,ord_00008198,2026-04-02 22:32:20.220579802,22.59,home_goods
1398,ord_00008199,2026-04-18 16:19:00.803269620,96.65,home_goods
1398,ord_00008200,2026-05-03 06:44:05.132995705,48.04,outdoor
1398,ord_00008201,2026-05-10 13:18:58.648468918,32.26,home_goods
1398,ord_00008202,2026-05-23 08:40:45.937270189,44.97,home_goods
1398,ord_00008203,2026-06-03 06:26:54.197100666,35.44,apparel
1398,ord_00008204,2026-06-12 18:30:59.818239324,46.83,outdoor
1398,ord_00008205,2026-06-18 16:32:16.264071067,98.03,beauty
1398,ord_00008206,2026-06-25 00:49:51.483473505,80.28,apparel
1398,ord_00008207,2026-07-04 01:31:52.466742322,53.8,home_goods
1398,ord_00008208,2026-07-10 13:18:59.044914426,33.61,outdoor
1398,ord_00008209,2026-07-19 15:22:02.102470575,50.93,electronics_accessories
1398,ord_00008210,2026-08-01 02:52:48.782269292,57.51,outdoor
1399,ord_00008211,2026-03-08 00:00:00.000000000,22.56,electronics_accessories
1399,ord_00008212,2026-05-06 01:44:16.721685401,45.77,beauty
1399,ord_00008213,2026-06-04 01:45:23.397093651,59.1,home_goods
1400,ord_00008214,2025-07-23 00:00:00.000000000,28.53,outdoor
1401,ord_00008215,2025-01-02 00:00:00.000000000,63.78,apparel
1402,ord_00008216,2026-07-24 00:00:00.000000000,60.12,home_goods
1403,ord_00008217,2026-01-28 00:00:00.000000000,55.76,beauty
1403,ord_00008218,2026-03-09 19:58:57.436891951,36.61,apparel
1403,ord_00008219,2026-05-03 08:45:01.796049004,144.2,home_goods
1403,ord_00008220,2026-06-24 05:13:27.512280111,71.53,apparel
1404,ord_00008221,2026-05-12 00:00:00.000000000,32.56,beauty
1405,ord_00008222,2025-07-07 00:00:00.000000000,69.41,outdoor
1406,ord_00008223,2024-11-03 00:00:00.000000000,49.47,beauty
1407,ord_00008224,2025-04-27 00:00:00.000000000,24.45,home_goods
1407,ord_00008225,2025-05-25 23:26:36.492920587,56.99,beauty
1407,ord_00008226,2025-08-10 23:02:42.102729669,63.94,home_goods
1407,ord_00008227,2025-10-17 22:10:03.387225199,47.48,beauty
1407,ord_00008228,2025-12-03 11:26:10.339105211,52.94,apparel
1407,ord_00008229,2026-01-31 04:58:20.133776218,49.36,apparel
1407,ord_00008230,2026-03-09 04:16:59.161665564,47.74,electronics_accessories
1407,ord_00008231,2026-04-27 22:57:12.597536545,135.21,beauty
1407,ord_00008232,2026-06-02 05:33:09.539175195,64.58,beauty
1407,ord_00008233,2026-06-28 21:40:42.505909760,36.15,beauty
1408,ord_00008234,2025-07-10 00:00:00.000000000,75.94,outdoor
1409,ord_00008235,2025-01-06 00:00:00.000000000,28.55,apparel
1409,ord_00008236,2025-02-10 09:50:22.300519748,80.93,outdoor
1409,ord_00008237,2025-05-05 21:43:31.054925602,62.88,home_goods
1409,ord_00008238,2025-07-14 12:36:19.650326660,50.07,apparel
1409,ord_00008239,2025-09-04 08:57:42.895577779,63.71,apparel
1409,ord_00008240,2025-11-04 11:58:11.564520789,44.76,home_goods
1409,ord_00008241,2026-01-09 20:21:50.341329114,162.15,apparel
1409,ord_00008242,2026-02-14 10:04:47.419407834,76.29,electronics_accessories
1409,ord_00008243,2026-05-13 07:13:50.052663603,192.53,apparel
1409,ord_00008244,2026-07-13 17:08:09.433932609,59.88,apparel
1410,ord_00008245,2026-02-16 00:00:00.000000000,98.79,electronics_accessories
1410,ord_00008246,2026-03-09 06:10:48.474992572,48.69,electronics_accessories
1410,ord_00008247,2026-03-22 10:23:15.073258119,31.52,beauty
1410,ord_00008248,2026-04-22 07:07:57.035497649,30.35,apparel
1410,ord_00008249,2026-05-08 22:43:41.318949650,22.7,apparel
1410,ord_00008250,2026-06-09 20:51:24.760322615,90.85,electronics_accessories
1410,ord_00008251,2026-07-03 21:43:46.474870703,40.34,home_goods
1410,ord_00008252,2026-07-29 04:59:00.612994005,40.13,apparel
1411,ord_00008253,2025-03-18 00:00:00.000000000,45.46,outdoor
1411,ord_00008254,2025-05-22 05:53:37.791005209,81.41,home_goods
1411,ord_00008255,2025-07-13 02:46:09.102426644,31.35,home_goods
1411,ord_00008256,2025-08-27 17:10:12.705583461,43.94,electronics_accessories
1411,ord_00008257,2025-11-28 21:55:04.439947200,110.54,outdoor
1411,ord_00008258,2026-01-18 02:45:26.868313191,47.02,outdoor
1411,ord_00008259,2026-04-07 01:11:53.290937999,84.1,outdoor
1411,ord_00008260,2026-07-05 04:37:33.938131667,21.44,beauty
1412,ord_00008261,2025-02-19 00:00:00.000000000,109.17,beauty
1412,ord_00008262,2025-04-12 13:14:39.368168881,52.88,home_goods
1412,ord_00008263,2025-06-05 17:21:48.511487236,51.55,beauty
1412,ord_00008264,2025-07-02 14:10:04.565672665,72.67,home_goods
1412,ord_00008265,2025-08-09 01:49:15.209771555,77.31,apparel
1412,ord_00008266,2025-09-08 02:44:17.342017932,55.78,outdoor
1412,ord_00008267,2025-10-10 18:11:17.950162551,118.76,outdoor
1412,ord_00008268,2025-11-22 15:47:04.423948642,47.94,outdoor
1412,ord_00008269,2025-12-24 21:31:32.708476440,21.46,home_goods
1412,ord_00008270,2026-01-31 16:17:26.679030197,107.69,home_goods
1412,ord_00008271,2026-03-20 04:24:32.625907385,33.53,apparel
1412,ord_00008272,2026-05-15 08:14:35.284503377,53.66,home_goods
1412,ord_00008273,2026-06-23 05:09:14.592319335,79.13,beauty
1412,ord_00008274,2026-07-30 03:26:10.150844784,31.99,outdoor
1413,ord_00008275,2024-08-26 00:00:00.000000000,71.89,beauty
1413,ord_00008276,2024-09-08 12:12:10.975626116,69.78,outdoor
1413,ord_00008277,2024-10-19 04:51:28.020602671,63.77,electronics_accessories
1413,ord_00008278,2024-11-19 03:26:16.578213262,118.9,electronics_accessories
1413,ord_00008279,2024-12-30 08:46:40.223509751,47.62,electronics_accessories
1413,ord_00008280,2025-01-29 19:38:25.489957083,45.11,electronics_accessories
1413,ord_00008281,2025-02-27 13:15:13.592713296,86.53,electronics_accessories
1413,ord_00008282,2025-03-25 17:28:07.240780913,31.84,home_goods
1413,ord_00008283,2025-04-16 21:14:23.202432451,156.23,beauty
1413,ord_00008284,2025-05-14 04:54:25.713370571,36.15,beauty
1413,ord_00008285,2025-06-03 01:12:32.513472868,63.86,home_goods
1413,ord_00008286,2025-06-20 01:12:11.499174725,36.41,apparel
1413,ord_00008287,2025-07-11 06:09:19.000208455,39.0,apparel
1413,ord_00008288,2025-08-14 18:31:59.008089267,24.67,outdoor
1413,ord_00008289,2025-08-30 23:02:08.019354190,68.48,apparel
1413,ord_00008290,2025-09-16 05:23:40.131484650,33.15,home_goods
1413,ord_00008291,2025-10-14 04:49:39.253869517,65.45,beauty
1413,ord_00008292,2025-11-03 21:17:06.480791524,26.99,home_goods
1413,ord_00008293,2025-11-30 23:44:19.831401927,58.82,outdoor
1413,ord_00008294,2026-01-01 12:26:52.452358749,70.19,electronics_accessories
1413,ord_00008295,2026-01-28 10:14:32.704629595,53.3,apparel
1413,ord_00008296,2026-02-16 19:23:12.628869527,42.86,beauty
1413,ord_00008297,2026-03-23 05:38:25.628409031,64.05,electronics_accessories
1413,ord_00008298,2026-04-21 12:08:58.562522272,40.99,apparel
1413,ord_00008299,2026-05-15 02:59:08.070522424,40.19,home_goods
1413,ord_00008300,2026-06-07 09:38:55.565687849,62.1,home_goods
1413,ord_00008301,2026-07-03 14:42:15.122620275,161.66,home_goods
1413,ord_00008302,2026-07-24 22:45:22.924422709,41.76,outdoor
1414,ord_00008303,2025-02-15 00:00:00.000000000,24.74,electronics_accessories
1414,ord_00008304,2025-03-05 04:58:17.062096156,30.52,outdoor
1414,ord_00008305,2025-03-26 20:25:28.586164331,83.71,outdoor
1414,ord_00008306,2025-04-26 03:39:22.561928156,39.08,outdoor
1414,ord_00008307,2025-05-27 02:50:50.835847815,36.31,beauty
1414,ord_00008308,2025-06-23 05:47:18.002831390,56.29,home_goods
1414,ord_00008309,2025-07-15 22:53:49.679273480,60.23,beauty
1414,ord_00008310,2025-08-06 08:37:46.073330496,72.06,home_goods
1414,ord_00008311,2025-08-25 05:04:27.272257918,45.34,beauty
1414,ord_00008312,2025-09-15 05:06:38.497590639,98.84,home_goods
1414,ord_00008313,2025-10-02 01:00:51.772750896,42.27,beauty
1414,ord_00008314,2025-11-08 08:14:13.007838935,41.82,home_goods
1414,ord_00008315,2025-12-21 09:53:45.789507406,59.24,outdoor
1414,ord_00008316,2026-01-04 07:10:01.474973839,33.29,apparel
1414,ord_00008317,2026-01-31 08:51:22.283379531,16.72,outdoor
1414,ord_00008318,2026-02-27 07:19:24.190626169,84.13,apparel
1414,ord_00008319,2026-03-25 17:31:08.539630714,45.78,apparel
1414,ord_00008320,2026-04-15 12:09:45.430764322,56.77,apparel
1414,ord_00008321,2026-05-19 05:42:17.802592163,29.93,home_goods
1414,ord_00008322,2026-06-16 07:27:15.227593065,77.1,home_goods
1414,ord_00008323,2026-07-20 03:49:14.052311564,57.59,home_goods
1415,ord_00008324,2025-01-07 00:00:00.000000000,92.95,apparel
1416,ord_00008325,2025-10-17 00:00:00.000000000,64.52,electronics_accessories
1416,ord_00008326,2025-11-07 12:21:15.199284514,27.34,home_goods
1416,ord_00008327,2025-12-20 02:19:00.914490194,56.61,home_goods
1416,ord_00008328,2026-01-15 07:24:47.197474859,43.36,electronics_accessories
1416,ord_00008329,2026-02-09 11:51:50.764243581,80.54,home_goods
1416,ord_00008330,2026-02-27 22:11:22.209684119,74.73,home_goods
1416,ord_00008331,2026-03-23 03:12:22.425196273,50.68,home_goods
1416,ord_00008332,2026-04-21 16:58:46.479998407,23.75,apparel
1416,ord_00008333,2026-05-15 16:02:49.280793367,50.23,home_goods
1416,ord_00008334,2026-06-05 01:57:22.537608187,57.29,beauty
1416,ord_00008335,2026-06-26 23:10:35.567184316,85.44,home_goods
1416,ord_00008336,2026-07-31 01:45:53.270320399,37.57,electronics_accessories
1417,ord_00008337,2024-10-25 00:00:00.000000000,43.1,beauty
1418,ord_00008338,2026-06-25 00:00:00.000000000,72.28,electronics_accessories
1419,ord_00008339,2025-03-15 00:00:00.000000000,60.28,electronics_accessories
1419,ord_00008340,2025-05-09 07:19:38.324505124,37.03,home_goods
1419,ord_00008341,2025-07-19 17:52:29.246524005,130.66,electronics_accessories
1419,ord_00008342,2025-09-20 04:57:01.736764642,68.59,beauty
1419,ord_00008343,2025-12-13 04:03:00.070820739,22.27,electronics_accessories
1419,ord_00008344,2026-02-27 08:57:08.953986825,59.95,home_goods
1419,ord_00008345,2026-05-29 03:59:31.235515940,35.16,beauty
1420,ord_00008346,2026-03-10 00:00:00.000000000,55.36,apparel
1420,ord_00008347,2026-04-11 09:22:12.618552628,59.62,electronics_accessories
1420,ord_00008348,2026-05-22 17:25:12.039804739,65.2,electronics_accessories
1420,ord_00008349,2026-06-28 19:23:25.114690420,49.25,outdoor
1421,ord_00008350,2025-08-02 00:00:00.000000000,58.14,electronics_accessories
1421,ord_00008351,2025-09-08 21:20:06.238350283,27.09,home_goods
1421,ord_00008352,2025-10-27 10:16:06.823208043,48.99,beauty
1421,ord_00008353,2025-12-22 02:29:41.485038997,26.71,outdoor
1421,ord_00008354,2026-03-06 09:45:23.294140118,30.05,beauty
1421,ord_00008355,2026-05-31 23:23:43.957628396,44.43,apparel
1421,ord_00008356,2026-07-08 18:11:54.475571887,69.89,electronics_accessories
1422,ord_00008357,2025-08-24 00:00:00.000000000,50.79,home_goods
1423,ord_00008358,2026-08-03 00:00:00.000000000,30.63,beauty
1424,ord_00008359,2025-06-16 00:00:00.000000000,69.34,home_goods
1425,ord_00008360,2026-04-11 00:00:00.000000000,60.79,beauty
1426,ord_00008361,2025-11-03 00:00:00.000000000,57.9,home_goods
1427,ord_00008362,2024-10-31 00:00:00.000000000,51.86,outdoor
1428,ord_00008363,2025-06-22 00:00:00.000000000,98.68,outdoor
1429,ord_00008364,2025-07-04 00:00:00.000000000,29.88,beauty
1429,ord_00008365,2025-07-25 03:25:04.182649590,56.16,outdoor
1429,ord_00008366,2025-08-12 19:58:51.879281880,27.77,outdoor
1429,ord_00008367,2025-08-25 14:59:50.432288830,128.94,home_goods
1429,ord_00008368,2025-09-08 09:31:49.581102395,89.83,beauty
1429,ord_00008369,2025-09-29 19:21:37.591023338,49.74,outdoor
1429,ord_00008370,2025-10-07 14:40:27.611163870,63.17,outdoor
1429,ord_00008371,2025-10-23 17:27:19.384663359,21.16,home_goods
1429,ord_00008372,2025-11-12 07:14:03.587901264,53.37,apparel
1429,ord_00008373,2025-11-26 00:45:01.833311551,19.7,outdoor
1429,ord_00008374,2025-12-13 03:45:30.084942165,59.98,home_goods
1429,ord_00008375,2025-12-27 16:47:53.075464741,44.29,outdoor
1429,ord_00008376,2026-01-07 20:16:24.500123237,50.9,outdoor
1429,ord_00008377,2026-01-18 21:45:03.756178690,61.53,beauty
1429,ord_00008378,2026-02-05 08:43:44.152112043,21.45,apparel
1429,ord_00008379,2026-02-17 00:22:32.600383012,40.53,beauty
1429,ord_00008380,2026-02-25 22:33:57.842885484,32.12,beauty
1429,ord_00008381,2026-03-12 13:37:36.146773384,67.85,home_goods
1429,ord_00008382,2026-03-24 15:45:09.356985658,28.36,beauty
1429,ord_00008383,2026-04-03 11:54:43.134192834,86.94,apparel
1429,ord_00008384,2026-04-17 21:40:42.413006823,35.76,electronics_accessories
1429,ord_00008385,2026-05-05 15:40:16.403721512,98.65,apparel
1429,ord_00008386,2026-05-19 20:07:36.150824944,90.75,beauty
1429,ord_00008387,2026-05-30 01:53:22.464865336,92.34,apparel
1429,ord_00008388,2026-06-15 08:55:05.044929526,38.05,home_goods
1429,ord_00008389,2026-07-04 14:33:30.561487936,55.72,apparel
1429,ord_00008390,2026-07-31 23:51:52.043127540,87.65,beauty
1430,ord_00008391,2025-09-10 00:00:00.000000000,63.42,outdoor
1431,ord_00008392,2025-06-04 00:00:00.000000000,33.1,beauty
1431,ord_00008393,2025-06-19 17:22:04.495892785,27.21,home_goods
1431,ord_00008394,2025-07-09 10:30:48.136937156,96.97,electronics_accessories
1431,ord_00008395,2025-08-07 15:24:18.275669731,61.52,outdoor
1431,ord_00008396,2025-08-19 17:49:27.328932644,29.45,beauty
1431,ord_00008397,2025-09-07 13:01:08.096605984,40.98,outdoor
1431,ord_00008398,2025-10-08 14:15:56.506746113,219.35,beauty
1431,ord_00008399,2025-10-23 01:53:14.612025063,32.76,beauty
1431,ord_00008400,2025-11-22 14:43:29.187626733,39.56,electronics_accessories
1431,ord_00008401,2025-12-07 13:23:57.956871018,45.54,outdoor
1431,ord_00008402,2025-12-23 11:32:27.608209017,124.65,beauty
1431,ord_00008403,2026-01-12 12:53:14.501255869,77.61,beauty
1431,ord_00008404,2026-02-18 07:24:57.938103725,31.34,apparel
1431,ord_00008405,2026-03-07 14:36:44.687489929,54.7,beauty
1431,ord_00008406,2026-03-20 01:44:18.179775846,34.38,electronics_accessories
1431,ord_00008407,2026-04-02 20:05:42.099685196,67.2,apparel
1431,ord_00008408,2026-04-30 13:27:41.658280365,64.81,beauty
1431,ord_00008409,2026-05-14 12:31:44.098819884,85.24,apparel
1431,ord_00008410,2026-06-13 11:00:45.365338604,43.43,outdoor
1431,ord_00008411,2026-07-04 20:44:20.486904201,101.57,outdoor
1431,ord_00008412,2026-07-25 14:58:27.212494268,28.4,outdoor
1432,ord_00008413,2026-07-17 00:00:00.000000000,93.86,outdoor
1433,ord_00008414,2026-03-21 00:00:00.000000000,122.42,outdoor
1434,ord_00008415,2025-02-11 00:00:00.000000000,46.63,beauty
1435,ord_00008416,2026-06-27 00:00:00.000000000,131.06,beauty
1436,ord_00008417,2025-08-15 00:00:00.000000000,44.54,electronics_accessories
1436,ord_00008418,2025-09-18 09:38:32.239582895,100.12,apparel
1436,ord_00008419,2025-10-06 22:08:51.422630904,30.72,electronics_accessories
1436,ord_00008420,2025-10-27 20:06:08.836382280,33.54,outdoor
1436,ord_00008421,2025-11-24 02:14:50.934027481,77.49,outdoor
1436,ord_00008422,2025-12-13 21:11:34.270259489,48.16,home_goods
1436,ord_00008423,2026-01-04 22:22:20.714054150,25.75,apparel
1436,ord_00008424,2026-01-21 15:51:09.895445122,25.94,electronics_accessories
1436,ord_00008425,2026-02-11 04:05:59.233361543,24.01,home_goods
1436,ord_00008426,2026-02-27 11:03:47.080396465,120.88,home_goods
1436,ord_00008427,2026-03-15 19:39:56.559887819,35.39,electronics_accessories
1436,ord_00008428,2026-04-01 21:05:59.436642182,73.57,electronics_accessories
1436,ord_00008429,2026-04-16 11:45:34.651163147,47.19,apparel
1436,ord_00008430,2026-05-05 15:16:33.249652081,45.52,beauty
1436,ord_00008431,2026-05-24 18:26:35.423081535,63.99,electronics_accessories
1436,ord_00008432,2026-06-14 19:25:54.637301595,26.96,beauty
1436,ord_00008433,2026-07-04 17:58:24.093547182,88.63,beauty
1436,ord_00008434,2026-08-03 17:42:06.363333697,46.01,home_goods
1437,ord_00008435,2026-06-03 00:00:00.000000000,127.57,beauty
1438,ord_00008436,2025-12-10 00:00:00.000000000,23.86,electronics_accessories
1439,ord_00008437,2026-03-22 00:00:00.000000000,34.43,beauty
1439,ord_00008438,2026-04-13 19:29:52.801731371,28.72,electronics_accessories
1439,ord_00008439,2026-04-30 13:57:57.589828400,32.65,beauty
1439,ord_00008440,2026-05-16 02:14:33.120195809,54.21,electronics_accessories
1439,ord_00008441,2026-05-27 08:35:36.374203410,46.89,apparel
1439,ord_00008442,2026-06-19 17:00:39.141647859,41.55,home_goods
1439,ord_00008443,2026-06-30 20:26:44.420692280,111.9,outdoor
1439,ord_00008444,2026-07-21 00:36:50.233026894,54.59,apparel
1440,ord_00008445,2025-03-15 00:00:00.000000000,57.94,beauty
1440,ord_00008446,2025-04-10 21:35:01.405762194,72.61,apparel
1440,ord_00008447,2025-05-04 01:33:58.664043109,48.23,apparel
1440,ord_00008448,2025-05-29 10:43:21.140589036,38.6,outdoor
1440,ord_00008449,2025-06-29 00:14:51.064360989,90.23,electronics_accessories
1440,ord_00008450,2025-07-20 15:52:21.869473724,45.0,home_goods
1440,ord_00008451,2025-08-11 23:40:28.412488301,119.5,apparel
1440,ord_00008452,2025-09-02 17:27:30.568501896,80.94,home_goods
1440,ord_00008453,2025-09-24 08:13:45.298890574,55.15,beauty
1440,ord_00008454,2025-10-20 20:11:50.789403743,71.99,home_goods
1440,ord_00008455,2025-11-12 09:30:09.786474261,50.56,outdoor
1440,ord_00008456,2025-12-21 19:48:27.656595410,49.02,apparel
1440,ord_00008457,2026-02-16 00:32:55.012327296,34.37,home_goods
1440,ord_00008458,2026-03-09 05:43:31.474918276,57.65,outdoor
1440,ord_00008459,2026-04-05 17:09:26.625241602,37.84,home_goods
1440,ord_00008460,2026-05-10 01:29:42.276411273,47.26,beauty
1440,ord_00008461,2026-06-02 06:59:23.727998245,50.71,outdoor
1440,ord_00008462,2026-06-20 23:01:12.443788176,117.82,beauty
1440,ord_00008463,2026-08-02 08:02:16.798839113,68.8,electronics_accessories
1441,ord_00008464,2025-01-30 00:00:00.000000000,39.67,home_goods
1442,ord_00008465,2025-12-29 00:00:00.000000000,40.78,home_goods
1443,ord_00008466,2025-09-10 00:00:00.000000000,144.43,home_goods
1444,ord_00008467,2025-12-04 00:00:00.000000000,16.19,apparel
1445,ord_00008468,2024-09-17 00:00:00.000000000,18.1,home_goods
1446,ord_00008469,2026-04-16 00:00:00.000000000,74.64,beauty
1446,ord_00008470,2026-05-08 02:17:52.331528003,89.43,apparel
1446,ord_00008471,2026-05-19 22:00:51.577812500,41.23,outdoor
1446,ord_00008472,2026-06-20 05:11:25.251260528,60.73,apparel
1446,ord_00008473,2026-07-02 16:05:40.842682682,82.65,electronics_accessories
1446,ord_00008474,2026-07-23 17:04:47.506556411,58.03,home_goods
1447,ord_00008475,2025-07-03 00:00:00.000000000,141.84,home_goods
1447,ord_00008476,2025-08-12 11:54:22.696708678,58.31,beauty
1447,ord_00008477,2025-10-17 10:24:20.049843755,24.41,apparel
1447,ord_00008478,2025-11-19 17:31:24.050468804,43.58,outdoor
1447,ord_00008479,2025-12-21 19:56:29.080520181,52.02,outdoor
1447,ord_00008480,2026-01-22 04:51:53.591800099,42.64,apparel
1447,ord_00008481,2026-03-03 10:47:44.428223987,28.63,home_goods
1447,ord_00008482,2026-03-22 09:32:59.093333813,44.53,electronics_accessories
1447,ord_00008483,2026-04-25 18:51:43.328673035,58.59,electronics_accessories
1447,ord_00008484,2026-06-11 10:10:46.360498061,53.17,home_goods
1447,ord_00008485,2026-07-12 00:06:27.653915081,51.5,outdoor
1448,ord_00008486,2026-02-09 00:00:00.000000000,76.1,apparel
1449,ord_00008487,2024-12-28 00:00:00.000000000,50.46,electronics_accessories
1449,ord_00008488,2025-02-12 10:53:18.987600364,52.54,electronics_accessories
1449,ord_00008489,2025-04-16 21:38:31.469880267,35.85,apparel
1449,ord_00008490,2025-06-15 14:49:10.897597155,76.47,outdoor
1449,ord_00008491,2025-07-31 13:07:34.519461362,38.41,outdoor
1449,ord_00008492,2025-10-20 00:53:05.232625179,115.53,apparel
1449,ord_00008493,2025-11-24 01:28:22.010308185,35.54,home_goods
1449,ord_00008494,2025-12-23 16:39:15.238843035,26.4,outdoor
1449,ord_00008495,2026-02-03 20:16:30.333005755,52.94,beauty
1449,ord_00008496,2026-03-13 15:31:28.805166860,70.34,electronics_accessories
1449,ord_00008497,2026-04-02 19:56:50.998511090,42.0,electronics_accessories
1449,ord_00008498,2026-05-07 14:27:31.708234350,26.54,home_goods
1449,ord_00008499,2026-06-23 11:34:07.689801013,22.81,electronics_accessories
1449,ord_00008500,2026-08-04 00:58:08.839184118,71.4,home_goods
1450,ord_00008501,2025-12-11 00:00:00.000000000,48.41,electronics_accessories
1451,ord_00008502,2026-04-18 00:00:00.000000000,29.61,home_goods
1451,ord_00008503,2026-06-20 19:44:04.245499400,39.1,beauty
1452,ord_00008504,2025-12-05 00:00:00.000000000,129.06,outdoor
1452,ord_00008505,2025-12-28 21:37:00.144077427,152.83,electronics_accessories
1452,ord_00008506,2026-01-16 05:19:13.869183615,77.4,electronics_accessories
1452,ord_00008507,2026-02-11 09:23:38.868716861,76.33,home_goods
1452,ord_00008508,2026-02-26 16:24:26.195849973,70.05,electronics_accessories
1452,ord_00008509,2026-03-11 19:22:33.486650040,29.67,beauty
1452,ord_00008510,2026-03-30 15:50:11.927065787,87.35,apparel
1452,ord_00008511,2026-04-20 17:56:19.721257074,51.44,electronics_accessories
1452,ord_00008512,2026-05-03 05:46:37.008945406,94.6,beauty
1452,ord_00008513,2026-05-11 17:48:41.931192172,20.52,beauty
1452,ord_00008514,2026-05-20 16:36:28.052912040,88.33,outdoor
1452,ord_00008515,2026-06-06 10:25:11.532042946,90.13,apparel
1452,ord_00008516,2026-07-01 00:07:36.829136744,60.11,home_goods
1452,ord_00008517,2026-07-11 11:35:43.157322941,77.21,apparel
1452,ord_00008518,2026-07-25 17:57:14.615301263,42.43,apparel
1453,ord_00008519,2025-05-26 00:00:00.000000000,117.96,home_goods
1453,ord_00008520,2025-06-26 23:34:27.450023312,61.23,apparel
1453,ord_00008521,2025-07-28 13:11:25.096872077,58.62,apparel
1453,ord_00008522,2025-08-20 12:31:22.367759993,31.11,electronics_accessories
1453,ord_00008523,2025-09-13 07:27:25.054169787,44.13,outdoor
1453,ord_00008524,2025-11-10 10:06:44.322861102,32.67,beauty
1453,ord_00008525,2025-12-03 04:06:15.310658888,166.91,beauty
1453,ord_00008526,2026-01-05 09:20:44.932539263,51.71,outdoor
1453,ord_00008527,2026-02-09 18:23:19.309468827,36.51,beauty
1453,ord_00008528,2026-03-11 00:22:07.664579793,62.53,beauty
1453,ord_00008529,2026-04-16 09:05:26.422000605,28.58,apparel
1453,ord_00008530,2026-05-19 04:35:30.818004993,48.61,home_goods
1453,ord_00008531,2026-06-11 02:08:20.363373506,40.1,home_goods
1453,ord_00008532,2026-07-16 00:18:14.819791036,31.64,home_goods
1454,ord_00008533,2024-12-02 00:00:00.000000000,56.15,beauty
1454,ord_00008534,2024-12-25 00:07:05.530434337,159.53,electronics_accessories
1454,ord_00008535,2025-01-24 00:05:48.342394568,44.62,electronics_accessories
1454,ord_00008536,2025-03-18 20:20:46.679617417,78.06,apparel
1454,ord_00008537,2025-04-29 00:27:47.349842913,58.72,apparel
1454,ord_00008538,2025-06-17 11:03:46.917202325,137.74,electronics_accessories
1454,ord_00008539,2025-07-10 17:57:33.743962601,62.61,home_goods
1454,ord_00008540,2025-08-25 09:08:37.004789330,56.63,outdoor
1454,ord_00008541,2025-09-23 22:34:05.405779759,41.41,outdoor
1454,ord_00008542,2025-10-31 01:25:19.504510563,55.74,electronics_accessories
1454,ord_00008543,2025-12-01 17:37:22.357865709,13.04,outdoor
1454,ord_00008544,2025-12-26 15:26:37.675626118,57.84,beauty
1454,ord_00008545,2026-01-29 21:45:23.280167482,44.31,home_goods
1454,ord_00008546,2026-03-02 20:11:31.167912079,26.43,apparel
1454,ord_00008547,2026-03-19 02:03:46.131771171,98.77,outdoor
1454,ord_00008548,2026-04-14 16:30:24.937113253,30.39,apparel
1454,ord_00008549,2026-05-20 13:25:09.300163869,64.87,home_goods
1454,ord_00008550,2026-06-19 13:35:48.783203710,41.3,beauty
1454,ord_00008551,2026-07-21 08:29:09.624636722,39.17,beauty
1455,ord_00008552,2024-11-07 00:00:00.000000000,96.83,outdoor
1456,ord_00008553,2024-12-27 00:00:00.000000000,48.56,apparel
1457,ord_00008554,2026-01-19 00:00:00.000000000,50.09,electronics_accessories
1458,ord_00008555,2025-06-03 00:00:00.000000000,53.28,beauty
1459,ord_00008556,2024-10-05 00:00:00.000000000,75.9,home_goods
1459,ord_00008557,2024-10-24 22:04:24.566256652,35.98,apparel
1459,ord_00008558,2024-11-30 17:20:07.443874852,82.69,home_goods
1459,ord_00008559,2025-01-13 18:10:58.907889364,50.0,outdoor
1459,ord_00008560,2025-02-02 23:06:44.202107510,46.38,apparel
1459,ord_00008561,2025-03-04 13:10:33.889557783,51.48,home_goods
1459,ord_00008562,2025-03-29 01:16:53.510569983,47.54,beauty
1459,ord_00008563,2025-05-04 14:20:46.965889677,46.79,beauty
1459,ord_00008564,2025-06-03 18:54:13.763950563,97.67,electronics_accessories
1459,ord_00008565,2025-08-18 20:46:07.010822721,152.58,home_goods
1459,ord_00008566,2025-09-13 11:28:13.508668351,35.96,outdoor
1459,ord_00008567,2025-10-27 22:37:45.028072054,65.73,outdoor
1459,ord_00008568,2025-12-12 17:24:36.062215258,42.7,electronics_accessories
1459,ord_00008569,2026-01-14 15:06:17.404292784,64.88,beauty
1459,ord_00008570,2026-02-11 23:30:45.477768496,44.59,beauty
1459,ord_00008571,2026-03-12 19:48:43.602046406,29.73,apparel
1459,ord_00008572,2026-04-09 22:45:19.710717297,37.24,home_goods
1459,ord_00008573,2026-05-19 08:06:26.552140478,73.75,outdoor
1459,ord_00008574,2026-06-09 22:00:15.856383440,58.05,beauty
1459,ord_00008575,2026-07-06 15:09:35.925737119,43.57,home_goods
1459,ord_00008576,2026-08-01 09:25:17.395600007,86.98,home_goods
1460,ord_00008577,2026-05-31 00:00:00.000000000,31.94,home_goods
1461,ord_00008578,2024-10-12 00:00:00.000000000,29.35,outdoor
1461,ord_00008579,2024-12-24 03:29:16.638099882,59.52,outdoor
1461,ord_00008580,2025-04-01 15:06:31.334828557,44.28,home_goods
1461,ord_00008581,2025-08-15 17:22:26.970192399,23.72,outdoor
1461,ord_00008582,2025-11-30 11:56:10.048993563,44.47,beauty
1461,ord_00008583,2026-02-10 19:03:59.785982806,69.45,apparel
1461,ord_00008584,2026-04-18 16:56:20.137236560,37.11,apparel
1462,ord_00008585,2026-03-31 00:00:00.000000000,54.97,beauty
1463,ord_00008586,2026-04-05 00:00:00.000000000,93.89,apparel
1464,ord_00008587,2025-12-06 00:00:00.000000000,34.87,apparel
1465,ord_00008588,2025-07-10 00:00:00.000000000,69.65,electronics_accessories
1465,ord_00008589,2025-07-25 16:01:09.532399733,111.27,outdoor
1465,ord_00008590,2025-08-23 16:55:38.694044718,44.07,apparel
1465,ord_00008591,2025-09-12 09:06:36.187325004,37.08,home_goods
1465,ord_00008592,2025-10-10 14:24:53.385009683,108.37,beauty
1465,ord_00008593,2025-11-09 00:19:18.700231205,33.93,outdoor
1465,ord_00008594,2025-12-12 11:03:08.382501745,210.45,electronics_accessories
1465,ord_00008595,2026-01-08 10:58:36.425645021,34.24,apparel
1465,ord_00008596,2026-02-12 12:59:07.125731181,28.77,electronics_accessories
1465,ord_00008597,2026-03-22 11:32:20.725287512,51.86,electronics_accessories
1465,ord_00008598,2026-04-18 12:42:08.790125135,71.09,apparel
1465,ord_00008599,2026-05-16 01:43:05.814325435,19.16,beauty
1465,ord_00008600,2026-06-06 05:58:13.569853764,25.47,apparel
1465,ord_00008601,2026-06-24 20:41:26.246212608,199.11,electronics_accessories
1465,ord_00008602,2026-07-31 15:15:51.202725602,76.93,outdoor
1466,ord_00008603,2025-08-20 00:00:00.000000000,57.68,electronics_accessories
1466,ord_00008604,2025-08-29 06:59:05.664194262,143.0,beauty
1466,ord_00008605,2025-09-16 01:07:09.185472254,49.06,beauty
1466,ord_00008606,2025-10-03 01:56:41.595743365,41.75,electronics_accessories
1466,ord_00008607,2025-10-19 06:37:31.046617924,53.28,electronics_accessories
1466,ord_00008608,2025-11-03 22:23:32.659588766,43.05,electronics_accessories
1466,ord_00008609,2025-11-17 22:53:26.991237672,17.21,outdoor
1466,ord_00008610,2025-12-01 01:01:15.132544055,28.81,outdoor
1466,ord_00008611,2025-12-27 16:03:04.544753103,71.59,electronics_accessories
1466,ord_00008612,2026-01-10 02:53:10.347514181,79.17,electronics_accessories
1466,ord_00008613,2026-01-26 06:35:43.026900483,30.75,apparel
1466,ord_00008614,2026-02-12 14:52:58.202226234,41.68,beauty
1466,ord_00008615,2026-03-06 07:29:01.545694930,23.54,apparel
1466,ord_00008616,2026-03-19 21:41:48.382604432,21.92,electronics_accessories
1466,ord_00008617,2026-04-12 10:31:26.788220739,85.51,apparel
1466,ord_00008618,2026-04-27 04:29:22.991922434,44.73,beauty
1466,ord_00008619,2026-05-13 21:43:04.775536422,58.71,home_goods
1466,ord_00008620,2026-06-11 15:15:40.053164497,40.44,beauty
1466,ord_00008621,2026-06-24 18:11:06.478365308,57.34,beauty
1466,ord_00008622,2026-07-16 13:04:30.427292882,30.8,apparel
1467,ord_00008623,2026-07-31 00:00:00.000000000,13.29,apparel
1468,ord_00008624,2026-05-11 00:00:00.000000000,65.51,outdoor
1469,ord_00008625,2025-10-30 00:00:00.000000000,26.71,apparel
1469,ord_00008626,2025-11-20 14:03:21.488585589,72.46,electronics_accessories
1469,ord_00008627,2025-12-10 01:27:55.155662749,113.25,apparel
1469,ord_00008628,2025-12-26 08:44:22.267959542,37.46,electronics_accessories
1469,ord_00008629,2026-01-08 18:39:03.158312197,37.44,home_goods
1469,ord_00008630,2026-01-20 22:17:51.853072840,45.24,electronics_accessories
1469,ord_00008631,2026-02-17 07:15:40.881254365,30.0,apparel
1469,ord_00008632,2026-03-08 14:57:46.339457628,23.57,home_goods
1469,ord_00008633,2026-04-06 23:01:02.420579769,8.46,electronics_accessories
1469,ord_00008634,2026-04-26 05:18:32.208308301,46.98,electronics_accessories
1469,ord_00008635,2026-05-20 14:49:05.363346322,72.97,home_goods
1469,ord_00008636,2026-06-10 17:44:47.281687262,83.41,electronics_accessories
1469,ord_00008637,2026-07-02 23:10:29.698040831,41.54,electronics_accessories
1469,ord_00008638,2026-07-25 12:26:10.014322769,28.01,beauty
1470,ord_00008639,2025-12-11 00:00:00.000000000,57.04,electronics_accessories
1471,ord_00008640,2026-01-23 00:00:00.000000000,31.09,home_goods
1471,ord_00008641,2026-04-09 11:21:26.670202090,82.32,electronics_accessories
1471,ord_00008642,2026-07-16 14:12:54.778155858,45.6,electronics_accessories
1472,ord_00008643,2026-03-05 00:00:00.000000000,50.99,beauty
1473,ord_00008644,2025-06-14 00:00:00.000000000,41.73,outdoor
1474,ord_00008645,2024-12-09 00:00:00.000000000,47.19,electronics_accessories
1475,ord_00008646,2024-09-25 00:00:00.000000000,61.32,outdoor
1476,ord_00008647,2026-07-25 00:00:00.000000000,114.53,electronics_accessories
1477,ord_00008648,2025-10-24 00:00:00.000000000,45.99,apparel
1478,ord_00008649,2024-12-29 00:00:00.000000000,29.18,electronics_accessories
1478,ord_00008650,2025-03-10 18:17:09.432036247,23.9,apparel
1478,ord_00008651,2025-06-09 10:40:01.796002014,33.3,electronics_accessories
1478,ord_00008652,2025-07-18 13:51:11.690460780,86.52,electronics_accessories
1478,ord_00008653,2025-09-06 16:13:32.292942993,62.3,electronics_accessories
1478,ord_00008654,2026-02-01 11:05:34.960962539,48.77,apparel
1478,ord_00008655,2026-04-22 13:15:15.151669302,74.55,electronics_accessories
1478,ord_00008656,2026-06-20 00:34:16.921566318,34.25,outdoor
1479,ord_00008657,2026-01-23 00:00:00.000000000,42.97,home_goods
1480,ord_00008658,2025-06-23 00:00:00.000000000,45.51,home_goods
1481,ord_00008659,2026-02-19 00:00:00.000000000,94.9,home_goods
1482,ord_00008660,2024-12-05 00:00:00.000000000,20.49,apparel
1483,ord_00008661,2024-08-08 00:00:00.000000000,59.23,electronics_accessories
1483,ord_00008662,2024-09-04 10:07:47.441910890,46.16,apparel
1483,ord_00008663,2024-10-02 14:01:03.277383215,65.76,beauty
1483,ord_00008664,2024-10-18 06:22:51.952978573,51.95,electronics_accessories
1483,ord_00008665,2024-11-04 07:18:13.929444597,19.9,beauty
1483,ord_00008666,2024-11-18 00:20:32.116082307,105.06,outdoor
1483,ord_00008667,2024-12-10 06:13:58.949565231,54.48,apparel
1483,ord_00008668,2024-12-31 08:09:55.135423268,43.93,outdoor
1483,ord_00008669,2025-01-27 09:55:57.389333339,27.94,apparel
1483,ord_00008670,2025-02-21 05:12:13.775239598,58.87,outdoor
1483,ord_00008671,2025-03-18 21:00:50.128453821,196.47,apparel
1483,ord_00008672,2025-04-01 07:53:33.936155928,52.72,electronics_accessories
1483,ord_00008673,2025-04-19 00:50:46.811916978,23.35,home_goods
1483,ord_00008674,2025-05-17 10:31:01.913931815,82.27,outdoor
1483,ord_00008675,2025-06-04 14:48:22.375291595,56.54,outdoor
1483,ord_00008676,2025-06-17 17:30:08.979720288,56.93,electronics_accessories
1483,ord_00008677,2025-07-14 22:57:29.204327969,56.12,electronics_accessories
1483,ord_00008678,2025-08-01 22:12:45.157212607,33.38,electronics_accessories
1483,ord_00008679,2025-08-31 07:32:40.932457465,74.33,outdoor
1483,ord_00008680,2025-09-21 13:30:55.549883743,61.79,beauty
1483,ord_00008681,2025-10-11 05:23:21.794858025,63.9,outdoor
1483,ord_00008682,2025-11-12 09:16:26.223583292,28.76,beauty
1483,ord_00008683,2025-11-26 20:11:21.801559741,33.02,outdoor
1483,ord_00008684,2025-12-29 16:41:54.984685113,42.92,home_goods
1483,ord_00008685,2026-01-16 07:59:39.435422868,105.58,home_goods
1483,ord_00008686,2026-02-07 18:23:14.087618218,60.4,apparel
1483,ord_00008687,2026-03-02 06:18:31.570059422,210.1,home_goods
1483,ord_00008688,2026-03-21 01:25:57.237709582,50.57,outdoor
1483,ord_00008689,2026-04-07 01:25:23.104633510,34.82,home_goods
1483,ord_00008690,2026-04-26 04:22:06.275293091,92.52,outdoor
1483,ord_00008691,2026-05-11 22:36:03.072910883,48.95,electronics_accessories
1483,ord_00008692,2026-06-19 10:22:24.425709446,64.61,home_goods
1483,ord_00008693,2026-07-07 22:14:47.170933446,26.15,outdoor
1483,ord_00008694,2026-08-07 04:15:18.283181349,32.02,beauty
1484,ord_00008695,2025-03-19 00:00:00.000000000,41.11,apparel
1485,ord_00008696,2026-01-14 00:00:00.000000000,78.56,apparel
1485,ord_00008697,2026-02-16 20:13:26.907662180,40.55,beauty
1485,ord_00008698,2026-03-25 19:50:34.308030379,23.29,beauty
1485,ord_00008699,2026-05-05 22:25:07.280776165,58.71,electronics_accessories
1485,ord_00008700,2026-06-15 06:21:07.221493488,18.4,apparel
1485,ord_00008701,2026-07-13 02:50:17.801865702,24.27,beauty
1486,ord_00008702,2025-05-02 00:00:00.000000000,18.99,apparel
1487,ord_00008703,2025-07-23 00:00:00.000000000,60.35,outdoor
1487,ord_00008704,2025-09-20 13:33:13.533121989,48.59,home_goods
1487,ord_00008705,2025-11-08 21:42:26.439937740,42.56,outdoor
1487,ord_00008706,2026-01-10 08:56:39.900836208,31.89,electronics_accessories
1487,ord_00008707,2026-03-28 05:15:33.234505062,46.14,outdoor
1487,ord_00008708,2026-05-21 17:33:51.022023060,37.79,outdoor
1487,ord_00008709,2026-06-19 11:50:20.735054905,71.51,apparel
1488,ord_00008710,2026-08-04 00:00:00.000000000,38.56,apparel
1489,ord_00008711,2024-12-26 00:00:00.000000000,38.63,outdoor
1489,ord_00008712,2025-01-20 20:44:08.590543695,27.15,beauty
1489,ord_00008713,2025-02-23 01:20:11.666611872,85.58,home_goods
1489,ord_00008714,2025-03-15 10:20:26.031022785,91.78,outdoor
1489,ord_00008715,2025-04-27 13:52:20.746469311,48.5,home_goods
1489,ord_00008716,2025-05-30 18:38:44.881002944,63.06,apparel
1489,ord_00008717,2025-06-12 00:41:55.964291940,14.1,electronics_accessories
1489,ord_00008718,2025-07-10 14:36:24.641953649,48.43,home_goods
1489,ord_00008719,2025-08-17 16:10:35.589028322,68.15,apparel
1489,ord_00008720,2025-09-17 23:26:07.974719883,19.28,apparel
1489,ord_00008721,2025-10-12 14:12:40.454344105,56.48,outdoor
1489,ord_00008722,2025-11-08 22:38:16.856439189,59.51,outdoor
1489,ord_00008723,2025-12-08 07:56:45.873996643,125.67,apparel
1489,ord_00008724,2026-01-12 10:08:38.745146493,108.28,home_goods
1489,ord_00008725,2026-01-30 15:26:24.222820786,110.47,home_goods
1489,ord_00008726,2026-02-22 21:02:06.804340850,119.24,electronics_accessories
1489,ord_00008727,2026-04-09 10:04:07.361832923,50.54,home_goods
1489,ord_00008728,2026-05-07 13:16:41.177697111,48.17,outdoor
1489,ord_00008729,2026-06-20 14:36:56.536738418,37.61,outdoor
1490,ord_00008730,2025-06-10 00:00:00.000000000,61.48,apparel
1491,ord_00008731,2025-05-17 00:00:00.000000000,31.09,apparel
1492,ord_00008732,2026-05-10 00:00:00.000000000,54.52,home_goods
1492,ord_00008733,2026-06-22 15:00:28.089874071,53.06,home_goods
1492,ord_00008734,2026-07-18 06:03:56.389456470,75.32,outdoor
1493,ord_00008735,2026-01-26 00:00:00.000000000,12.37,home_goods
1493,ord_00008736,2026-02-12 19:51:27.765587269,38.41,beauty
1493,ord_00008737,2026-03-06 01:52:16.905047753,42.26,home_goods
1493,ord_00008738,2026-04-03 20:05:48.664385424,84.47,apparel
1493,ord_00008739,2026-04-23 07:29:15.817077628,51.43,beauty
1493,ord_00008740,2026-05-25 03:37:49.483848371,88.63,outdoor
1493,ord_00008741,2026-06-09 14:25:22.993424844,60.4,home_goods
1493,ord_00008742,2026-06-25 20:30:39.360730788,48.23,apparel
1493,ord_00008743,2026-07-13 06:42:10.913461842,89.31,outdoor
1493,ord_00008744,2026-07-28 05:23:59.292453786,48.45,home_goods
1494,ord_00008745,2025-12-02 00:00:00.000000000,123.16,electronics_accessories
1494,ord_00008746,2026-03-06 13:28:53.512102801,32.28,beauty
1494,ord_00008747,2026-07-31 06:51:59.453238483,75.74,home_goods
1495,ord_00008748,2026-07-30 00:00:00.000000000,52.37,beauty
1496,ord_00008749,2024-10-10 00:00:00.000000000,53.94,home_goods
1496,ord_00008750,2024-10-24 03:36:34.080720378,18.6,apparel
1496,ord_00008751,2024-11-11 04:35:01.234783433,39.59,home_goods
1496,ord_00008752,2024-11-23 15:15:59.429585183,84.84,apparel
1496,ord_00008753,2024-12-03 03:11:37.692697906,72.59,beauty
1496,ord_00008754,2024-12-14 17:24:09.606711521,83.98,electronics_accessories
1496,ord_00008755,2024-12-24 11:28:03.401516004,62.65,apparel
1496,ord_00008756,2025-01-06 06:47:29.191719020,101.61,beauty
1496,ord_00008757,2025-01-17 19:49:34.221207722,32.5,apparel
1496,ord_00008758,2025-01-28 13:52:55.611826045,54.08,electronics_accessories
1496,ord_00008759,2025-02-12 00:04:33.331231271,50.59,home_goods
1496,ord_00008760,2025-03-04 03:29:51.235436032,18.74,home_goods
1496,ord_00008761,2025-03-17 23:37:08.569457969,29.93,beauty
1496,ord_00008762,2025-04-05 18:04:20.139795997,23.97,electronics_accessories
1496,ord_00008763,2025-04-25 21:27:06.264787026,31.81,home_goods
1496,ord_00008764,2025-05-06 09:53:20.140604599,29.56,home_goods
1496,ord_00008765,2025-05-20 00:46:30.460711235,37.66,beauty
1496,ord_00008766,2025-05-31 01:45:33.630484159,56.9,beauty
1496,ord_00008767,2025-06-08 02:43:25.247288016,29.26,home_goods
1496,ord_00008768,2025-06-22 01:38:26.528878157,60.31,apparel
1496,ord_00008769,2025-07-01 05:10:30.939112440,26.14,outdoor
1496,ord_00008770,2025-07-15 17:15:35.469024840,34.53,apparel
1496,ord_00008771,2025-07-23 14:00:13.544574665,52.56,outdoor
1496,ord_00008772,2025-08-05 18:51:40.887733442,45.23,beauty
1496,ord_00008773,2025-08-13 14:45:57.622583396,78.0,electronics_accessories
1496,ord_00008774,2025-08-28 23:13:09.506943811,77.78,beauty
1496,ord_00008775,2025-09-09 02:43:29.690262927,60.43,home_goods
1496,ord_00008776,2025-09-19 22:36:14.536201691,59.89,outdoor
1496,ord_00008777,2025-10-07 12:38:47.509605692,21.46,apparel
1496,ord_00008778,2025-10-18 21:58:39.091456280,44.45,home_goods
1496,ord_00008779,2025-10-31 21:10:10.563212957,47.29,beauty
1496,ord_00008780,2025-11-12 16:46:15.555963713,33.0,home_goods
1496,ord_00008781,2025-11-27 07:16:30.150425748,134.88,outdoor
1496,ord_00008782,2025-12-14 10:52:09.435131105,49.21,apparel
1496,ord_00008783,2025-12-30 13:38:42.297122131,35.33,home_goods
1496,ord_00008784,2026-01-10 11:20:00.059611606,46.38,home_goods
1496,ord_00008785,2026-01-28 11:57:25.909969194,50.09,electronics_accessories
1496,ord_00008786,2026-02-07 00:37:12.573409042,113.02,electronics_accessories
1496,ord_00008787,2026-02-17 01:31:36.911413282,46.38,beauty
1496,ord_00008788,2026-03-01 03:13:03.978051572,74.27,beauty
1496,ord_00008789,2026-03-18 07:17:18.121374445,45.35,home_goods
1496,ord_00008790,2026-03-27 03:11:14.044677180,26.06,apparel
1496,ord_00008791,2026-04-12 12:29:52.430825152,26.17,outdoor
1496,ord_00008792,2026-04-24 20:36:27.803626253,44.0,home_goods
1496,ord_00008793,2026-05-05 20:53:39.915227118,32.97,beauty
1496,ord_00008794,2026-05-23 07:19:08.099336042,54.85,apparel
1496,ord_00008795,2026-06-02 03:54:53.063210741,34.64,outdoor
1496,ord_00008796,2026-06-27 01:28:34.862764911,55.05,apparel
1496,ord_00008797,2026-07-08 22:57:12.622865301,29.65,electronics_accessories
1496,ord_00008798,2026-07-22 01:48:24.777387415,34.83,outdoor
1497,ord_00008799,2025-04-06 00:00:00.000000000,49.28,electronics_accessories
1497,ord_00008800,2025-05-26 01:25:32.051970980,36.8,apparel
1497,ord_00008801,2025-07-08 18:04:13.779847880,28.02,apparel
1497,ord_00008802,2025-08-16 04:56:44.848346375,57.79,beauty
1497,ord_00008803,2025-09-22 09:49:30.649089292,71.48,outdoor
1497,ord_00008804,2025-11-09 20:58:35.461417476,57.21,beauty
1497,ord_00008805,2026-02-10 10:58:01.076566370,70.74,home_goods
1497,ord_00008806,2026-04-11 04:51:48.809945390,34.93,electronics_accessories
1497,ord_00008807,2026-05-15 00:05:48.571739079,65.22,outdoor
1497,ord_00008808,2026-07-16 08:08:28.022157150,37.51,apparel
1498,ord_00008809,2024-11-25 00:00:00.000000000,50.8,beauty
1498,ord_00008810,2025-01-27 20:05:47.467384433,44.83,home_goods
1498,ord_00008811,2025-03-30 20:21:20.811997033,16.55,electronics_accessories
1498,ord_00008812,2025-06-10 06:12:27.425125512,89.01,apparel
1498,ord_00008813,2025-08-18 14:15:01.307952982,21.36,electronics_accessories
1498,ord_00008814,2025-09-29 00:47:39.048755398,49.21,home_goods
1498,ord_00008815,2026-01-07 14:37:29.316522809,44.72,beauty
1498,ord_00008816,2026-04-14 01:45:10.909180913,20.67,home_goods
1498,ord_00008817,2026-06-21 00:34:53.674177441,49.13,electronics_accessories
1499,ord_00008818,2024-08-13 00:00:00.000000000,51.43,outdoor
1500,ord_00008819,2026-06-25 00:00:00.000000000,60.56,electronics_accessories
1501,ord_00008820,2024-11-23 00:00:00.000000000,59.94,home_goods
1501,ord_00008821,2025-04-11 05:16:06.024242966,63.62,electronics_accessories
1501,ord_00008822,2025-11-28 22:09:32.744129354,29.1,outdoor
1501,ord_00008823,2026-06-14 13:19:33.410748354,43.04,apparel
1502,ord_00008824,2025-11-14 00:00:00.000000000,80.09,home_goods
1502,ord_00008825,2025-12-23 13:27:29.183125757,46.78,electronics_accessories
1502,ord_00008826,2026-02-25 02:11:12.735429583,46.37,electronics_accessories
1502,ord_00008827,2026-03-20 07:31:51.740912007,60.64,beauty
1502,ord_00008828,2026-04-17 20:21:27.912588659,58.49,beauty
1502,ord_00008829,2026-05-07 18:02:00.234294092,114.71,beauty
1502,ord_00008830,2026-07-07 05:36:33.224530117,47.74,home_goods
1503,ord_00008831,2026-02-28 00:00:00.000000000,50.61,electronics_accessories
1504,ord_00008832,2025-11-13 00:00:00.000000000,37.81,electronics_accessories
1505,ord_00008833,2026-01-20 00:00:00.000000000,96.64,beauty
1505,ord_00008834,2026-04-02 21:21:35.065702300,27.55,electronics_accessories
1505,ord_00008835,2026-05-13 23:48:03.222725945,59.17,home_goods
1505,ord_00008836,2026-06-15 03:36:00.606458012,75.03,electronics_accessories
1505,ord_00008837,2026-07-26 13:17:22.970099546,69.15,outdoor
1506,ord_00008838,2026-08-07 00:00:00.000000000,23.57,electronics_accessories
1507,ord_00008839,2026-05-08 00:00:00.000000000,41.81,beauty
1507,ord_00008840,2026-07-31 21:51:12.511491669,65.26,outdoor
1508,ord_00008841,2025-04-25 00:00:00.000000000,18.58,apparel
1509,ord_00008842,2025-02-21 00:00:00.000000000,31.0,home_goods
1510,ord_00008843,2024-11-25 00:00:00.000000000,46.5,home_goods
1510,ord_00008844,2025-01-12 13:23:12.868848175,29.0,beauty
1510,ord_00008845,2025-03-16 11:56:30.512520378,34.47,outdoor
1510,ord_00008846,2025-05-28 19:19:47.315003304,52.74,outdoor
1510,ord_00008847,2025-07-17 08:56:24.483340351,41.66,home_goods
1510,ord_00008848,2025-08-21 05:45:22.962997905,31.63,electronics_accessories
1510,ord_00008849,2025-11-09 02:34:45.935815442,45.43,home_goods
1510,ord_00008850,2026-01-14 21:08:41.631120533,54.26,home_goods
1510,ord_00008851,2026-03-17 13:15:59.336150059,21.84,outdoor
1510,ord_00008852,2026-04-28 21:05:52.089124694,42.98,home_goods
1510,ord_00008853,2026-07-07 20:49:09.871159011,54.08,beauty
1511,ord_00008854,2025-07-25 00:00:00.000000000,68.54,outdoor
1512,ord_00008855,2025-12-22 00:00:00.000000000,55.07,apparel
1513,ord_00008856,2025-02-04 00:00:00.000000000,86.14,apparel
1513,ord_00008857,2025-02-19 10:41:25.978337434,50.82,apparel
1513,ord_00008858,2025-03-17 16:16:38.854908523,45.37,home_goods
1513,ord_00008859,2025-04-07 00:24:50.587530659,73.81,apparel
1513,ord_00008860,2025-04-25 01:41:26.431590073,64.52,outdoor
1513,ord_00008861,2025-05-08 05:29:40.430081357,91.81,electronics_accessories
1513,ord_00008862,2025-05-20 16:31:18.178460820,68.64,outdoor
1513,ord_00008863,2025-06-08 13:18:12.805426770,51.72,apparel
1513,ord_00008864,2025-06-29 23:30:28.279433028,63.44,electronics_accessories
1513,ord_00008865,2025-07-18 11:11:20.293610150,55.74,outdoor
1513,ord_00008866,2025-08-16 11:08:28.331913593,112.18,beauty
1513,ord_00008867,2025-08-30 14:42:34.508562562,51.51,apparel
1513,ord_00008868,2025-09-17 22:28:03.737959779,36.67,home_goods
1513,ord_00008869,2025-09-28 09:13:08.270007801,44.81,outdoor
1513,ord_00008870,2025-10-16 21:10:33.166201131,95.07,home_goods
1513,ord_00008871,2025-11-12 20:44:42.678233518,39.4,outdoor
1513,ord_00008872,2025-11-25 13:38:17.812391816,36.58,outdoor
1513,ord_00008873,2025-12-17 22:07:52.250724261,44.93,apparel
1513,ord_00008874,2026-01-13 16:13:10.027501297,37.56,apparel
1513,ord_00008875,2026-01-27 19:02:59.888270460,31.32,beauty
1513,ord_00008876,2026-02-16 18:25:51.634081830,64.32,apparel
1513,ord_00008877,2026-03-16 15:46:42.708279791,35.67,electronics_accessories
1513,ord_00008878,2026-04-04 06:19:50.805940353,36.68,apparel
1513,ord_00008879,2026-04-26 05:58:41.647793761,190.22,home_goods
1513,ord_00008880,2026-05-06 10:43:34.401103445,87.78,beauty
1513,ord_00008881,2026-05-27 05:12:06.886405220,119.79,home_goods
1513,ord_00008882,2026-06-16 11:52:16.979231869,149.5,beauty
1513,ord_00008883,2026-06-28 03:48:15.734888242,31.84,apparel
1513,ord_00008884,2026-07-11 03:50:21.630881183,123.56,electronics_accessories
1513,ord_00008885,2026-07-31 23:20:33.871591092,29.54,electronics_accessories
1514,ord_00008886,2024-08-08 00:00:00.000000000,66.41,home_goods
1514,ord_00008887,2024-08-26 15:36:05.301085977,35.03,home_goods
1514,ord_00008888,2024-09-17 15:42:00.625964223,69.22,apparel
1514,ord_00008889,2024-10-15 17:13:04.620945565,78.9,electronics_accessories
1514,ord_00008890,2024-11-08 08:15:46.147111596,44.54,electronics_accessories
1514,ord_00008891,2024-12-24 20:44:47.868709858,18.73,electronics_accessories
1514,ord_00008892,2025-01-27 18:08:11.250334108,18.59,beauty
1514,ord_00008893,2025-03-08 23:19:27.018190119,66.22,beauty
1514,ord_00008894,2025-04-16 21:19:22.456250713,53.24,outdoor
1514,ord_00008895,2025-05-18 16:15:59.391389475,57.15,electronics_accessories
1514,ord_00008896,2025-07-03 04:08:44.345439274,54.55,electronics_accessories
1514,ord_00008897,2025-08-10 21:50:39.123518041,160.02,outdoor
1514,ord_00008898,2025-09-10 15:39:40.640609164,30.44,outdoor
1514,ord_00008899,2025-10-01 01:29:01.620814399,41.94,home_goods
1514,ord_00008900,2025-11-09 14:29:17.837818351,37.02,beauty
1514,ord_00008901,2025-12-02 18:31:11.371851066,61.26,electronics_accessories
1514,ord_00008902,2026-01-09 16:23:20.860184110,72.93,home_goods
1514,ord_00008903,2026-02-13 07:35:57.233567812,82.19,beauty
1514,ord_00008904,2026-03-07 19:20:55.685076929,57.63,electronics_accessories
1514,ord_00008905,2026-04-13 08:32:56.074939545,39.31,apparel
1514,ord_00008906,2026-05-19 04:16:23.871598832,41.7,apparel
1514,ord_00008907,2026-06-24 00:56:02.168525648,174.3,apparel
1514,ord_00008908,2026-07-29 09:18:08.797805648,62.9,outdoor
1515,ord_00008909,2026-02-09 00:00:00.000000000,96.43,beauty
1515,ord_00008910,2026-03-17 08:43:08.664367200,47.79,home_goods
1515,ord_00008911,2026-05-04 21:41:20.108168442,32.67,electronics_accessories
1515,ord_00008912,2026-06-22 19:48:17.597542263,57.48,apparel
1516,ord_00008913,2024-11-15 00:00:00.000000000,56.2,outdoor
1517,ord_00008914,2026-03-01 00:00:00.000000000,101.35,home_goods
1518,ord_00008915,2026-02-03 00:00:00.000000000,56.0,home_goods
1518,ord_00008916,2026-02-21 14:08:39.715257509,39.17,apparel
1518,ord_00008917,2026-03-17 17:01:01.795540261,58.99,beauty
1518,ord_00008918,2026-04-24 00:50:30.385511891,93.75,beauty
1518,ord_00008919,2026-05-17 14:11:37.594479264,140.86,beauty
1518,ord_00008920,2026-06-13 01:34:13.418817271,40.18,beauty
1518,ord_00008921,2026-07-14 09:48:16.177702471,47.85,outdoor
1518,ord_00008922,2026-08-06 15:08:48.900289413,40.29,apparel
1519,ord_00008923,2025-06-12 00:00:00.000000000,61.24,outdoor
1520,ord_00008924,2024-09-22 00:00:00.000000000,85.12,outdoor
1521,ord_00008925,2025-11-10 00:00:00.000000000,44.2,outdoor
1522,ord_00008926,2024-10-24 00:00:00.000000000,66.93,apparel
1523,ord_00008927,2025-11-06 00:00:00.000000000,20.3,outdoor
1523,ord_00008928,2026-02-18 12:12:47.353967584,32.6,home_goods
1523,ord_00008929,2026-04-24 22:06:21.614523529,39.24,apparel
1524,ord_00008930,2025-07-02 00:00:00.000000000,100.28,outdoor
1524,ord_00008931,2025-07-25 15:12:53.628149135,38.19,outdoor
1524,ord_00008932,2025-08-05 15:12:16.734963813,34.84,apparel
1524,ord_00008933,2025-09-01 18:22:59.136638370,127.54,apparel
1524,ord_00008934,2025-09-17 14:32:28.489967888,94.48,apparel
1524,ord_00008935,2025-10-16 12:35:22.952579750,29.5,apparel
1524,ord_00008936,2025-10-30 17:18:09.830858038,56.33,outdoor
1524,ord_00008937,2025-12-02 06:20:26.663119479,91.53,home_goods
1524,ord_00008938,2025-12-15 23:17:14.979004152,51.47,outdoor
1524,ord_00008939,2025-12-26 15:14:40.331560017,37.77,home_goods
1524,ord_00008940,2026-01-14 03:22:40.965305809,35.93,apparel
1524,ord_00008941,2026-02-09 14:13:45.975947284,15.9,home_goods
1524,ord_00008942,2026-03-04 18:02:30.531367533,22.03,beauty
1524,ord_00008943,2026-03-30 15:30:37.995176097,66.54,home_goods
1524,ord_00008944,2026-04-22 22:37:22.160679172,17.81,outdoor
1524,ord_00008945,2026-05-07 05:24:41.039071418,33.41,outdoor
1524,ord_00008946,2026-05-30 05:10:29.216513784,106.99,apparel
1524,ord_00008947,2026-06-17 23:59:02.704540600,33.32,apparel
1524,ord_00008948,2026-07-02 18:19:49.577895763,43.6,electronics_accessories
1524,ord_00008949,2026-07-22 00:59:38.926446598,181.92,outdoor
1525,ord_00008950,2025-05-21 00:00:00.000000000,68.44,home_goods
1525,ord_00008951,2025-07-06 11:08:59.911762717,53.75,outdoor
1525,ord_00008952,2025-08-15 11:16:21.753196142,24.61,outdoor
1525,ord_00008953,2025-10-14 17:05:14.511894595,46.48,beauty
1525,ord_00008954,2025-11-15 17:03:49.067372936,63.87,apparel
1525,ord_00008955,2025-12-10 13:26:37.767980559,41.2,electronics_accessories
1525,ord_00008956,2026-01-22 20:51:14.454296315,71.71,outdoor
1525,ord_00008957,2026-03-21 17:34:18.814599216,47.26,beauty
1525,ord_00008958,2026-04-28 19:01:36.525724009,57.68,beauty
1525,ord_00008959,2026-06-15 16:54:30.277432117,46.38,apparel
1525,ord_00008960,2026-07-17 02:48:26.110294140,53.77,outdoor
1526,ord_00008961,2025-05-04 00:00:00.000000000,78.07,outdoor
1527,ord_00008962,2025-04-05 00:00:00.000000000,39.37,home_goods
1528,ord_00008963,2025-01-26 00:00:00.000000000,60.03,home_goods
1529,ord_00008964,2026-01-04 00:00:00.000000000,116.94,apparel
1530,ord_00008965,2026-07-08 00:00:00.000000000,167.87,apparel
1531,ord_00008966,2025-03-23 00:00:00.000000000,77.83,beauty
1532,ord_00008967,2025-10-29 00:00:00.000000000,43.88,apparel
1533,ord_00008968,2025-01-04 00:00:00.000000000,44.73,apparel
1533,ord_00008969,2025-01-11 14:29:34.765839977,40.63,home_goods
1533,ord_00008970,2025-01-31 14:31:36.899849357,15.75,home_goods
1533,ord_00008971,2025-02-18 10:09:43.435850019,54.51,electronics_accessories
1533,ord_00008972,2025-03-18 07:02:35.359969653,53.27,apparel
1533,ord_00008973,2025-04-04 12:46:47.258327245,38.35,apparel
1533,ord_00008974,2025-04-22 03:42:09.156709002,42.02,home_goods
1533,ord_00008975,2025-05-14 10:49:54.688471913,18.21,apparel
1533,ord_00008976,2025-06-08 02:41:11.907248496,46.84,apparel
1533,ord_00008977,2025-06-22 17:36:52.165401699,84.77,home_goods
1533,ord_00008978,2025-07-16 17:52:19.566987493,16.59,home_goods
1533,ord_00008979,2025-08-01 05:03:04.770073462,142.7,beauty
1533,ord_00008980,2025-08-19 09:16:40.252306680,45.09,home_goods
1533,ord_00008981,2025-09-10 12:06:17.318878925,61.14,apparel
1533,ord_00008982,2025-10-03 19:26:18.285248537,63.58,home_goods
1533,ord_00008983,2025-10-23 17:00:11.203381866,29.84,outdoor
1533,ord_00008984,2025-11-05 18:53:30.650543723,68.47,beauty
1533,ord_00008985,2025-11-16 02:34:10.779060820,74.9,outdoor
1533,ord_00008986,2025-12-03 04:50:27.060965237,40.61,beauty
1533,ord_00008987,2025-12-27 09:44:52.172164025,37.99,outdoor
1533,ord_00008988,2026-01-17 02:30:41.397773772,101.03,home_goods
1533,ord_00008989,2026-02-05 13:16:17.179990431,42.06,electronics_accessories
1533,ord_00008990,2026-02-23 14:25:37.638417147,41.47,electronics_accessories
1533,ord_00008991,2026-03-15 10:40:25.297006155,163.77,electronics_accessories
1533,ord_00008992,2026-03-28 20:48:39.542044090,25.57,beauty
1533,ord_00008993,2026-04-20 17:21:14.438016214,65.63,beauty
1533,ord_00008994,2026-05-14 00:53:02.371596517,106.69,electronics_accessories
1533,ord_00008995,2026-05-30 07:04:14.744564440,49.49,home_goods
1533,ord_00008996,2026-06-19 21:56:48.768887453,82.27,beauty
1533,ord_00008997,2026-06-30 17:18:46.503546442,72.06,home_goods
1533,ord_00008998,2026-07-19 19:28:24.287879748,100.9,apparel
1533,ord_00008999,2026-08-06 04:32:56.592777049,39.96,beauty
1534,ord_00009000,2025-04-02 00:00:00.000000000,61.89,electronics_accessories
1534,ord_00009001,2025-05-08 20:24:57.638337885,71.54,electronics_accessories
1534,ord_00009002,2025-06-21 00:44:29.523997439,28.12,outdoor
1534,ord_00009003,2025-07-26 21:45:09.639179727,65.2,outdoor
1534,ord_00009004,2025-09-20 18:21:44.660374508,80.52,home_goods
1534,ord_00009005,2025-10-29 00:51:09.739811413,22.83,beauty
1534,ord_00009006,2025-11-30 15:14:47.439071210,42.6,beauty
1534,ord_00009007,2026-01-04 00:03:00.846373404,53.69,outdoor
1534,ord_00009008,2026-02-13 09:48:47.139743825,62.46,apparel
1534,ord_00009009,2026-03-26 22:21:05.937442903,46.65,apparel
1534,ord_00009010,2026-05-17 15:31:36.285960111,115.08,home_goods
1534,ord_00009011,2026-07-02 08:02:25.709454843,28.25,beauty
1535,ord_00009012,2025-05-10 00:00:00.000000000,73.63,home_goods
1536,ord_00009013,2026-01-21 00:00:00.000000000,40.29,electronics_accessories
1537,ord_00009014,2024-11-24 00:00:00.000000000,31.59,beauty
1537,ord_00009015,2024-12-08 01:43:35.256190327,88.84,outdoor
1537,ord_00009016,2024-12-17 04:54:18.853468962,16.58,beauty
1537,ord_00009017,2025-01-02 16:29:34.606989662,57.94,beauty
1537,ord_00009018,2025-01-12 19:31:28.350465470,32.81,home_goods
1537,ord_00009019,2025-01-27 16:13:20.262649655,90.97,beauty
1537,ord_00009020,2025-02-12 06:01:42.632997736,131.82,beauty
1537,ord_00009021,2025-02-26 17:31:09.285916059,126.84,home_goods
1537,ord_00009022,2025-03-10 10:31:48.044461597,34.96,beauty
1537,ord_00009023,2025-03-23 17:25:37.473929857,48.12,home_goods
1537,ord_00009024,2025-04-12 21:31:52.888881951,73.88,home_goods
1537,ord_00009025,2025-04-25 08:34:37.319636923,31.09,home_goods
1537,ord_00009026,2025-05-09 14:26:21.414119528,32.86,home_goods
1537,ord_00009027,2025-05-21 13:51:30.971785633,55.36,apparel
1537,ord_00009028,2025-06-09 19:11:07.926573749,33.53,apparel
1537,ord_00009029,2025-06-24 06:52:52.949978152,27.87,apparel
1537,ord_00009030,2025-07-05 12:58:47.483622468,39.92,beauty
1537,ord_00009031,2025-07-19 17:22:41.383938450,45.83,outdoor
1537,ord_00009032,2025-08-01 21:21:18.414458613,33.11,apparel
1537,ord_00009033,2025-08-23 09:10:22.257695692,48.76,beauty
1537,ord_00009034,2025-09-06 08:19:15.497260457,44.11,electronics_accessories
1537,ord_00009035,2025-09-15 16:39:32.565332223,59.84,electronics_accessories
1537,ord_00009036,2025-10-02 03:08:21.091632117,41.1,beauty
1537,ord_00009037,2025-10-26 07:35:24.031325827,27.37,electronics_accessories
1537,ord_00009038,2025-11-15 14:00:10.920940601,47.8,apparel
1537,ord_00009039,2025-11-25 17:59:09.890645204,18.97,electronics_accessories
1537,ord_00009040,2025-12-08 19:20:54.587087488,24.98,apparel
1537,ord_00009041,2025-12-22 19:54:27.496367533,28.53,beauty
1537,ord_00009042,2026-01-05 21:41:39.072587497,50.48,beauty
1537,ord_00009043,2026-01-21 18:29:29.607814749,46.47,home_goods
1537,ord_00009044,2026-02-03 12:50:51.996225412,65.05,apparel
1537,ord_00009045,2026-02-14 06:56:00.508884700,48.28,home_goods
1537,ord_00009046,2026-03-05 02:51:34.910831274,29.91,electronics_accessories
1537,ord_00009047,2026-03-15 05:20:13.993175918,51.31,beauty
1537,ord_00009048,2026-03-26 08:21:45.523832694,27.13,beauty
1537,ord_00009049,2026-04-05 10:23:18.581413182,48.48,home_goods
1537,ord_00009050,2026-04-22 10:32:30.069227743,56.86,beauty
1537,ord_00009051,2026-05-07 01:14:16.279124825,34.45,beauty
1537,ord_00009052,2026-05-25 11:59:55.570566594,72.37,apparel
1537,ord_00009053,2026-06-05 16:22:59.927959852,34.39,outdoor
1537,ord_00009054,2026-06-15 09:37:29.755346320,27.9,apparel
1537,ord_00009055,2026-06-27 18:56:41.279128738,23.67,beauty
1537,ord_00009056,2026-07-11 04:31:09.956593756,54.82,home_goods
1537,ord_00009057,2026-07-26 06:10:50.109845820,100.56,apparel
1537,ord_00009058,2026-08-03 19:13:55.646037114,28.66,electronics_accessories
1538,ord_00009059,2026-07-11 00:00:00.000000000,39.57,electronics_accessories
1538,ord_00009060,2026-07-29 18:19:34.391647533,31.96,electronics_accessories
1539,ord_00009061,2026-03-25 00:00:00.000000000,77.71,home_goods
1539,ord_00009062,2026-04-16 05:49:10.894772360,75.61,home_goods
1539,ord_00009063,2026-05-15 07:46:05.291207787,26.0,electronics_accessories
1539,ord_00009064,2026-07-08 15:53:47.829217361,27.77,electronics_accessories
1540,ord_00009065,2025-04-19 00:00:00.000000000,53.3,apparel
1541,ord_00009066,2026-05-08 00:00:00.000000000,51.45,beauty
1541,ord_00009067,2026-06-30 04:55:08.981737824,74.29,beauty
1541,ord_00009068,2026-07-24 10:37:23.977999405,38.81,electronics_accessories
1542,ord_00009069,2026-02-09 00:00:00.000000000,78.25,beauty
1543,ord_00009070,2026-07-26 00:00:00.000000000,43.65,home_goods
1544,ord_00009071,2024-08-31 00:00:00.000000000,32.62,beauty
1545,ord_00009072,2026-04-16 00:00:00.000000000,82.52,electronics_accessories
1546,ord_00009073,2024-11-02 00:00:00.000000000,40.51,outdoor
1547,ord_00009074,2026-01-26 00:00:00.000000000,53.27,electronics_accessories
1548,ord_00009075,2025-01-25 00:00:00.000000000,183.69,outdoor
1548,ord_00009076,2025-02-17 05:15:22.091221804,34.44,beauty
1548,ord_00009077,2025-03-04 23:47:04.135432259,70.4,home_goods
1548,ord_00009078,2025-03-21 06:30:24.800718227,28.67,outdoor
1548,ord_00009079,2025-04-09 03:19:04.267426084,86.99,outdoor
1548,ord_00009080,2025-05-01 07:37:18.924023748,62.93,apparel
1548,ord_00009081,2025-05-15 22:29:00.060720626,54.1,beauty
1548,ord_00009082,2025-05-30 15:41:51.367824657,43.54,apparel
1548,ord_00009083,2025-06-14 09:21:44.227634907,47.49,electronics_accessories
1548,ord_00009084,2025-07-07 07:38:21.587713557,61.13,beauty
1548,ord_00009085,2025-07-23 13:23:54.074343389,31.06,apparel
1548,ord_00009086,2025-08-07 17:56:22.564729374,21.34,home_goods
1548,ord_00009087,2025-08-26 09:14:36.444014641,42.09,outdoor
1548,ord_00009088,2025-09-24 02:18:54.887715369,32.18,beauty
1548,ord_00009089,2025-10-11 01:05:16.008075952,129.45,home_goods
1548,ord_00009090,2025-10-26 08:00:16.373496292,32.8,apparel
1548,ord_00009091,2025-11-25 00:34:04.266608547,63.76,beauty
1548,ord_00009092,2025-12-19 17:23:56.562099120,53.4,outdoor
1548,ord_00009093,2026-01-12 08:59:56.064908432,100.97,outdoor
1548,ord_00009094,2026-01-26 15:19:29.263569271,39.08,outdoor
1548,ord_00009095,2026-02-09 11:37:08.555456896,46.21,beauty
1548,ord_00009096,2026-02-19 01:04:39.716133720,67.86,apparel
1548,ord_00009097,2026-03-13 04:26:24.340911770,49.92,beauty
1548,ord_00009098,2026-03-30 03:32:38.248583543,59.19,outdoor
1548,ord_00009099,2026-04-08 19:18:14.651939823,47.18,home_goods
1548,ord_00009100,2026-05-02 13:48:35.829474564,71.61,beauty
1548,ord_00009101,2026-05-17 13:19:40.200162764,57.16,apparel
1548,ord_00009102,2026-06-02 02:23:23.993960834,32.69,electronics_accessories
1548,ord_00009103,2026-06-12 15:03:30.646746539,38.85,electronics_accessories
1548,ord_00009104,2026-07-01 20:09:53.542708745,90.19,beauty
1548,ord_00009105,2026-07-21 02:35:49.889115206,244.98,outdoor
1548,ord_00009106,2026-08-06 10:43:08.973698925,57.52,outdoor
1549,ord_00009107,2024-10-15 00:00:00.000000000,45.14,outdoor
1550,ord_00009108,2026-02-20 00:00:00.000000000,53.24,electronics_accessories
1551,ord_00009109,2025-06-18 00:00:00.000000000,50.13,outdoor
1552,ord_00009110,2025-01-24 00:00:00.000000000,62.22,electronics_accessories
1553,ord_00009111,2026-05-20 00:00:00.000000000,36.9,apparel
1554,ord_00009112,2025-10-28 00:00:00.000000000,59.13,beauty
1555,ord_00009113,2026-07-03 00:00:00.000000000,38.32,electronics_accessories
1556,ord_00009114,2024-08-28 00:00:00.000000000,35.46,electronics_accessories
1556,ord_00009115,2024-09-19 23:56:12.863356838,32.98,apparel
1556,ord_00009116,2024-10-22 21:55:37.321722232,51.02,home_goods
1556,ord_00009117,2024-11-24 15:32:56.266706045,84.23,home_goods
1556,ord_00009118,2024-12-28 17:33:53.131137403,104.17,outdoor
1556,ord_00009119,2025-01-27 08:08:03.778000622,35.26,apparel
1556,ord_00009120,2025-03-09 16:34:59.683050936,28.47,home_goods
1556,ord_00009121,2025-05-10 18:07:43.170680026,70.43,outdoor
1556,ord_00009122,2025-06-22 04:42:33.029365889,63.38,outdoor
1556,ord_00009123,2025-07-20 19:55:03.134821693,113.4,home_goods
1556,ord_00009124,2025-08-19 18:50:08.456426654,46.2,home_goods
1556,ord_00009125,2025-09-25 05:33:18.870968573,31.25,beauty
1556,ord_00009126,2025-10-21 22:06:40.869562898,56.53,electronics_accessories
1556,ord_00009127,2025-12-05 15:15:49.653992316,50.05,outdoor
1556,ord_00009128,2026-02-04 21:09:42.706657551,38.65,apparel
1556,ord_00009129,2026-03-11 05:13:30.780263318,58.71,electronics_accessories
1556,ord_00009130,2026-04-21 23:19:51.600986801,27.77,apparel
1556,ord_00009131,2026-05-27 20:32:03.086567330,19.13,apparel
1556,ord_00009132,2026-06-30 15:25:20.988787320,24.75,electronics_accessories
1557,ord_00009133,2025-07-27 00:00:00.000000000,54.33,outdoor
1557,ord_00009134,2025-08-23 04:07:40.955432574,99.88,home_goods
1557,ord_00009135,2025-09-15 10:04:40.106882386,186.89,apparel
1557,ord_00009136,2025-11-09 04:51:58.314144987,72.21,apparel
1557,ord_00009137,2025-11-28 15:35:27.558972758,23.88,home_goods
1557,ord_00009138,2026-01-08 10:53:14.819345764,55.62,electronics_accessories
1557,ord_00009139,2026-02-04 11:48:05.407345735,64.97,apparel
1557,ord_00009140,2026-02-27 19:10:20.653298508,39.38,apparel
1557,ord_00009141,2026-04-02 15:51:26.367388802,30.5,home_goods
1557,ord_00009142,2026-04-27 10:38:48.252483826,75.64,apparel
1557,ord_00009143,2026-05-19 17:29:38.509811058,83.32,beauty
1557,ord_00009144,2026-07-07 07:07:12.486154198,84.54,beauty
1557,ord_00009145,2026-07-21 23:51:38.294732472,24.48,outdoor
1558,ord_00009146,2025-11-10 00:00:00.000000000,38.74,electronics_accessories
1559,ord_00009147,2026-05-25 00:00:00.000000000,23.66,apparel
1560,ord_00009148,2025-05-21 00:00:00.000000000,98.88,electronics_accessories
1560,ord_00009149,2025-07-14 21:07:07.569350881,35.21,outdoor
1560,ord_00009150,2025-08-15 05:27:34.106123022,34.59,beauty
1560,ord_00009151,2025-09-15 16:11:17.770217309,34.72,apparel
1560,ord_00009152,2025-10-24 12:43:47.786883584,61.61,apparel
1560,ord_00009153,2025-11-30 20:04:02.795843086,51.21,apparel
1560,ord_00009154,2026-01-07 11:38:24.878195325,56.05,apparel
1560,ord_00009155,2026-02-14 14:38:47.120816174,138.78,home_goods
1560,ord_00009156,2026-03-23 12:39:29.563323794,32.23,apparel
1560,ord_00009157,2026-04-23 12:55:32.471334447,37.49,outdoor
1560,ord_00009158,2026-06-07 15:33:20.871072550,62.99,outdoor
1560,ord_00009159,2026-07-09 04:33:56.010854815,54.78,electronics_accessories
1561,ord_00009160,2026-01-06 00:00:00.000000000,76.18,beauty
1561,ord_00009161,2026-05-13 06:24:15.903837820,62.57,apparel
1561,ord_00009162,2026-07-24 01:43:42.526709100,52.89,home_goods
1562,ord_00009163,2025-03-28 00:00:00.000000000,27.46,outdoor
1562,ord_00009164,2025-04-28 21:07:26.771596544,51.46,outdoor
1562,ord_00009165,2025-06-09 22:31:49.994903332,97.42,apparel
1562,ord_00009166,2025-07-16 00:25:08.034037684,128.26,home_goods
1562,ord_00009167,2025-08-12 23:18:57.017559096,45.51,home_goods
1562,ord_00009168,2025-09-11 22:26:07.119191828,30.1,home_goods
1562,ord_00009169,2025-10-17 08:24:33.838504336,41.53,beauty
1562,ord_00009170,2025-11-21 09:57:07.736086240,22.81,apparel
1562,ord_00009171,2025-12-26 17:59:14.460111733,27.48,outdoor
1562,ord_00009172,2026-01-26 23:43:59.465954219,34.18,electronics_accessories
1562,ord_00009173,2026-02-18 00:29:44.595718941,38.48,outdoor
1562,ord_00009174,2026-03-13 03:09:23.906760705,22.77,beauty
1562,ord_00009175,2026-04-14 12:47:17.582764789,51.45,home_goods
1562,ord_00009176,2026-05-20 17:47:09.859792442,78.83,electronics_accessories
1562,ord_00009177,2026-06-24 13:39:53.754799404,63.96,apparel
1562,ord_00009178,2026-07-17 14:39:13.569546727,36.17,electronics_accessories
1563,ord_00009179,2025-03-02 00:00:00.000000000,43.67,home_goods
1563,ord_00009180,2025-06-17 03:00:13.148515842,40.15,apparel
1563,ord_00009181,2025-09-20 17:02:16.268265011,18.63,apparel
1563,ord_00009182,2026-01-15 14:15:52.012444911,62.76,home_goods
1563,ord_00009183,2026-04-25 18:38:54.629558527,19.06,home_goods
1564,ord_00009184,2026-06-07 00:00:00.000000000,74.0,apparel
1564,ord_00009185,2026-07-13 22:08:08.029913812,22.8,electronics_accessories
1565,ord_00009186,2025-08-19 00:00:00.000000000,26.07,apparel
1565,ord_00009187,2025-10-18 12:13:55.400994768,36.4,electronics_accessories
1565,ord_00009188,2025-12-23 09:23:23.580540462,76.04,home_goods
1565,ord_00009189,2026-01-24 02:59:30.404741707,52.34,apparel
1565,ord_00009190,2026-03-07 05:24:21.862298269,66.54,outdoor
1565,ord_00009191,2026-05-31 14:10:29.607006177,73.74,apparel
1565,ord_00009192,2026-07-22 16:38:09.906801978,43.25,beauty
1566,ord_00009193,2024-11-16 00:00:00.000000000,13.16,home_goods
1567,ord_00009194,2024-08-25 00:00:00.000000000,92.92,apparel
1568,ord_00009195,2025-03-09 00:00:00.000000000,76.96,home_goods
1569,ord_00009196,2025-11-10 00:00:00.000000000,114.22,apparel
1570,ord_00009197,2024-08-23 00:00:00.000000000,35.51,outdoor
1571,ord_00009198,2025-04-02 00:00:00.000000000,78.36,beauty
1572,ord_00009199,2026-07-05 00:00:00.000000000,62.73,outdoor
1572,ord_00009200,2026-08-05 06:29:47.837651496,36.08,electronics_accessories
1573,ord_00009201,2026-01-27 00:00:00.000000000,66.28,apparel
1573,ord_00009202,2026-02-08 08:30:29.112780104,38.86,home_goods
1573,ord_00009203,2026-03-21 09:29:58.618668441,25.9,electronics_accessories
1573,ord_00009204,2026-04-08 06:58:44.028520761,25.24,electronics_accessories
1573,ord_00009205,2026-04-26 13:52:49.864665885,78.65,electronics_accessories
1573,ord_00009206,2026-05-09 13:51:47.033370675,102.81,home_goods
1573,ord_00009207,2026-06-08 18:17:43.743650393,67.37,apparel
1573,ord_00009208,2026-07-01 09:53:17.608772288,36.32,beauty
1573,ord_00009209,2026-07-22 08:41:05.345482976,98.67,home_goods
1574,ord_00009210,2025-02-26 00:00:00.000000000,91.34,outdoor
1574,ord_00009211,2025-05-03 10:07:52.416516550,93.66,apparel
1574,ord_00009212,2025-06-24 21:58:29.222437549,60.81,outdoor
1574,ord_00009213,2025-08-13 09:36:44.908949481,51.68,home_goods
1574,ord_00009214,2025-09-28 23:49:27.852685568,28.36,apparel
1574,ord_00009215,2025-12-09 06:45:03.894980613,39.63,electronics_accessories
1574,ord_00009216,2026-03-13 20:59:09.346584784,28.87,apparel
1574,ord_00009217,2026-05-06 02:14:58.831916426,48.56,electronics_accessories
1574,ord_00009218,2026-06-22 18:51:09.419816246,51.49,home_goods
1574,ord_00009219,2026-07-30 17:46:59.535928789,87.77,outdoor
1575,ord_00009220,2026-04-17 00:00:00.000000000,62.79,beauty
1576,ord_00009221,2025-10-27 00:00:00.000000000,31.05,electronics_accessories
1577,ord_00009222,2024-08-14 00:00:00.000000000,93.41,apparel
1577,ord_00009223,2025-05-18 13:09:05.835680096,50.34,home_goods
1577,ord_00009224,2025-09-01 04:30:04.006133274,86.57,beauty
1577,ord_00009225,2026-02-02 13:08:07.317375974,48.88,outdoor
1577,ord_00009226,2026-07-13 22:56:03.271079916,21.13,outdoor
1578,ord_00009227,2025-03-24 00:00:00.000000000,68.98,beauty
1578,ord_00009228,2025-05-22 03:28:52.805400612,34.79,apparel
1578,ord_00009229,2025-06-30 08:20:15.038759041,79.89,electronics_accessories
1578,ord_00009230,2025-10-03 01:27:48.507800617,65.62,outdoor
1578,ord_00009231,2025-11-27 03:28:38.965116873,32.56,home_goods
1578,ord_00009232,2026-01-03 12:12:35.266937379,51.33,electronics_accessories
1578,ord_00009233,2026-02-08 02:40:24.350287876,78.63,beauty
1578,ord_00009234,2026-04-13 14:11:52.223809984,66.17,home_goods
1578,ord_00009235,2026-06-17 15:36:30.705104022,39.44,beauty
1578,ord_00009236,2026-08-02 10:43:50.112575328,48.99,apparel
1579,ord_00009237,2025-03-09 00:00:00.000000000,28.19,apparel
1579,ord_00009238,2025-05-09 14:06:20.907691732,39.76,outdoor
1579,ord_00009239,2025-07-11 17:30:29.166048040,47.52,beauty
1579,ord_00009240,2025-11-20 11:24:28.535815636,67.35,apparel
1579,ord_00009241,2026-03-13 17:48:18.027998260,67.18,electronics_accessories
1579,ord_00009242,2026-05-07 07:33:43.091789992,40.41,outdoor
1580,ord_00009243,2024-12-01 00:00:00.000000000,24.88,home_goods
1580,ord_00009244,2024-12-26 07:14:47.633752315,131.42,home_goods
1580,ord_00009245,2025-02-08 15:49:40.853139500,26.61,apparel
1580,ord_00009246,2025-03-20 03:43:46.082782114,39.48,electronics_accessories
1580,ord_00009247,2025-04-20 03:08:57.810221128,83.59,outdoor
1580,ord_00009248,2025-05-23 21:55:00.708062611,53.58,home_goods
1580,ord_00009249,2025-06-26 22:40:14.408485404,50.2,apparel
1580,ord_00009250,2025-08-01 14:24:13.145361340,100.64,beauty
1580,ord_00009251,2025-10-05 15:27:54.837947456,41.41,home_goods
1580,ord_00009252,2025-12-16 11:39:04.010245826,80.3,outdoor
1580,ord_00009253,2026-01-02 10:10:00.205070489,54.53,beauty
1580,ord_00009254,2026-02-15 20:23:55.541001101,66.8,electronics_accessories
1580,ord_00009255,2026-04-07 22:53:53.246270182,54.7,beauty
1580,ord_00009256,2026-05-13 22:04:02.888035581,28.18,home_goods
1580,ord_00009257,2026-07-03 14:43:22.596430081,45.86,electronics_accessories
1581,ord_00009258,2026-03-31 00:00:00.000000000,39.6,beauty
1581,ord_00009259,2026-04-17 05:20:48.517585008,45.84,electronics_accessories
1581,ord_00009260,2026-05-03 14:48:28.911227156,32.13,home_goods
1581,ord_00009261,2026-05-25 23:12:36.300514629,39.62,apparel
1581,ord_00009262,2026-06-27 11:28:15.832108693,57.62,apparel
1581,ord_00009263,2026-07-22 15:08:06.330922679,28.15,electronics_accessories
1581,ord_00009264,2026-08-02 17:44:36.676336084,71.24,home_goods
1582,ord_00009265,2026-03-27 00:00:00.000000000,66.02,apparel
1583,ord_00009266,2026-06-24 00:00:00.000000000,34.12,home_goods
1584,ord_00009267,2024-10-04 00:00:00.000000000,77.11,home_goods
1585,ord_00009268,2024-12-26 00:00:00.000000000,45.8,beauty
1585,ord_00009269,2025-03-11 07:13:38.358602129,86.66,electronics_accessories
1585,ord_00009270,2025-06-09 11:24:21.799133876,40.34,apparel
1585,ord_00009271,2025-09-03 01:09:32.079585042,28.12,home_goods
1585,ord_00009272,2025-11-15 06:00:13.732164376,32.78,apparel
1585,ord_00009273,2025-12-25 06:54:25.617553477,67.39,outdoor
1585,ord_00009274,2026-03-09 23:40:34.133293974,29.68,home_goods
1585,ord_00009275,2026-05-13 09:12:10.900652746,57.49,electronics_accessories
1585,ord_00009276,2026-07-07 23:57:24.004722392,35.98,beauty
1586,ord_00009277,2025-08-10 00:00:00.000000000,37.57,apparel
1586,ord_00009278,2025-10-29 17:08:16.343878300,30.99,beauty
1586,ord_00009279,2026-03-02 23:15:28.499231768,32.88,outdoor
1586,ord_00009280,2026-05-19 08:53:33.845302802,25.43,apparel
1587,ord_00009281,2025-03-30 00:00:00.000000000,42.46,electronics_accessories
1588,ord_00009282,2025-11-27 00:00:00.000000000,49.7,beauty
1588,ord_00009283,2025-12-17 13:04:25.811795438,49.99,outdoor
1588,ord_00009284,2026-01-14 05:49:55.269005819,25.94,apparel
1588,ord_00009285,2026-02-09 05:48:00.258606286,45.78,apparel
1588,ord_00009286,2026-03-10 16:59:54.370332109,92.58,outdoor
1588,ord_00009287,2026-03-27 13:35:10.110914845,37.31,electronics_accessories
1588,ord_00009288,2026-04-11 12:59:16.462756119,83.5,apparel
1588,ord_00009289,2026-04-30 19:22:49.802487365,95.81,apparel
1588,ord_00009290,2026-05-16 07:17:54.480669162,21.72,outdoor
1588,ord_00009291,2026-05-26 04:17:10.075977031,62.89,apparel
1588,ord_00009292,2026-06-16 11:03:39.917148899,48.15,home_goods
1588,ord_00009293,2026-07-01 23:24:19.010965997,51.07,beauty
1588,ord_00009294,2026-07-12 16:37:32.545401983,83.04,outdoor
1588,ord_00009295,2026-07-26 23:35:58.843554005,77.36,apparel
1589,ord_00009296,2025-05-30 00:00:00.000000000,153.75,home_goods
1590,ord_00009297,2024-08-27 00:00:00.000000000,22.02,electronics_accessories
1591,ord_00009298,2024-09-06 00:00:00.000000000,50.85,home_goods
1592,ord_00009299,2025-10-23 00:00:00.000000000,38.26,electronics_accessories
1593,ord_00009300,2025-09-20 00:00:00.000000000,67.43,outdoor
1593,ord_00009301,2025-10-10 20:45:46.261577936,161.78,apparel
1593,ord_00009302,2025-10-26 06:16:55.898930395,29.56,beauty
1593,ord_00009303,2025-11-09 03:04:54.383744962,67.53,electronics_accessories
1593,ord_00009304,2025-12-07 17:18:18.036429464,94.25,electronics_accessories
1593,ord_00009305,2025-12-28 12:20:29.706330462,28.91,electronics_accessories
1593,ord_00009306,2026-01-08 13:20:53.438493181,31.15,beauty
1593,ord_00009307,2026-01-23 03:40:59.304492875,57.63,home_goods
1593,ord_00009308,2026-02-26 10:23:33.404591344,47.7,beauty
1593,ord_00009309,2026-03-25 17:51:44.852699158,59.29,electronics_accessories
1593,ord_00009310,2026-04-14 15:22:39.938739040,74.6,outdoor
1593,ord_00009311,2026-04-23 07:23:20.932866985,34.15,outdoor
1593,ord_00009312,2026-05-15 19:16:19.534424644,53.42,home_goods
1593,ord_00009313,2026-05-28 06:29:02.050040700,56.06,beauty
1593,ord_00009314,2026-06-19 16:58:13.875223603,34.61,beauty
1593,ord_00009315,2026-07-01 20:25:54.014492625,27.41,apparel
1593,ord_00009316,2026-07-19 07:38:06.082343578,39.64,apparel
1593,ord_00009317,2026-07-31 18:23:22.617798661,28.06,apparel
1594,ord_00009318,2026-07-10 00:00:00.000000000,24.42,apparel
1595,ord_00009319,2026-03-21 00:00:00.000000000,29.5,home_goods
1595,ord_00009320,2026-04-05 11:12:49.877195802,94.35,apparel
1595,ord_00009321,2026-04-24 01:20:45.602556396,60.04,electronics_accessories
1595,ord_00009322,2026-05-16 01:34:01.105116257,46.9,beauty
1595,ord_00009323,2026-06-06 13:18:15.708468678,50.18,electronics_accessories
1595,ord_00009324,2026-06-25 21:36:41.039577466,32.24,electronics_accessories
1595,ord_00009325,2026-07-07 12:53:15.543049110,50.92,outdoor
1595,ord_00009326,2026-07-19 03:26:03.346989515,78.86,home_goods
1595,ord_00009327,2026-08-07 01:25:25.711680212,52.64,electronics_accessories
1596,ord_00009328,2025-06-02 00:00:00.000000000,34.76,beauty
1596,ord_00009329,2025-07-02 18:37:28.802730092,124.36,apparel
1596,ord_00009330,2025-08-01 09:26:58.761393232,16.0,beauty
1596,ord_00009331,2025-08-25 12:34:44.383990958,120.5,beauty
1596,ord_00009332,2025-09-13 08:23:34.676440241,77.47,beauty
1596,ord_00009333,2025-10-06 23:06:43.957785396,35.15,home_goods
1596,ord_00009334,2025-11-03 07:26:08.937337823,48.23,home_goods
1596,ord_00009335,2025-11-18 16:06:54.550542202,81.46,beauty
1596,ord_00009336,2025-12-07 07:52:23.409755685,35.6,electronics_accessories
1596,ord_00009337,2025-12-20 14:18:58.436484236,56.18,home_goods
1596,ord_00009338,2026-01-07 09:14:09.244181468,18.83,apparel
1596,ord_00009339,2026-02-05 18:31:01.130953261,36.57,outdoor
1596,ord_00009340,2026-03-03 07:49:55.175772149,19.87,apparel
1596,ord_00009341,2026-03-22 13:56:53.528661681,55.73,outdoor
1596,ord_00009342,2026-03-30 19:45:56.194294081,123.74,home_goods
1596,ord_00009343,2026-04-15 00:17:01.821518327,28.35,electronics_accessories
1596,ord_00009344,2026-05-04 01:54:08.875953243,69.62,beauty
1596,ord_00009345,2026-05-21 09:50:31.841203146,45.17,outdoor
1596,ord_00009346,2026-06-09 02:00:01.092191515,48.86,electronics_accessories
1596,ord_00009347,2026-06-28 23:16:28.490248527,42.32,home_goods
1596,ord_00009348,2026-07-14 17:23:38.476539268,78.68,home_goods
1596,ord_00009349,2026-08-02 04:09:57.842540568,60.43,electronics_accessories
1597,ord_00009350,2025-10-23 00:00:00.000000000,58.27,electronics_accessories
1598,ord_00009351,2024-09-15 00:00:00.000000000,94.83,beauty
1599,ord_00009352,2025-12-14 00:00:00.000000000,26.77,beauty
1599,ord_00009353,2026-01-23 13:28:52.923958177,34.59,outdoor
1599,ord_00009354,2026-02-23 00:02:47.387368038,68.13,home_goods
1599,ord_00009355,2026-06-06 12:07:26.761274276,41.77,home_goods
1599,ord_00009356,2026-07-30 15:36:53.020911555,34.05,apparel
1600,ord_00009357,2025-01-04 00:00:00.000000000,76.27,beauty
1601,ord_00009358,2025-09-01 00:00:00.000000000,54.14,electronics_accessories
1601,ord_00009359,2025-10-22 06:13:30.577923433,47.37,electronics_accessories
1601,ord_00009360,2025-12-11 02:50:53.869326045,62.75,beauty
1601,ord_00009361,2026-02-03 11:23:39.425484510,115.65,apparel
1601,ord_00009362,2026-04-11 09:22:52.505320226,80.69,apparel
1601,ord_00009363,2026-05-23 14:34:33.600223623,50.19,electronics_accessories
1601,ord_00009364,2026-07-26 18:07:14.367826562,37.39,electronics_accessories
1602,ord_00009365,2026-03-02 00:00:00.000000000,50.94,outdoor
1603,ord_00009366,2026-06-01 00:00:00.000000000,45.82,beauty
1603,ord_00009367,2026-06-18 02:10:50.599622866,75.52,beauty
1603,ord_00009368,2026-07-15 22:34:30.091768852,36.89,home_goods
1603,ord_00009369,2026-08-01 18:22:35.596075960,69.4,apparel
1604,ord_00009370,2025-05-30 00:00:00.000000000,46.33,electronics_accessories
1604,ord_00009371,2025-06-23 16:14:46.467496753,42.24,beauty
1604,ord_00009372,2025-07-29 00:08:51.660381897,107.36,outdoor
1604,ord_00009373,2025-08-17 04:47:23.374868958,24.09,electronics_accessories
1604,ord_00009374,2025-09-21 05:43:57.460250696,26.29,electronics_accessories
1604,ord_00009375,2025-10-08 16:50:15.263510166,94.59,outdoor
1604,ord_00009376,2025-10-16 15:10:06.845110022,38.99,beauty
1604,ord_00009377,2025-11-13 00:05:17.520748254,37.64,home_goods
1604,ord_00009378,2025-12-08 18:07:08.004467791,26.49,home_goods
1604,ord_00009379,2026-01-05 01:32:14.027631418,59.76,apparel
1604,ord_00009380,2026-02-01 01:18:59.141720574,64.06,beauty
1604,ord_00009381,2026-02-24 05:58:12.715540838,62.98,beauty
1604,ord_00009382,2026-03-16 12:14:41.964446535,17.7,home_goods
1604,ord_00009383,2026-04-06 00:06:49.477868388,43.67,beauty
1604,ord_00009384,2026-04-25 01:51:07.999649325,51.38,beauty
1604,ord_00009385,2026-05-14 11:54:21.891390188,43.45,outdoor
1604,ord_00009386,2026-05-27 05:08:56.499644122,25.85,beauty
1604,ord_00009387,2026-06-11 10:13:57.040194595,89.42,home_goods
1604,ord_00009388,2026-07-02 06:37:28.695405950,160.24,beauty
1604,ord_00009389,2026-07-13 10:56:19.484406433,50.27,electronics_accessories
1604,ord_00009390,2026-07-25 10:40:53.005982455,50.38,home_goods
1605,ord_00009391,2024-09-27 00:00:00.000000000,85.31,electronics_accessories
1606,ord_00009392,2025-10-30 00:00:00.000000000,20.42,beauty
1607,ord_00009393,2024-08-30 00:00:00.000000000,77.84,outdoor
1607,ord_00009394,2024-10-18 20:26:21.335778218,41.44,outdoor
1607,ord_00009395,2025-01-09 06:57:21.861888592,116.29,apparel
1607,ord_00009396,2025-04-02 17:29:16.111508263,35.36,apparel
1607,ord_00009397,2025-06-06 10:08:04.568955826,23.18,home_goods
1607,ord_00009398,2025-07-18 07:40:18.779041659,60.83,beauty
1607,ord_00009399,2025-08-21 19:19:25.281918313,76.46,apparel
1607,ord_00009400,2025-10-22 15:33:45.998126465,104.22,electronics_accessories
1607,ord_00009401,2026-01-04 19:15:29.720156193,64.1,outdoor
1607,ord_00009402,2026-01-31 15:17:05.766348065,24.95,electronics_accessories
1607,ord_00009403,2026-04-09 22:54:53.854966393,37.0,beauty
1607,ord_00009404,2026-05-25 15:24:50.904042034,60.62,apparel
1607,ord_00009405,2026-06-23 07:18:33.947037380,125.14,electronics_accessories
1608,ord_00009406,2026-03-28 00:00:00.000000000,57.56,apparel
1609,ord_00009407,2025-12-08 00:00:00.000000000,72.44,outdoor
1610,ord_00009408,2026-06-02 00:00:00.000000000,51.32,apparel
1611,ord_00009409,2026-01-15 00:00:00.000000000,44.51,outdoor
1612,ord_00009410,2024-11-12 00:00:00.000000000,36.84,apparel
1612,ord_00009411,2024-12-12 03:47:58.438517624,34.19,apparel
1612,ord_00009412,2025-01-05 09:18:45.469918403,86.78,beauty
1612,ord_00009413,2025-02-18 12:15:44.292406271,89.92,apparel
1612,ord_00009414,2025-03-30 06:42:47.034926999,44.99,beauty
1612,ord_00009415,2025-05-29 02:10:03.526928497,16.5,outdoor
1612,ord_00009416,2025-07-06 03:30:47.033071291,66.61,outdoor
1612,ord_00009417,2025-08-05 04:53:47.102545190,108.36,beauty
1612,ord_00009418,2025-09-02 10:20:28.501834455,28.67,apparel
1612,ord_00009419,2025-10-06 23:32:49.923085164,53.09,electronics_accessories
1612,ord_00009420,2025-11-16 04:32:26.244432662,53.84,apparel
1612,ord_00009421,2025-12-17 20:10:52.755542489,67.46,home_goods
1612,ord_00009422,2026-01-08 18:07:06.073080008,52.79,home_goods
1612,ord_00009423,2026-02-05 01:03:58.400109220,26.95,beauty
1612,ord_00009424,2026-03-11 07:00:18.971812054,54.78,home_goods
1612,ord_00009425,2026-04-22 19:48:26.033821901,35.87,electronics_accessories
1612,ord_00009426,2026-05-14 15:17:38.123219128,60.01,outdoor
1612,ord_00009427,2026-06-20 12:28:03.043589985,97.41,electronics_accessories
1612,ord_00009428,2026-07-26 22:02:34.955838814,39.65,beauty
1613,ord_00009429,2024-08-24 00:00:00.000000000,85.58,apparel
1613,ord_00009430,2024-10-15 11:51:42.121235818,30.21,beauty
1613,ord_00009431,2025-03-01 08:33:03.539798960,41.34,outdoor
1613,ord_00009432,2025-05-23 11:07:59.909385656,50.69,apparel
1613,ord_00009433,2025-08-22 13:12:44.544451937,35.27,outdoor
1613,ord_00009434,2025-11-14 13:47:37.566977166,78.51,apparel
1613,ord_00009435,2026-02-22 13:48:26.133312609,44.83,electronics_accessories
1613,ord_00009436,2026-05-08 08:10:41.247623804,59.36,electronics_accessories
1614,ord_00009437,2025-11-27 00:00:00.000000000,27.68,beauty
1615,ord_00009438,2025-06-21 00:00:00.000000000,27.78,electronics_accessories
1615,ord_00009439,2025-07-08 23:46:48.883926139,72.13,home_goods
1615,ord_00009440,2025-08-07 06:07:01.179709064,82.06,outdoor
1615,ord_00009441,2025-08-30 12:35:32.959233252,47.59,home_goods
1615,ord_00009442,2025-09-12 05:50:26.984674813,45.1,outdoor
1615,ord_00009443,2025-09-30 06:02:32.662510966,37.67,beauty
1615,ord_00009444,2025-10-21 05:14:36.561380928,27.3,home_goods
1615,ord_00009445,2025-11-14 15:43:04.243217207,37.84,electronics_accessories
1615,ord_00009446,2025-11-30 17:39:14.864943211,92.75,home_goods
1615,ord_00009447,2025-12-14 05:18:26.711275092,37.31,apparel
1615,ord_00009448,2026-01-02 10:35:05.236454223,54.34,apparel
1615,ord_00009449,2026-01-25 15:03:13.309555462,70.57,home_goods
1615,ord_00009450,2026-02-15 14:26:21.231348970,111.0,beauty
1615,ord_00009451,2026-03-02 14:13:17.548781141,44.62,electronics_accessories
1615,ord_00009452,2026-04-04 16:23:02.377698984,75.78,electronics_accessories
1615,ord_00009453,2026-04-23 15:49:16.134858880,21.01,beauty
1615,ord_00009454,2026-05-14 09:01:57.521431824,80.49,electronics_accessories
1615,ord_00009455,2026-05-30 09:40:27.540682659,80.0,electronics_accessories
1615,ord_00009456,2026-06-26 15:30:33.005978083,32.26,home_goods
1615,ord_00009457,2026-07-19 20:26:54.906642503,69.07,home_goods
1616,ord_00009458,2024-10-16 00:00:00.000000000,54.8,apparel
1617,ord_00009459,2026-01-02 00:00:00.000000000,32.19,outdoor
1618,ord_00009460,2024-11-01 00:00:00.000000000,61.58,apparel
1618,ord_00009461,2024-12-10 07:06:50.053313378,29.35,electronics_accessories
1618,ord_00009462,2025-01-08 00:34:08.415789201,49.38,outdoor
1618,ord_00009463,2025-02-25 19:04:40.361763659,64.79,outdoor
1618,ord_00009464,2025-04-24 03:54:20.712148954,31.05,beauty
1618,ord_00009465,2025-06-24 16:11:45.587290582,57.89,apparel
1618,ord_00009466,2025-08-16 01:07:01.410424550,83.38,beauty
1618,ord_00009467,2025-10-12 02:38:32.252015228,50.81,electronics_accessories
1618,ord_00009468,2025-12-11 03:28:47.973295019,69.72,outdoor
1618,ord_00009469,2026-01-25 20:47:51.526044302,59.84,home_goods
1618,ord_00009470,2026-02-18 12:11:26.425708614,71.17,electronics_accessories
1618,ord_00009471,2026-04-22 17:27:03.781693206,67.66,apparel
1618,ord_00009472,2026-05-26 20:58:53.982803159,70.46,home_goods
1618,ord_00009473,2026-06-27 16:08:20.274452413,44.39,beauty
1618,ord_00009474,2026-07-29 17:36:40.686281745,54.23,apparel
1619,ord_00009475,2026-05-05 00:00:00.000000000,115.62,outdoor
1619,ord_00009476,2026-05-20 07:03:15.323111820,43.54,beauty
1619,ord_00009477,2026-07-05 13:23:37.041722883,50.22,outdoor
1619,ord_00009478,2026-08-03 06:20:07.821461374,64.25,outdoor
1620,ord_00009479,2025-02-10 00:00:00.000000000,38.15,apparel
1621,ord_00009480,2025-07-10 00:00:00.000000000,109.42,beauty
1622,ord_00009481,2025-08-20 00:00:00.000000000,74.83,outdoor
1623,ord_00009482,2025-02-21 00:00:00.000000000,27.17,electronics_accessories
1623,ord_00009483,2025-04-12 05:35:24.700698292,33.55,apparel
1623,ord_00009484,2025-06-18 14:49:07.134508667,11.58,apparel
1623,ord_00009485,2025-09-03 02:28:50.828770056,70.69,beauty
1623,ord_00009486,2025-12-08 23:06:33.907504136,51.3,home_goods
1623,ord_00009487,2026-05-04 12:22:09.556056858,21.96,home_goods
1623,ord_00009488,2026-07-17 18:51:57.576182960,83.53,outdoor
1624,ord_00009489,2024-09-07 00:00:00.000000000,49.08,apparel
1625,ord_00009490,2026-08-06 00:00:00.000000000,38.65,electronics_accessories
1626,ord_00009491,2025-03-29 00:00:00.000000000,181.92,outdoor
1626,ord_00009492,2025-05-06 02:36:26.384029757,247.89,home_goods
1626,ord_00009493,2025-06-19 07:09:42.923450706,26.35,home_goods
1626,ord_00009494,2025-07-26 23:37:09.207538232,27.18,beauty
1626,ord_00009495,2025-09-08 16:51:12.592473281,57.58,outdoor
1626,ord_00009496,2025-10-06 15:14:10.152071074,50.21,beauty
1626,ord_00009497,2025-10-31 13:31:47.701544207,80.36,outdoor
1626,ord_00009498,2025-12-12 01:54:10.225994395,17.73,outdoor
1626,ord_00009499,2026-01-25 05:29:28.971869317,67.58,beauty
1626,ord_00009500,2026-03-08 06:22:51.327064544,38.87,beauty
1626,ord_00009501,2026-04-14 16:34:39.999838522,40.23,outdoor
1626,ord_00009502,2026-05-17 08:01:22.736120439,32.88,apparel
1626,ord_00009503,2026-06-24 15:52:18.076440023,59.6,home_goods
1626,ord_00009504,2026-08-03 23:21:36.143682293,138.38,home_goods
1627,ord_00009505,2025-04-02 00:00:00.000000000,53.56,home_goods
1628,ord_00009506,2026-07-05 00:00:00.000000000,40.44,home_goods
1629,ord_00009507,2024-10-08 00:00:00.000000000,76.4,beauty
1630,ord_00009508,2026-03-18 00:00:00.000000000,59.33,electronics_accessories
1631,ord_00009509,2026-04-23 00:00:00.000000000,98.02,apparel
1632,ord_00009510,2025-04-28 00:00:00.000000000,33.74,home_goods
1632,ord_00009511,2025-06-23 22:04:17.391135732,36.02,beauty
1632,ord_00009512,2025-08-18 22:38:22.840267817,95.39,outdoor
1632,ord_00009513,2025-12-01 15:41:08.666109567,47.73,home_goods
1632,ord_00009514,2026-01-28 22:01:22.500104591,76.46,beauty
1632,ord_00009515,2026-03-13 20:09:11.245725533,144.97,electronics_accessories
1632,ord_00009516,2026-05-04 07:11:37.622292223,35.36,electronics_accessories
1632,ord_00009517,2026-08-03 04:52:52.607698182,38.35,outdoor
1633,ord_00009518,2025-09-14 00:00:00.000000000,49.28,electronics_accessories
1633,ord_00009519,2025-10-18 13:17:45.004799814,43.67,beauty
1633,ord_00009520,2025-11-20 04:32:56.715707558,116.95,home_goods
1633,ord_00009521,2025-12-21 16:04:57.894123252,36.1,home_goods
1633,ord_00009522,2026-01-23 03:56:55.660832929,50.3,electronics_accessories
1633,ord_00009523,2026-03-07 00:27:57.504036494,63.14,beauty
1633,ord_00009524,2026-03-30 12:50:44.932999698,48.03,home_goods
1633,ord_00009525,2026-04-29 15:05:31.933810480,52.4,beauty
1633,ord_00009526,2026-05-21 11:31:34.876763169,46.92,home_goods
1633,ord_00009527,2026-06-24 03:46:31.556655361,53.95,outdoor
1633,ord_00009528,2026-07-23 19:53:38.691805381,20.46,outdoor
1634,ord_00009529,2024-09-15 00:00:00.000000000,39.47,home_goods
1634,ord_00009530,2024-11-24 03:15:09.303153554,78.62,home_goods
1634,ord_00009531,2025-03-03 10:56:06.301096046,31.0,home_goods
1634,ord_00009532,2025-04-15 14:54:45.688978924,81.12,electronics_accessories
1634,ord_00009533,2025-05-23 11:38:06.184704494,34.09,beauty
1634,ord_00009534,2025-07-19 21:27:39.256818902,74.18,outdoor
1634,ord_00009535,2025-10-13 21:48:16.668629254,75.61,electronics_accessories
1634,ord_00009536,2025-12-30 15:31:16.063157872,49.14,electronics_accessories
1634,ord_00009537,2026-02-04 15:04:20.541666601,58.31,home_goods
1634,ord_00009538,2026-03-23 16:27:09.180637494,86.31,outdoor
1634,ord_00009539,2026-05-26 00:47:21.762781131,82.25,home_goods
1634,ord_00009540,2026-07-29 17:05:07.046959530,30.93,outdoor
1635,ord_00009541,2025-07-16 00:00:00.000000000,21.37,apparel
1635,ord_00009542,2025-09-09 11:27:21.912127996,59.34,electronics_accessories
1635,ord_00009543,2025-12-11 01:18:00.116846763,99.67,beauty
1635,ord_00009544,2026-02-26 13:05:02.453838820,54.1,home_goods
1635,ord_00009545,2026-04-08 01:36:46.787291936,63.71,beauty
1635,ord_00009546,2026-06-27 10:24:07.399272809,82.31,electronics_accessories
1636,ord_00009547,2026-06-25 00:00:00.000000000,54.56,apparel
1637,ord_00009548,2026-03-06 00:00:00.000000000,68.5,beauty
1638,ord_00009549,2025-04-17 00:00:00.000000000,14.65,outdoor
1638,ord_00009550,2025-05-09 21:05:01.636026457,87.97,beauty
1638,ord_00009551,2025-06-20 09:31:00.512251054,51.39,home_goods
1638,ord_00009552,2025-07-05 15:02:18.799552553,96.9,electronics_accessories
1638,ord_00009553,2025-08-05 22:48:58.125149183,62.8,apparel
1638,ord_00009554,2025-09-11 16:42:14.721834283,41.48,home_goods
1638,ord_00009555,2025-10-11 19:36:44.276614332,65.45,home_goods
1638,ord_00009556,2025-11-26 13:16:11.053430376,64.98,outdoor
1638,ord_00009557,2025-12-30 02:32:46.767028448,67.44,beauty
1638,ord_00009558,2026-01-27 12:26:10.448801319,85.45,beauty
1638,ord_00009559,2026-02-18 12:42:31.437719618,44.07,beauty
1638,ord_00009560,2026-03-19 02:24:09.543575801,30.3,home_goods
1638,ord_00009561,2026-04-19 03:57:45.739372820,43.15,home_goods
1638,ord_00009562,2026-05-14 12:16:14.332248610,31.49,outdoor
1638,ord_00009563,2026-06-03 18:32:59.773378858,61.49,home_goods
1638,ord_00009564,2026-06-21 09:58:11.341562241,16.33,beauty
1638,ord_00009565,2026-07-18 04:23:48.506254831,65.33,apparel
1638,ord_00009566,2026-08-03 10:09:31.638891011,57.95,outdoor
1639,ord_00009567,2025-05-29 00:00:00.000000000,55.55,home_goods
1640,ord_00009568,2024-09-30 00:00:00.000000000,111.9,home_goods
1640,ord_00009569,2024-10-26 21:03:22.411815524,32.79,electronics_accessories
1640,ord_00009570,2024-11-16 09:59:41.459214739,25.03,apparel
1640,ord_00009571,2024-11-28 08:30:04.931792944,27.1,outdoor
1640,ord_00009572,2024-12-26 05:17:12.307481868,47.55,home_goods
1640,ord_00009573,2025-01-25 18:18:55.302005688,32.55,beauty
1640,ord_00009574,2025-02-28 16:02:37.434611775,36.27,home_goods
1640,ord_00009575,2025-04-11 08:49:31.926320426,117.82,beauty
1640,ord_00009576,2025-05-08 18:55:16.159352376,69.09,home_goods
1640,ord_00009577,2025-06-03 03:42:57.979106385,73.17,apparel
1640,ord_00009578,2025-07-03 07:41:21.039156980,28.38,outdoor
1640,ord_00009579,2025-07-19 23:34:47.663227200,32.6,electronics_accessories
1640,ord_00009580,2025-08-02 03:33:58.557659554,35.98,beauty
1640,ord_00009581,2025-08-20 23:47:40.588575277,70.09,outdoor
1640,ord_00009582,2025-09-21 21:14:38.475267728,23.86,home_goods
1640,ord_00009583,2025-10-09 17:10:27.254175816,41.33,beauty
1640,ord_00009584,2025-11-03 17:12:00.994043649,37.97,apparel
1640,ord_00009585,2025-11-29 12:55:38.212762570,36.45,home_goods
1640,ord_00009586,2025-12-22 22:24:12.594374122,49.03,beauty
1640,ord_00009587,2026-01-06 18:04:20.541687329,53.65,home_goods
1640,ord_00009588,2026-01-30 20:22:38.934622895,48.79,outdoor
1640,ord_00009589,2026-02-19 00:11:32.276235139,86.41,apparel
1640,ord_00009590,2026-03-27 05:53:31.991727412,27.09,beauty
1640,ord_00009591,2026-04-26 19:46:40.830157151,42.42,apparel
1640,ord_00009592,2026-05-16 04:28:57.420919193,75.96,home_goods
1640,ord_00009593,2026-06-22 02:44:34.883239579,102.53,outdoor
1640,ord_00009594,2026-07-16 05:13:21.477501504,71.99,beauty
1640,ord_00009595,2026-07-29 09:14:25.984713383,97.94,home_goods
1641,ord_00009596,2026-07-15 00:00:00.000000000,75.81,home_goods
1642,ord_00009597,2025-04-05 00:00:00.000000000,77.23,beauty
1643,ord_00009598,2025-04-19 00:00:00.000000000,35.75,home_goods
1644,ord_00009599,2025-03-21 00:00:00.000000000,60.9,beauty
1645,ord_00009600,2026-05-28 00:00:00.000000000,51.82,beauty
1646,ord_00009601,2024-08-20 00:00:00.000000000,21.91,home_goods
1647,ord_00009602,2025-12-31 00:00:00.000000000,20.47,electronics_accessories
1648,ord_00009603,2026-07-19 00:00:00.000000000,91.61,beauty
1648,ord_00009604,2026-07-31 18:23:12.210091740,37.39,electronics_accessories
1649,ord_00009605,2025-09-15 00:00:00.000000000,81.92,home_goods
1649,ord_00009606,2025-10-11 00:08:22.951465176,48.92,apparel
1649,ord_00009607,2025-11-12 01:00:57.041249183,29.65,outdoor
1649,ord_00009608,2025-11-25 12:31:42.350950512,120.47,home_goods
1649,ord_00009609,2025-12-25 13:02:51.724276397,17.9,home_goods
1649,ord_00009610,2026-01-13 13:17:08.539106023,97.78,electronics_accessories
1649,ord_00009611,2026-01-31 05:22:38.164965108,52.37,home_goods
1649,ord_00009612,2026-02-26 04:41:34.216989221,29.51,home_goods
1649,ord_00009613,2026-03-28 21:57:36.479150938,122.84,beauty
1649,ord_00009614,2026-04-22 14:38:57.700417876,107.05,home_goods
1649,ord_00009615,2026-05-10 22:41:24.535544901,80.67,home_goods
1649,ord_00009616,2026-06-04 15:17:08.918231728,48.11,electronics_accessories
1649,ord_00009617,2026-06-25 02:40:59.356232808,40.23,electronics_accessories
1649,ord_00009618,2026-07-25 14:51:20.924203241,109.11,apparel
1650,ord_00009619,2024-09-15 00:00:00.000000000,33.48,beauty
1650,ord_00009620,2024-10-10 20:00:02.493828532,40.47,apparel
1650,ord_00009621,2024-11-11 07:31:38.274509429,74.7,apparel
1650,ord_00009622,2024-12-07 18:16:13.856724460,46.25,beauty
1650,ord_00009623,2025-01-11 03:39:37.727788633,86.54,electronics_accessories
1650,ord_00009624,2025-02-05 20:58:40.093246276,23.93,home_goods
1650,ord_00009625,2025-03-15 13:03:21.558021836,48.21,home_goods
1650,ord_00009626,2025-05-01 09:39:48.672643753,91.91,electronics_accessories
1650,ord_00009627,2025-05-31 19:35:22.986730776,25.84,home_goods
1650,ord_00009628,2025-07-28 14:58:38.271080338,66.11,outdoor
1650,ord_00009629,2025-09-08 07:09:36.453115848,52.45,electronics_accessories
1650,ord_00009630,2025-11-03 17:36:33.987955916,71.3,home_goods
1650,ord_00009631,2025-12-02 21:46:37.032075990,44.65,beauty
1650,ord_00009632,2025-12-20 22:59:42.552850179,54.87,beauty
1650,ord_00009633,2026-01-13 23:59:33.940727129,50.51,apparel
1650,ord_00009634,2026-02-07 18:55:10.223548717,39.76,beauty
1650,ord_00009635,2026-03-02 02:43:30.854985840,54.95,apparel
1650,ord_00009636,2026-03-17 11:45:58.647470886,19.14,apparel
1650,ord_00009637,2026-04-26 21:33:00.850839462,87.37,outdoor
1650,ord_00009638,2026-05-13 21:42:57.840775650,53.02,electronics_accessories
1650,ord_00009639,2026-06-22 04:02:03.575970043,33.78,home_goods
1651,ord_00009640,2024-12-30 00:00:00.000000000,29.39,beauty
1652,ord_00009641,2026-01-03 00:00:00.000000000,89.56,beauty
1653,ord_00009642,2025-02-08 00:00:00.000000000,37.78,beauty
1654,ord_00009643,2025-07-18 00:00:00.000000000,73.53,electronics_accessories
1655,ord_00009644,2026-07-08 00:00:00.000000000,23.13,apparel
1655,ord_00009645,2026-07-26 21:15:53.200329302,58.46,home_goods
1656,ord_00009646,2025-08-05 00:00:00.000000000,63.76,apparel
1657,ord_00009647,2024-10-20 00:00:00.000000000,83.41,electronics_accessories
1658,ord_00009648,2025-04-27 00:00:00.000000000,57.69,electronics_accessories
1658,ord_00009649,2025-06-16 23:07:41.297269216,76.76,apparel
1658,ord_00009650,2025-07-21 20:07:26.865855133,90.51,apparel
1658,ord_00009651,2025-09-18 20:29:02.989823630,30.72,electronics_accessories
1658,ord_00009652,2025-10-14 09:08:19.330688344,27.07,home_goods
1658,ord_00009653,2025-11-16 03:48:12.586020791,42.39,beauty
1658,ord_00009654,2025-12-11 09:37:14.299073714,52.82,outdoor
1658,ord_00009655,2026-01-14 03:31:47.104869640,20.1,apparel
1658,ord_00009656,2026-02-23 07:44:23.788717954,124.33,beauty
1658,ord_00009657,2026-04-18 07:51:55.746968000,43.6,electronics_accessories
1658,ord_00009658,2026-05-28 11:52:17.024287411,76.11,electronics_accessories
1658,ord_00009659,2026-07-02 16:38:53.384862642,131.91,beauty
1658,ord_00009660,2026-07-29 03:11:57.043846969,21.94,apparel
1659,ord_00009661,2024-09-11 00:00:00.000000000,60.47,apparel
1660,ord_00009662,2025-07-10 00:00:00.000000000,94.1,beauty
1661,ord_00009663,2025-03-13 00:00:00.000000000,95.34,electronics_accessories
1662,ord_00009664,2025-07-19 00:00:00.000000000,33.0,beauty
1662,ord_00009665,2025-08-23 13:01:39.814763439,50.68,beauty
1662,ord_00009666,2025-10-12 14:52:53.899012085,54.88,home_goods
1662,ord_00009667,2025-12-24 00:52:40.172972488,20.2,home_goods
1662,ord_00009668,2026-01-23 08:13:07.089616804,54.94,beauty
1662,ord_00009669,2026-02-23 04:11:47.016987502,25.27,beauty
1662,ord_00009670,2026-04-26 02:22:27.159803221,61.23,apparel
1662,ord_00009671,2026-06-11 09:26:58.561263109,81.2,apparel
1663,ord_00009672,2025-04-05 00:00:00.000000000,31.12,beauty
1663,ord_00009673,2025-04-24 04:52:23.927463910,43.13,apparel
1663,ord_00009674,2025-05-31 04:08:57.264021689,64.84,home_goods
1663,ord_00009675,2025-06-19 20:10:10.843057181,66.24,home_goods
1663,ord_00009676,2025-08-05 04:37:12.504479287,40.22,home_goods
1663,ord_00009677,2025-08-31 00:44:39.474676806,61.16,electronics_accessories
1663,ord_00009678,2025-10-08 23:27:11.715200321,38.6,apparel
1663,ord_00009679,2025-11-04 09:59:26.880800951,51.1,electronics_accessories
1663,ord_00009680,2025-12-02 04:33:17.869810244,24.86,beauty
1663,ord_00009681,2025-12-27 12:07:05.292273686,29.97,beauty
1663,ord_00009682,2026-02-05 09:51:12.807420483,84.48,electronics_accessories
1663,ord_00009683,2026-03-04 03:03:16.473402032,47.92,apparel
1663,ord_00009684,2026-04-13 15:58:45.533128605,57.11,outdoor
1663,ord_00009685,2026-05-10 14:13:53.837978277,75.96,apparel
1663,ord_00009686,2026-06-09 15:00:09.840033678,64.07,home_goods
1663,ord_00009687,2026-07-12 03:52:44.054749253,44.88,electronics_accessories
1664,ord_00009688,2025-04-26 00:00:00.000000000,68.89,outdoor
1665,ord_00009689,2026-01-08 00:00:00.000000000,31.8,outdoor
1665,ord_00009690,2026-05-02 05:13:05.576787014,98.47,electronics_accessories
1665,ord_00009691,2026-07-15 19:45:11.006389425,104.83,electronics_accessories
1666,ord_00009692,2026-06-03 00:00:00.000000000,70.9,outdoor
1667,ord_00009693,2025-12-14 00:00:00.000000000,99.81,beauty
1667,ord_00009694,2026-01-10 01:17:37.521191104,24.29,home_goods
1667,ord_00009695,2026-02-03 10:14:10.180451940,35.27,beauty
1667,ord_00009696,2026-02-25 15:43:14.672482048,54.62,beauty
1667,ord_00009697,2026-03-24 20:21:20.294204362,109.09,outdoor
1667,ord_00009698,2026-04-19 06:23:18.736110142,62.48,electronics_accessories
1667,ord_00009699,2026-05-09 21:33:07.424194851,33.4,electronics_accessories
1667,ord_00009700,2026-06-07 01:58:35.574814844,37.06,outdoor
1667,ord_00009701,2026-07-11 10:34:43.590742970,40.79,beauty
1667,ord_00009702,2026-08-03 09:16:50.198825312,58.08,apparel
1668,ord_00009703,2025-07-18 00:00:00.000000000,27.71,home_goods
1669,ord_00009704,2025-08-09 00:00:00.000000000,42.0,outdoor
1670,ord_00009705,2026-02-20 00:00:00.000000000,97.38,home_goods
1670,ord_00009706,2026-03-06 17:44:28.556056870,16.37,beauty
1670,ord_00009707,2026-03-30 17:19:47.143434885,31.52,electronics_accessories
1670,ord_00009708,2026-04-11 09:18:17.371421398,141.1,electronics_accessories
1670,ord_00009709,2026-05-01 02:39:30.031494506,48.08,apparel
1670,ord_00009710,2026-05-06 10:33:54.994804358,163.97,beauty
1670,ord_00009711,2026-05-18 06:49:50.508619468,60.51,home_goods
1670,ord_00009712,2026-05-26 18:42:11.468074305,46.55,beauty
1670,ord_00009713,2026-06-17 14:41:36.328432808,81.45,outdoor
1670,ord_00009714,2026-07-07 05:24:17.520446889,73.49,apparel
1670,ord_00009715,2026-07-18 06:33:33.036580243,22.14,home_goods
1670,ord_00009716,2026-08-03 16:58:14.868824071,34.21,outdoor
1671,ord_00009717,2024-10-16 00:00:00.000000000,58.38,beauty
1672,ord_00009718,2025-09-16 00:00:00.000000000,84.75,apparel
1672,ord_00009719,2026-01-22 18:42:24.461523380,87.09,beauty
1672,ord_00009720,2026-06-18 01:14:51.840483998,138.78,outdoor
1673,ord_00009721,2025-12-05 00:00:00.000000000,74.6,apparel
1673,ord_00009722,2026-03-20 00:52:29.879448002,28.48,home_goods
1673,ord_00009723,2026-05-04 03:55:07.299647330,72.06,outdoor
1673,ord_00009724,2026-07-23 21:41:27.265368963,86.49,home_goods
1674,ord_00009725,2026-06-25 00:00:00.000000000,50.8,outdoor
1675,ord_00009726,2026-06-25 00:00:00.000000000,42.72,outdoor
1675,ord_00009727,2026-07-20 01:00:53.751904267,20.68,apparel
1676,ord_00009728,2025-12-05 00:00:00.000000000,48.18,electronics_accessories
1676,ord_00009729,2025-12-10 00:58:47.085305911,31.01,electronics_accessories
1676,ord_00009730,2025-12-16 04:49:14.218328947,13.81,apparel
1676,ord_00009731,2025-12-18 16:09:23.994390626,34.57,home_goods
1676,ord_00009732,2025-12-24 14:36:29.262646293,75.65,apparel
1676,ord_00009733,2025-12-29 22:30:27.394705450,151.43,home_goods
1676,ord_00009734,2026-01-02 19:43:38.683448744,62.18,apparel
1676,ord_00009735,2026-01-07 16:18:46.663237345,195.23,home_goods
1676,ord_00009736,2026-01-15 06:10:16.764005165,62.43,apparel
1676,ord_00009737,2026-01-19 09:13:54.352615104,26.61,outdoor
1676,ord_00009738,2026-01-25 01:05:38.803783256,34.59,home_goods
1676,ord_00009739,2026-01-31 04:19:10.734469327,56.5,outdoor
1676,ord_00009740,2026-02-04 12:00:04.510719864,51.56,apparel
1676,ord_00009741,2026-02-11 23:33:13.871051239,39.76,apparel
1676,ord_00009742,2026-02-18 05:19:46.575373166,118.95,outdoor
1676,ord_00009743,2026-02-23 08:21:28.104742663,154.54,beauty
1676,ord_00009744,2026-03-06 13:57:47.188649446,39.46,apparel
1676,ord_00009745,2026-03-14 01:44:52.372288066,32.97,electronics_accessories
1676,ord_00009746,2026-03-17 09:45:24.629998945,52.69,home_goods
1676,ord_00009747,2026-03-22 07:49:20.482490801,86.27,beauty
1676,ord_00009748,2026-04-02 21:55:19.402381794,149.04,electronics_accessories
1676,ord_00009749,2026-04-07 00:44:42.944490399,43.65,apparel
1676,ord_00009750,2026-04-12 16:05:54.162240188,125.18,beauty
1676,ord_00009751,2026-04-20 16:03:28.708291981,77.61,beauty
1676,ord_00009752,2026-04-27 09:25:31.129619565,106.44,apparel
1676,ord_00009753,2026-05-04 09:55:26.248918863,63.86,apparel
1676,ord_00009754,2026-05-11 07:28:20.912901584,55.88,electronics_accessories
1676,ord_00009755,2026-05-16 21:10:23.913429767,77.55,electronics_accessories
1676,ord_00009756,2026-05-21 05:47:20.036573179,41.99,beauty
1676,ord_00009757,2026-05-27 12:57:38.091746220,44.58,outdoor
1676,ord_00009758,2026-06-01 10:32:40.889707555,56.42,outdoor
1676,ord_00009759,2026-06-06 05:23:22.123455079,39.33,apparel
1676,ord_00009760,2026-06-14 20:23:29.331753052,60.4,beauty
1676,ord_00009761,2026-06-19 18:44:47.127208895,54.74,home_goods
1676,ord_00009762,2026-06-29 00:06:51.565182680,37.22,home_goods
1676,ord_00009763,2026-07-04 23:25:31.014775358,42.91,beauty
1676,ord_00009764,2026-07-10 05:55:31.138844008,46.53,outdoor
1676,ord_00009765,2026-07-13 10:50:29.975357247,30.18,beauty
1676,ord_00009766,2026-07-23 21:27:47.181876136,34.56,apparel
1676,ord_00009767,2026-07-29 09:54:42.803617784,17.72,outdoor
1676,ord_00009768,2026-08-01 05:03:00.270482120,44.0,beauty
1677,ord_00009769,2025-08-09 00:00:00.000000000,53.58,outdoor
1677,ord_00009770,2025-09-22 09:36:06.286370738,64.05,electronics_accessories
1677,ord_00009771,2025-10-11 06:48:34.223171595,40.11,beauty
1677,ord_00009772,2025-11-08 09:46:49.232650585,19.55,electronics_accessories
1677,ord_00009773,2025-11-27 15:08:16.157548462,29.63,electronics_accessories
1677,ord_00009774,2026-01-24 20:08:19.218009354,31.8,apparel
1677,ord_00009775,2026-02-18 14:15:31.751912918,48.82,beauty
1677,ord_00009776,2026-03-24 19:09:15.432352104,55.91,beauty
1677,ord_00009777,2026-04-24 08:04:18.682243971,34.29,electronics_accessories
1677,ord_00009778,2026-05-20 19:26:25.688554252,81.2,beauty
1677,ord_00009779,2026-06-20 23:16:14.472424738,108.92,electronics_accessories
1677,ord_00009780,2026-07-31 01:50:44.152241485,75.44,outdoor
1678,ord_00009781,2025-12-22 00:00:00.000000000,94.89,outdoor
1679,ord_00009782,2025-02-28 00:00:00.000000000,42.96,apparel
1679,ord_00009783,2025-05-12 07:49:31.715714295,45.15,outdoor
1679,ord_00009784,2025-07-08 05:41:34.788498296,30.34,electronics_accessories
1679,ord_00009785,2025-09-07 04:04:31.166264129,22.82,beauty
1679,ord_00009786,2025-11-02 23:03:18.449810488,98.24,beauty
1679,ord_00009787,2025-12-18 16:44:18.204364141,72.02,beauty
1679,ord_00009788,2026-01-18 17:46:27.881957731,47.99,outdoor
1679,ord_00009789,2026-03-07 17:08:04.729688766,45.58,outdoor
1679,ord_00009790,2026-05-09 10:11:55.115712067,67.08,beauty
1679,ord_00009791,2026-07-30 05:45:45.495215324,69.71,electronics_accessories
1680,ord_00009792,2026-05-30 00:00:00.000000000,130.51,home_goods
1681,ord_00009793,2025-11-07 00:00:00.000000000,65.01,beauty
1681,ord_00009794,2026-02-22 11:15:54.381553054,45.11,home_goods
1681,ord_00009795,2026-07-28 10:39:28.199918530,148.61,electronics_accessories
1682,ord_00009796,2025-10-22 00:00:00.000000000,69.22,home_goods
1682,ord_00009797,2025-11-23 23:17:59.965984470,33.11,beauty
1682,ord_00009798,2025-12-19 14:01:30.516638884,85.19,apparel
1682,ord_00009799,2026-01-16 03:44:47.556398126,51.38,electronics_accessories
1682,ord_00009800,2026-02-06 05:03:57.617402346,53.99,electronics_accessories
1682,ord_00009801,2026-02-19 08:24:01.212787986,65.12,electronics_accessories
1682,ord_00009802,2026-03-11 17:07:58.325792263,29.85,apparel
1682,ord_00009803,2026-03-24 07:42:21.785586095,64.12,electronics_accessories
1682,ord_00009804,2026-04-14 16:06:51.308299628,144.73,beauty
1682,ord_00009805,2026-05-08 19:46:45.275907176,68.91,electronics_accessories
1682,ord_00009806,2026-06-05 05:40:51.000416038,136.99,home_goods
1682,ord_00009807,2026-06-24 13:08:15.226963905,83.72,beauty
1682,ord_00009808,2026-07-19 09:30:16.638988909,29.51,outdoor
1682,ord_00009809,2026-08-03 12:49:17.919155989,38.64,electronics_accessories
1683,ord_00009810,2025-01-04 00:00:00.000000000,23.23,outdoor
1683,ord_00009811,2025-01-12 11:17:33.950100324,58.57,home_goods
1683,ord_00009812,2025-01-23 13:36:42.992419274,43.12,home_goods
1683,ord_00009813,2025-01-27 07:38:32.346844830,46.62,beauty
1683,ord_00009814,2025-02-07 07:14:09.168642639,141.5,apparel
1683,ord_00009815,2025-02-18 16:30:24.680557482,56.72,outdoor
1683,ord_00009816,2025-02-25 11:56:12.872728297,78.27,electronics_accessories
1683,ord_00009817,2025-03-03 17:00:13.429774694,77.44,outdoor
1683,ord_00009818,2025-03-10 11:40:07.379249023,47.56,electronics_accessories
1683,ord_00009819,2025-03-14 10:10:58.975145398,28.19,beauty
1683,ord_00009820,2025-03-22 09:13:51.209855971,14.58,beauty
1683,ord_00009821,2025-03-31 18:16:00.274374504,40.7,apparel
1683,ord_00009822,2025-04-06 20:24:32.032438204,41.8,apparel
1683,ord_00009823,2025-04-18 14:26:02.039518580,46.71,beauty
1683,ord_00009824,2025-04-27 15:42:22.006877865,127.43,outdoor
1683,ord_00009825,2025-05-07 03:29:14.865683229,30.4,outdoor
1683,ord_00009826,2025-05-14 22:14:22.280399118,26.34,home_goods
1683,ord_00009827,2025-05-25 21:32:22.251585137,87.86,electronics_accessories
1683,ord_00009828,2025-06-07 19:50:32.848255868,36.7,outdoor
1683,ord_00009829,2025-06-15 14:17:07.444624265,106.18,outdoor
1683,ord_00009830,2025-06-26 15:00:36.331174892,23.92,beauty
1683,ord_00009831,2025-07-07 16:36:34.104704753,37.13,home_goods
1683,ord_00009832,2025-07-17 15:26:13.535138204,60.25,beauty
1683,ord_00009833,2025-08-01 03:53:16.498137727,62.69,electronics_accessories
1683,ord_00009834,2025-08-08 05:19:00.891963192,42.62,home_goods
1683,ord_00009835,2025-08-15 22:58:36.432932291,57.09,beauty
1683,ord_00009836,2025-08-22 21:51:35.275412232,311.45,beauty
1683,ord_00009837,2025-09-02 19:44:24.181928056,20.91,outdoor
1683,ord_00009838,2025-09-10 21:53:26.919048623,81.22,electronics_accessories
1683,ord_00009839,2025-09-18 00:53:22.335006746,73.43,home_goods
1683,ord_00009840,2025-10-02 11:53:22.784436140,28.53,electronics_accessories
1683,ord_00009841,2025-10-17 14:27:54.411415896,62.09,beauty
1683,ord_00009842,2025-10-25 13:22:10.389304199,37.64,home_goods
1683,ord_00009843,2025-10-31 09:09:43.012062565,25.01,apparel
1683,ord_00009844,2025-11-15 17:39:36.876780587,60.18,electronics_accessories
1683,ord_00009845,2025-11-25 20:18:19.351271799,26.61,home_goods
1683,ord_00009846,2025-12-05 19:20:14.663309860,25.82,electronics_accessories
1683,ord_00009847,2025-12-14 20:46:05.946888959,25.59,outdoor
1683,ord_00009848,2025-12-21 18:29:09.544473455,75.21,home_goods
1683,ord_00009849,2025-12-29 12:36:23.948511810,40.09,outdoor
1683,ord_00009850,2026-01-09 06:47:48.986218944,102.85,outdoor
1683,ord_00009851,2026-01-16 23:00:49.080687681,56.82,electronics_accessories
1683,ord_00009852,2026-01-26 22:55:35.494230836,16.84,outdoor
1683,ord_00009853,2026-02-04 18:27:41.536431121,28.92,apparel
1683,ord_00009854,2026-02-11 03:54:08.379151018,44.23,apparel
1683,ord_00009855,2026-02-25 10:33:21.364087072,127.57,apparel
1683,ord_00009856,2026-03-07 22:20:41.124842353,43.53,apparel
1683,ord_00009857,2026-03-17 15:00:14.607158416,103.01,home_goods
1683,ord_00009858,2026-03-27 23:51:47.676322349,71.01,beauty
1683,ord_00009859,2026-04-02 02:54:13.374277619,103.98,apparel
1683,ord_00009860,2026-04-09 16:36:59.161453595,116.93,apparel
1683,ord_00009861,2026-04-15 05:51:41.713414097,24.64,apparel
1683,ord_00009862,2026-04-24 08:34:49.260456395,75.28,beauty
1683,ord_00009863,2026-05-04 00:54:33.695979173,45.34,beauty
1683,ord_00009864,2026-05-13 04:43:24.701317692,28.2,beauty
1683,ord_00009865,2026-05-25 16:46:33.850764555,60.4,apparel
1683,ord_00009866,2026-05-31 07:13:25.527977472,45.71,beauty
1683,ord_00009867,2026-06-07 04:59:40.078914296,90.43,outdoor
1683,ord_00009868,2026-06-17 03:34:11.388896185,56.14,electronics_accessories
1683,ord_00009869,2026-06-26 15:37:08.881392325,17.26,electronics_accessories
1683,ord_00009870,2026-07-02 13:36:30.325193086,50.83,electronics_accessories
1683,ord_00009871,2026-07-15 03:16:48.957919194,50.3,outdoor
1683,ord_00009872,2026-07-29 02:01:04.977237240,79.17,electronics_accessories
1684,ord_00009873,2025-12-29 00:00:00.000000000,49.85,beauty
1685,ord_00009874,2025-11-08 00:00:00.000000000,22.65,beauty
1686,ord_00009875,2025-07-25 00:00:00.000000000,86.54,home_goods
1687,ord_00009876,2025-09-28 00:00:00.000000000,87.38,beauty
1688,ord_00009877,2025-07-04 00:00:00.000000000,76.68,home_goods
1689,ord_00009878,2025-07-28 00:00:00.000000000,70.45,outdoor
1689,ord_00009879,2025-08-23 22:11:46.551488072,35.13,home_goods
1689,ord_00009880,2025-09-27 01:35:23.824410872,70.65,apparel
1689,ord_00009881,2025-10-11 22:57:26.810324825,46.12,outdoor
1689,ord_00009882,2025-11-21 20:56:53.225480261,25.71,home_goods
1689,ord_00009883,2025-12-16 02:54:52.984781734,29.51,outdoor
1689,ord_00009884,2026-01-12 13:48:33.687638433,72.09,electronics_accessories
1689,ord_00009885,2026-02-09 02:24:37.529737599,37.14,apparel
1689,ord_00009886,2026-03-08 22:33:04.858561609,85.21,beauty
1689,ord_00009887,2026-03-27 22:29:20.919646355,48.54,home_goods
1689,ord_00009888,2026-04-26 10:09:03.665991520,36.33,apparel
1689,ord_00009889,2026-05-30 02:18:34.491018629,68.15,outdoor
1689,ord_00009890,2026-06-14 08:29:07.227366451,94.73,outdoor
1689,ord_00009891,2026-07-03 10:11:05.934651453,11.25,beauty
1690,ord_00009892,2025-03-06 00:00:00.000000000,108.05,outdoor
1691,ord_00009893,2026-03-29 00:00:00.000000000,46.47,home_goods
1691,ord_00009894,2026-04-11 06:05:20.908148091,51.45,apparel
1691,ord_00009895,2026-04-24 19:23:23.348092890,45.29,outdoor
1691,ord_00009896,2026-05-04 02:52:51.967423684,72.18,electronics_accessories
1691,ord_00009897,2026-05-14 21:01:20.893062653,38.65,beauty
1691,ord_00009898,2026-05-23 20:36:17.627037607,112.51,electronics_accessories
1691,ord_00009899,2026-06-06 09:45:36.824862256,55.94,electronics_accessories
1691,ord_00009900,2026-06-18 04:29:44.735434662,39.57,electronics_accessories
1691,ord_00009901,2026-06-26 08:26:02.433770974,43.72,outdoor
1691,ord_00009902,2026-07-07 21:36:52.272273717,33.24,electronics_accessories
1691,ord_00009903,2026-07-17 04:42:56.040809446,29.61,outdoor
1691,ord_00009904,2026-08-04 03:36:16.126041072,41.71,electronics_accessories
1692,ord_00009905,2024-11-29 00:00:00.000000000,47.68,home_goods
1692,ord_00009906,2024-12-18 15:44:44.000342462,51.06,beauty
1692,ord_00009907,2025-01-02 17:17:39.314057901,96.63,home_goods
1692,ord_00009908,2025-01-26 12:57:29.185392501,48.68,apparel
1692,ord_00009909,2025-02-10 12:44:29.518277843,137.51,home_goods
1692,ord_00009910,2025-02-24 19:27:48.694487942,38.86,home_goods
1692,ord_00009911,2025-03-09 02:37:11.688255790,43.69,beauty
1692,ord_00009912,2025-03-25 10:21:47.765339585,31.3,apparel
1692,ord_00009913,2025-04-10 18:46:15.874691430,75.53,outdoor
1692,ord_00009914,2025-04-30 22:27:11.964242460,59.49,beauty
1692,ord_00009915,2025-05-17 09:29:59.895982284,37.05,outdoor
1692,ord_00009916,2025-06-16 15:09:14.681960943,18.31,electronics_accessories
1692,ord_00009917,2025-07-05 03:07:36.819862936,103.79,beauty
1692,ord_00009918,2025-07-17 03:05:39.233486750,69.18,outdoor
1692,ord_00009919,2025-07-28 19:50:29.793367593,58.8,apparel
1692,ord_00009920,2025-08-16 18:24:18.031895695,33.94,home_goods
1692,ord_00009921,2025-08-28 15:39:52.673075414,43.47,apparel
1692,ord_00009922,2025-09-16 22:29:26.769813154,21.18,beauty
1692,ord_00009923,2025-10-08 01:01:26.290486296,30.31,beauty
1692,ord_00009924,2025-10-29 07:13:59.358045505,50.64,home_goods
1692,ord_00009925,2025-11-10 17:32:44.773065580,77.77,electronics_accessories
1692,ord_00009926,2025-12-02 00:01:10.810894576,69.61,beauty
1692,ord_00009927,2025-12-19 18:32:46.869841607,45.25,home_goods
1692,ord_00009928,2026-01-02 05:11:10.506878509,22.4,apparel
1692,ord_00009929,2026-01-17 14:17:24.063621184,17.47,electronics_accessories
1692,ord_00009930,2026-02-05 04:16:24.869643577,74.15,home_goods
1692,ord_00009931,2026-02-18 08:41:05.409988409,53.75,outdoor
1692,ord_00009932,2026-03-08 00:34:01.948880050,34.34,home_goods
1692,ord_00009933,2026-04-01 21:57:44.389116309,26.56,outdoor
1692,ord_00009934,2026-04-23 10:59:58.625345738,107.29,apparel
1692,ord_00009935,2026-05-09 23:49:26.678036717,45.98,electronics_accessories
1692,ord_00009936,2026-05-27 07:10:55.687266227,31.66,home_goods
1692,ord_00009937,2026-06-10 00:39:00.537675091,63.15,electronics_accessories
1692,ord_00009938,2026-06-23 20:54:50.220540786,76.7,beauty
1692,ord_00009939,2026-07-04 01:03:11.967378965,56.11,beauty
1692,ord_00009940,2026-07-21 10:31:51.601158687,65.18,beauty
1693,ord_00009941,2025-12-22 00:00:00.000000000,71.26,electronics_accessories
1694,ord_00009942,2024-09-08 00:00:00.000000000,159.01,electronics_accessories
1694,ord_00009943,2024-10-06 06:43:28.479479137,30.28,outdoor
1694,ord_00009944,2024-11-05 13:24:25.456787308,38.62,home_goods
1694,ord_00009945,2024-11-25 10:08:17.302287050,96.43,outdoor
1694,ord_00009946,2024-12-16 02:16:31.411583341,66.7,electronics_accessories
1694,ord_00009947,2024-12-31 05:48:51.040741524,45.81,beauty
1694,ord_00009948,2025-01-13 14:32:44.001966664,34.43,beauty
1694,ord_00009949,2025-02-03 23:03:37.291368245,49.56,home_goods
1694,ord_00009950,2025-03-05 02:03:06.302754121,54.35,apparel
1694,ord_00009951,2025-03-24 10:07:29.949934813,24.4,apparel
1694,ord_00009952,2025-04-28 15:59:25.197248838,92.88,beauty
1694,ord_00009953,2025-05-20 06:15:43.808284118,79.2,beauty
1694,ord_00009954,2025-06-10 21:09:58.937492062,177.9,electronics_accessories
1694,ord_00009955,2025-07-01 22:32:17.733478344,37.02,outdoor
1694,ord_00009956,2025-08-01 18:25:37.281244789,23.92,apparel
1694,ord_00009957,2025-08-18 23:47:57.966138287,40.37,home_goods
1694,ord_00009958,2025-09-10 02:02:30.171248196,41.15,apparel
1694,ord_00009959,2025-09-29 13:44:02.276085311,23.01,beauty
1694,ord_00009960,2025-10-18 23:26:19.077182335,60.02,home_goods
1694,ord_00009961,2025-11-11 04:26:25.386089786,74.84,apparel
1694,ord_00009962,2025-12-03 09:10:33.267172911,29.86,apparel
1694,ord_00009963,2026-01-03 20:47:04.105315001,45.07,outdoor
1694,ord_00009964,2026-01-26 18:09:51.023758711,47.65,electronics_accessories
1694,ord_00009965,2026-02-22 21:10:24.219068513,59.98,outdoor
1694,ord_00009966,2026-03-19 01:38:58.174751856,61.1,outdoor
1694,ord_00009967,2026-04-23 01:26:15.893463901,49.33,apparel
1694,ord_00009968,2026-05-14 00:47:53.655467947,52.98,outdoor
1694,ord_00009969,2026-06-04 00:35:01.605164938,40.72,beauty
1694,ord_00009970,2026-07-02 17:47:06.950821696,76.45,apparel
1694,ord_00009971,2026-07-23 15:05:36.739160838,63.48,home_goods
1695,ord_00009972,2024-10-30 00:00:00.000000000,50.98,apparel
1695,ord_00009973,2024-11-15 22:45:28.659646602,126.07,beauty
1695,ord_00009974,2024-12-02 02:28:59.831214053,21.54,electronics_accessories
1695,ord_00009975,2024-12-19 12:50:28.270187970,25.06,electronics_accessories
1695,ord_00009976,2025-01-15 14:42:25.244413127,20.1,home_goods
1695,ord_00009977,2025-02-09 21:51:51.106574403,74.93,electronics_accessories
1695,ord_00009978,2025-02-27 23:25:36.134706433,90.29,apparel
1695,ord_00009979,2025-03-24 11:25:41.486384089,68.94,outdoor
1695,ord_00009980,2025-04-16 02:49:38.154592760,44.75,beauty
1695,ord_00009981,2025-05-06 10:20:54.401085467,87.99,outdoor
1695,ord_00009982,2025-06-04 09:10:21.333344091,44.83,outdoor
1695,ord_00009983,2025-06-21 04:55:30.942938839,26.94,apparel
1695,ord_00009984,2025-07-12 01:07:51.148617702,68.6,beauty
1695,ord_00009985,2025-07-27 00:21:00.993158617,78.66,electronics_accessories
1695,ord_00009986,2025-08-11 04:46:20.199553848,27.32,apparel
1695,ord_00009987,2025-08-24 20:05:59.991272136,57.46,home_goods
1695,ord_00009988,2025-09-09 02:23:35.678948516,61.65,home_goods
1695,ord_00009989,2025-09-30 03:10:21.599420822,100.95,home_goods
1695,ord_00009990,2025-10-18 20:48:43.756890206,25.85,beauty
1695,ord_00009991,2025-11-06 18:52:20.808061217,21.24,beauty
1695,ord_00009992,2025-11-25 12:57:36.511806027,67.4,apparel
1695,ord_00009993,2025-12-30 10:57:24.641101105,263.57,outdoor
1695,ord_00009994,2026-01-14 00:59:35.913438236,82.53,apparel
1695,ord_00009995,2026-01-28 03:58:51.094815136,56.12,outdoor
1695,ord_00009996,2026-02-13 02:02:09.126474215,42.17,home_goods
1695,ord_00009997,2026-03-05 03:52:51.893405776,56.72,home_goods
1695,ord_00009998,2026-03-29 02:27:05.624530102,18.5,electronics_accessories
1695,ord_00009999,2026-04-22 19:11:54.821284229,51.96,apparel
1695,ord_00010000,2026-05-20 00:51:20.312972386,118.75,home_goods
1695,ord_00010001,2026-06-08 21:28:32.639979890,33.69,outdoor
1695,ord_00010002,2026-06-27 02:38:02.000720530,56.5,beauty
1695,ord_00010003,2026-07-30 14:20:12.189152110,46.28,home_goods
1696,ord_00010004,2025-04-03 00:00:00.000000000,45.7,outdoor
1697,ord_00010005,2026-03-11 00:00:00.000000000,44.33,home_goods
1698,ord_00010006,2024-10-07 00:00:00.000000000,169.95,apparel
1698,ord_00010007,2024-10-29 20:23:01.828320547,44.54,home_goods
1698,ord_00010008,2024-11-27 13:42:16.588972998,37.48,apparel
1698,ord_00010009,2024-12-20 02:13:14.777988868,27.53,electronics_accessories
1698,ord_00010010,2025-02-11 12:07:25.815048105,55.97,beauty
1698,ord_00010011,2025-03-09 19:33:54.933523632,22.08,electronics_accessories
1698,ord_00010012,2025-03-26 15:18:26.216398533,56.92,beauty
1698,ord_00010013,2025-04-14 14:52:46.452279681,36.58,home_goods
1698,ord_00010014,2025-05-03 00:54:13.824521145,61.06,outdoor
1698,ord_00010015,2025-05-22 02:25:53.398859756,110.44,beauty
1698,ord_00010016,2025-06-19 18:52:43.406822034,72.98,electronics_accessories
1698,ord_00010017,2025-07-07 07:21:24.555786367,32.59,electronics_accessories
1698,ord_00010018,2025-07-29 09:56:36.913544608,66.95,beauty
1698,ord_00010019,2025-09-01 19:35:31.992452333,25.05,home_goods
1698,ord_00010020,2025-09-22 16:59:48.950360339,63.23,beauty
1698,ord_00010021,2025-10-22 13:47:34.329357180,48.46,electronics_accessories
1698,ord_00010022,2025-11-06 07:29:40.765300494,50.85,apparel
1698,ord_00010023,2025-11-28 03:50:43.238670580,36.19,outdoor
1698,ord_00010024,2025-12-16 21:05:14.264846201,47.22,outdoor
1698,ord_00010025,2026-01-12 14:14:44.443680849,94.85,apparel
1698,ord_00010026,2026-01-30 11:52:12.979495553,41.57,apparel
1698,ord_00010027,2026-03-16 22:12:26.921813735,41.14,apparel
1698,ord_00010028,2026-03-31 20:33:52.202251416,39.65,home_goods
1698,ord_00010029,2026-05-05 04:29:22.390940524,57.05,outdoor
1698,ord_00010030,2026-06-05 23:09:42.402731240,153.15,outdoor
1698,ord_00010031,2026-07-02 18:15:50.136810749,32.62,apparel
1698,ord_00010032,2026-07-27 13:55:37.219761847,64.79,home_goods
1699,ord_00010033,2026-03-30 00:00:00.000000000,69.53,electronics_accessories
1699,ord_00010034,2026-04-20 11:27:36.935420863,34.94,outdoor
1699,ord_00010035,2026-05-27 19:52:59.145479740,56.74,apparel
1699,ord_00010036,2026-06-18 06:21:57.759028177,38.44,beauty
1699,ord_00010037,2026-07-03 21:07:24.285021045,33.8,home_goods
1699,ord_00010038,2026-07-22 17:50:27.411621484,60.35,beauty
1699,ord_00010039,2026-08-05 18:56:47.375507475,78.67,electronics_accessories
1700,ord_00010040,2024-11-28 00:00:00.000000000,24.52,home_goods
1700,ord_00010041,2024-12-24 14:41:13.955090097,79.84,beauty
1700,ord_00010042,2025-01-25 22:33:32.096239720,79.02,home_goods
1700,ord_00010043,2025-02-24 17:23:50.772999552,102.81,apparel
1700,ord_00010044,2025-03-15 02:47:01.555137040,41.53,outdoor
1700,ord_00010045,2025-05-09 08:45:43.184225072,96.14,beauty
1700,ord_00010046,2025-06-16 21:55:48.014212824,64.12,apparel
1700,ord_00010047,2025-07-13 23:42:24.951901628,82.81,outdoor
1700,ord_00010048,2025-07-31 11:55:08.633004006,60.65,apparel
1700,ord_00010049,2025-08-29 23:16:58.228081553,99.3,home_goods
1700,ord_00010050,2025-09-25 01:14:23.208974048,64.05,beauty
1700,ord_00010051,2025-10-25 14:30:05.335339416,45.22,outdoor
1700,ord_00010052,2025-11-10 20:38:40.336964387,34.8,beauty
1700,ord_00010053,2025-12-07 20:42:56.815606940,21.3,outdoor
1700,ord_00010054,2026-01-04 08:44:27.632031802,29.66,beauty
1700,ord_00010055,2026-02-02 17:35:45.471535170,28.23,apparel
1700,ord_00010056,2026-03-03 17:13:19.481020692,80.09,outdoor
1700,ord_00010057,2026-04-04 07:43:38.809631874,41.63,home_goods
1700,ord_00010058,2026-05-23 10:15:46.592689866,64.5,home_goods
1700,ord_00010059,2026-06-19 02:04:20.551887451,68.8,outdoor
1700,ord_00010060,2026-07-12 18:11:21.459910496,62.52,home_goods
1700,ord_00010061,2026-07-31 06:55:22.451625318,45.12,home_goods
1701,ord_00010062,2025-11-25 00:00:00.000000000,29.15,electronics_accessories
1701,ord_00010063,2025-12-10 06:55:03.896537059,56.41,electronics_accessories
1701,ord_00010064,2025-12-31 01:01:06.131682746,53.68,outdoor
1701,ord_00010065,2026-01-20 21:34:55.326377913,62.38,apparel
1701,ord_00010066,2026-02-13 18:49:18.492897990,64.25,apparel
1701,ord_00010067,2026-02-26 03:26:04.303203447,44.4,beauty
1701,ord_00010068,2026-03-09 14:23:04.057943212,52.34,outdoor
1701,ord_00010069,2026-03-26 09:59:34.405329390,66.68,outdoor
1701,ord_00010070,2026-04-09 07:04:10.071068763,53.64,electronics_accessories
1701,ord_00010071,2026-04-29 05:19:43.364258488,36.57,electronics_accessories
1701,ord_00010072,2026-05-11 22:39:31.984642922,27.23,electronics_accessories
1701,ord_00010073,2026-06-07 19:07:39.524903057,36.31,beauty
1701,ord_00010074,2026-06-22 12:34:35.158513920,44.89,beauty
1701,ord_00010075,2026-07-22 21:55:48.954917264,49.5,beauty
1702,ord_00010076,2025-07-31 00:00:00.000000000,23.74,home_goods
1702,ord_00010077,2025-08-23 01:12:31.558844060,119.27,home_goods
1702,ord_00010078,2025-09-11 09:49:57.298467417,78.45,apparel
1702,ord_00010079,2025-10-02 03:06:51.200406776,34.17,beauty
1702,ord_00010080,2025-11-01 05:26:00.527457331,25.62,home_goods
1702,ord_00010081,2025-11-25 23:18:37.534457636,41.87,home_goods
1702,ord_00010082,2025-12-13 21:19:54.608881239,50.18,electronics_accessories
1702,ord_00010083,2026-01-03 05:22:27.624445538,43.59,outdoor
1702,ord_00010084,2026-02-06 13:58:55.320770015,49.45,home_goods
1702,ord_00010085,2026-02-25 23:21:56.165887994,56.82,electronics_accessories
1702,ord_00010086,2026-03-19 11:50:52.506986082,49.2,beauty
1702,ord_00010087,2026-04-14 10:42:25.311547516,34.89,beauty
1702,ord_00010088,2026-05-07 03:04:47.036569297,71.31,electronics_accessories
1702,ord_00010089,2026-05-26 03:24:59.696932080,57.43,beauty
1702,ord_00010090,2026-06-12 03:44:10.711133759,103.66,outdoor
1702,ord_00010091,2026-07-03 08:31:56.028838995,97.38,electronics_accessories
1702,ord_00010092,2026-07-29 06:14:51.581444904,35.81,outdoor
1703,ord_00010093,2025-02-08 00:00:00.000000000,35.71,apparel
1704,ord_00010094,2026-01-28 00:00:00.000000000,38.11,beauty
1704,ord_00010095,2026-05-13 03:44:21.277675912,18.97,electronics_accessories
1704,ord_00010096,2026-07-25 14:13:05.963378518,52.3,home_goods
1705,ord_00010097,2026-04-19 00:00:00.000000000,112.23,beauty
1706,ord_00010098,2025-01-10 00:00:00.000000000,42.38,beauty
1706,ord_00010099,2025-02-07 04:19:04.942363852,44.38,beauty
1706,ord_00010100,2025-03-27 17:39:32.669108910,43.63,home_goods
1706,ord_00010101,2025-05-18 17:57:39.199835981,60.92,beauty
1706,ord_00010102,2025-06-11 06:08:36.234573721,57.05,outdoor
1706,ord_00010103,2025-07-03 20:58:36.024124529,32.0,electronics_accessories
1706,ord_00010104,2025-08-01 06:50:25.446223144,22.63,electronics_accessories
1706,ord_00010105,2025-09-05 16:13:37.939810301,41.29,electronics_accessories
1706,ord_00010106,2025-10-02 07:57:47.728788424,62.09,electronics_accessories
1706,ord_00010107,2025-11-06 22:43:25.857179194,27.3,beauty
1706,ord_00010108,2026-01-01 18:29:06.629268746,87.35,apparel
1706,ord_00010109,2026-01-22 03:58:02.044216458,38.6,outdoor
1706,ord_00010110,2026-02-18 08:53:13.564486315,17.56,outdoor
1706,ord_00010111,2026-03-10 21:10:22.716368793,31.55,home_goods
1706,ord_00010112,2026-04-04 01:50:32.871317641,79.66,electronics_accessories
1706,ord_00010113,2026-05-02 13:01:10.675765075,36.61,electronics_accessories
1706,ord_00010114,2026-05-27 13:03:29.277830344,57.8,beauty
1706,ord_00010115,2026-07-02 21:22:22.784492718,26.14,beauty
1706,ord_00010116,2026-08-04 10:16:14.222809991,26.4,home_goods
1707,ord_00010117,2024-11-14 00:00:00.000000000,31.04,electronics_accessories
1708,ord_00010118,2026-05-13 00:00:00.000000000,79.92,outdoor
1709,ord_00010119,2026-06-18 00:00:00.000000000,22.65,electronics_accessories
1710,ord_00010120,2025-01-28 00:00:00.000000000,209.61,electronics_accessories
1711,ord_00010121,2024-11-20 00:00:00.000000000,47.77,electronics_accessories
1711,ord_00010122,2025-01-19 20:24:30.240120455,44.5,apparel
1711,ord_00010123,2025-03-04 23:15:22.286994573,38.3,outdoor
1711,ord_00010124,2025-06-28 16:26:44.453140629,64.79,home_goods
1711,ord_00010125,2025-08-26 05:28:39.190103825,100.05,home_goods
1711,ord_00010126,2025-10-22 03:32:08.111572095,62.43,outdoor
1711,ord_00010127,2025-12-29 17:06:58.118658338,49.61,apparel
1711,ord_00010128,2026-02-02 12:56:20.326841990,28.61,outdoor
1711,ord_00010129,2026-03-13 17:36:09.216412930,59.2,home_goods
1711,ord_00010130,2026-04-30 03:16:12.539188917,35.67,home_goods
1711,ord_00010131,2026-07-07 20:02:43.947117459,31.52,home_goods
1712,ord_00010132,2025-06-19 00:00:00.000000000,64.27,home_goods
1713,ord_00010133,2025-06-17 00:00:00.000000000,62.51,outdoor
1713,ord_00010134,2025-07-11 03:22:06.300928150,88.99,apparel
1713,ord_00010135,2025-08-01 22:39:13.074069942,91.96,home_goods
1713,ord_00010136,2025-09-02 19:57:22.340188093,54.13,beauty
1713,ord_00010137,2025-11-30 00:26:45.469553852,44.52,outdoor
1713,ord_00010138,2026-01-17 02:31:19.216508339,142.43,outdoor
1713,ord_00010139,2026-03-15 23:08:53.402933276,40.77,apparel
1713,ord_00010140,2026-04-30 16:50:20.023339483,27.4,apparel
1713,ord_00010141,2026-06-10 05:32:06.918751151,30.58,home_goods
1713,ord_00010142,2026-07-30 01:54:58.482638971,47.26,home_goods
1714,ord_00010143,2024-09-27 00:00:00.000000000,52.48,apparel
1714,ord_00010144,2024-12-18 04:14:27.764982993,79.59,electronics_accessories
1714,ord_00010145,2025-03-09 08:37:17.631976508,51.93,electronics_accessories
1714,ord_00010146,2025-05-04 09:32:44.351297493,71.28,outdoor
1714,ord_00010147,2025-07-06 12:17:00.184976422,61.02,electronics_accessories
1714,ord_00010148,2025-08-16 08:19:42.915528115,26.46,apparel
1714,ord_00010149,2025-12-23 11:59:49.431124873,34.31,electronics_accessories
1714,ord_00010150,2026-02-13 10:52:11.379922064,30.81,apparel
1714,ord_00010151,2026-04-07 14:25:34.521343426,15.23,apparel
1714,ord_00010152,2026-08-07 01:31:50.406378630,77.29,beauty
1715,ord_00010153,2026-07-23 00:00:00.000000000,64.98,electronics_accessories
1716,ord_00010154,2025-09-16 00:00:00.000000000,160.88,home_goods
1716,ord_00010155,2025-10-24 08:42:19.030771903,82.5,beauty
1716,ord_00010156,2025-12-18 13:36:20.054481543,37.23,outdoor
1716,ord_00010157,2026-01-15 03:28:48.042564072,45.37,apparel
1716,ord_00010158,2026-03-02 14:05:42.667750616,29.94,beauty
1716,ord_00010159,2026-03-28 10:19:24.729151780,29.05,outdoor
1716,ord_00010160,2026-04-26 10:43:06.611370565,21.32,beauty
1716,ord_00010161,2026-06-18 04:05:47.723725784,31.33,outdoor
1716,ord_00010162,2026-07-13 18:57:39.277387416,48.57,apparel
1717,ord_00010163,2026-03-05 00:00:00.000000000,58.96,beauty
1718,ord_00010164,2024-09-04 00:00:00.000000000,28.4,home_goods
1718,ord_00010165,2024-10-14 11:26:51.702667013,71.52,home_goods
1718,ord_00010166,2024-11-10 17:00:45.850164488,76.32,home_goods
1718,ord_00010167,2024-11-28 21:38:59.610522853,25.64,electronics_accessories
1718,ord_00010168,2025-01-07 21:30:59.654349679,52.16,electronics_accessories
1718,ord_00010169,2025-01-28 22:00:50.717489956,37.02,outdoor
1718,ord_00010170,2025-02-23 20:48:43.619215505,38.82,beauty
1718,ord_00010171,2025-03-17 02:52:15.032185046,48.34,outdoor
1718,ord_00010172,2025-04-15 18:40:38.585355247,55.47,electronics_accessories
1718,ord_00010173,2025-05-07 01:32:25.929523825,98.61,apparel
1718,ord_00010174,2025-05-28 17:47:14.458212145,44.28,electronics_accessories
1718,ord_00010175,2025-06-21 04:23:10.500792582,28.88,apparel
1718,ord_00010176,2025-07-12 08:07:44.833165631,45.98,electronics_accessories
1718,ord_00010177,2025-08-15 06:14:47.559957616,45.0,outdoor
1718,ord_00010178,2025-09-01 02:58:38.581500698,46.36,beauty
1718,ord_00010179,2025-09-25 10:41:39.057581153,40.42,home_goods
1718,ord_00010180,2025-10-20 17:00:33.281301288,81.03,electronics_accessories
1718,ord_00010181,2025-11-13 09:36:18.442799257,37.8,home_goods
1718,ord_00010182,2025-12-16 06:49:43.812910252,100.21,beauty
1718,ord_00010183,2025-12-31 22:44:55.111461468,34.47,outdoor
1718,ord_00010184,2026-01-30 02:38:49.921251095,110.53,outdoor
1718,ord_00010185,2026-02-16 00:56:24.700958590,37.36,home_goods
1718,ord_00010186,2026-03-09 03:38:39.597482764,16.82,apparel
1718,ord_00010187,2026-03-25 13:36:21.000582344,59.75,apparel
1718,ord_00010188,2026-04-16 19:53:33.689674065,60.66,outdoor
1718,ord_00010189,2026-05-07 12:09:04.096037634,37.19,electronics_accessories
1718,ord_00010190,2026-06-16 17:04:04.207693665,37.31,apparel
1718,ord_00010191,2026-07-13 03:39:07.725847847,25.79,apparel
1719,ord_00010192,2025-06-18 00:00:00.000000000,62.12,home_goods
1719,ord_00010193,2025-07-11 10:11:23.324931794,40.19,home_goods
1719,ord_00010194,2025-08-04 16:42:35.608553856,36.89,apparel
1719,ord_00010195,2025-08-21 18:07:36.080648750,32.46,electronics_accessories
1719,ord_00010196,2025-09-23 11:37:56.804236550,46.89,outdoor
1719,ord_00010197,2025-10-15 21:49:28.517765479,61.43,beauty
1719,ord_00010198,2025-11-21 19:54:50.949634498,50.83,electronics_accessories
1719,ord_00010199,2025-12-17 02:50:33.391448173,43.09,beauty
1719,ord_00010200,2026-01-10 03:15:05.713635702,51.13,apparel
1719,ord_00010201,2026-01-30 10:30:32.833038042,72.95,electronics_accessories
1719,ord_00010202,2026-02-27 17:27:09.758443901,39.6,electronics_accessories
1719,ord_00010203,2026-03-23 11:44:56.857322833,25.71,outdoor
1719,ord_00010204,2026-04-22 22:10:25.240759253,70.53,beauty
1719,ord_00010205,2026-05-30 23:51:28.198749366,31.31,apparel
1719,ord_00010206,2026-06-18 21:49:38.976280717,27.96,beauty
1719,ord_00010207,2026-07-17 04:29:27.281942993,38.83,electronics_accessories
1720,ord_00010208,2026-02-27 00:00:00.000000000,67.28,home_goods
1720,ord_00010209,2026-03-11 19:45:23.262217213,26.49,outdoor
1720,ord_00010210,2026-04-08 14:01:47.275293212,20.25,home_goods
1720,ord_00010211,2026-04-26 09:27:23.921209324,181.56,home_goods
1720,ord_00010212,2026-05-28 03:52:49.109486729,88.67,apparel
1720,ord_00010213,2026-06-19 02:06:34.663911545,37.86,electronics_accessories
1720,ord_00010214,2026-07-12 00:04:34.744359917,49.94,apparel
1721,ord_00010215,2024-09-08 00:00:00.000000000,62.8,outdoor
1722,ord_00010216,2024-11-18 00:00:00.000000000,74.23,beauty
1723,ord_00010217,2025-04-18 00:00:00.000000000,31.73,home_goods
1723,ord_00010218,2025-04-28 18:30:33.754172879,46.18,outdoor
1723,ord_00010219,2025-05-06 13:10:46.721004607,40.44,electronics_accessories
1723,ord_00010220,2025-05-20 18:07:55.863233493,24.48,apparel
1723,ord_00010221,2025-06-05 03:02:16.408961304,90.19,apparel
1723,ord_00010222,2025-06-16 01:47:44.591984011,46.99,electronics_accessories
1723,ord_00010223,2025-06-26 15:11:59.716650103,67.67,home_goods
1723,ord_00010224,2025-07-11 23:37:54.722353447,49.45,beauty
1723,ord_00010225,2025-07-24 17:54:37.285342770,25.58,outdoor
1723,ord_00010226,2025-08-08 05:12:54.205997019,75.98,home_goods
1723,ord_00010227,2025-08-22 00:48:35.466248799,28.2,apparel
1723,ord_00010228,2025-09-07 15:42:20.377925161,151.95,home_goods
1723,ord_00010229,2025-09-20 16:10:20.015438333,44.53,beauty
1723,ord_00010230,2025-10-03 23:53:46.179744883,61.7,home_goods
1723,ord_00010231,2025-10-12 18:24:28.535487562,42.3,electronics_accessories
1723,ord_00010232,2025-10-27 23:04:25.537335576,28.04,electronics_accessories
1723,ord_00010233,2025-11-12 19:16:13.624609338,124.22,home_goods
1723,ord_00010234,2025-11-27 10:15:54.824157370,48.45,beauty
1723,ord_00010235,2025-12-24 19:13:50.355028327,32.94,electronics_accessories
1723,ord_00010236,2026-01-09 23:58:20.023935911,54.33,electronics_accessories
1723,ord_00010237,2026-01-24 17:12:31.735609840,33.55,outdoor
1723,ord_00010238,2026-02-11 15:13:32.823550168,27.12,home_goods
1723,ord_00010239,2026-03-12 17:01:52.197520393,21.63,beauty
1723,ord_00010240,2026-03-29 08:24:18.269299082,27.4,home_goods
1723,ord_00010241,2026-04-06 06:24:26.547361694,31.66,beauty
1723,ord_00010242,2026-04-23 19:51:22.904359467,39.26,outdoor
1723,ord_00010243,2026-05-05 16:14:10.064729342,44.21,apparel
1723,ord_00010244,2026-05-14 08:11:40.727195762,40.23,home_goods
1723,ord_00010245,2026-06-09 00:15:28.243193798,39.59,beauty
1723,ord_00010246,2026-07-03 01:38:46.385240147,164.84,outdoor
1723,ord_00010247,2026-07-14 19:49:16.870431184,60.76,outdoor
1723,ord_00010248,2026-07-26 14:33:04.326345670,74.68,home_goods
1724,ord_00010249,2025-07-08 00:00:00.000000000,48.87,outdoor
1724,ord_00010250,2025-08-11 18:39:33.410198257,32.42,home_goods
1724,ord_00010251,2025-09-24 15:44:55.490941003,42.19,outdoor
1724,ord_00010252,2025-11-05 07:32:52.713269378,83.76,outdoor
1724,ord_00010253,2025-12-14 01:33:18.649247157,75.43,electronics_accessories
1724,ord_00010254,2026-01-11 15:22:13.268792524,45.01,electronics_accessories
1724,ord_00010255,2026-03-23 07:58:38.565483882,56.07,electronics_accessories
1724,ord_00010256,2026-05-10 12:31:39.759403849,21.55,home_goods
1724,ord_00010257,2026-06-04 14:47:08.774576480,25.96,apparel
1724,ord_00010258,2026-07-10 05:50:28.493991337,27.23,home_goods
1724,ord_00010259,2026-08-04 11:35:09.001900641,50.59,electronics_accessories
1725,ord_00010260,2026-05-15 00:00:00.000000000,45.75,beauty
1726,ord_00010261,2026-06-01 00:00:00.000000000,73.3,home_goods
1727,ord_00010262,2026-02-08 00:00:00.000000000,36.13,home_goods
1728,ord_00010263,2025-02-06 00:00:00.000000000,33.27,apparel
1728,ord_00010264,2025-03-07 16:05:53.797786452,192.89,apparel
1728,ord_00010265,2025-03-27 14:04:08.492703141,52.06,home_goods
1728,ord_00010266,2025-04-30 06:54:18.053143520,108.68,home_goods
1728,ord_00010267,2025-05-24 02:33:09.437082365,172.75,electronics_accessories
1728,ord_00010268,2025-06-17 08:09:48.197731675,92.44,apparel
1728,ord_00010269,2025-07-21 10:03:09.819334434,33.31,outdoor
1728,ord_00010270,2025-08-16 06:36:36.243859115,39.52,electronics_accessories
1728,ord_00010271,2025-09-11 13:44:15.324787911,19.25,outdoor
1728,ord_00010272,2025-10-23 01:05:41.915663611,61.25,home_goods
1728,ord_00010273,2025-11-13 20:45:44.017059874,61.86,home_goods
1728,ord_00010274,2025-12-17 19:03:42.364819901,107.63,outdoor
1728,ord_00010275,2026-01-25 15:22:33.854688405,28.36,beauty
1728,ord_00010276,2026-03-08 02:30:52.528413479,40.14,apparel
1728,ord_00010277,2026-05-03 05:41:40.490681099,52.12,apparel
1728,ord_00010278,2026-05-27 08:02:22.774621426,72.14,outdoor
1728,ord_00010279,2026-06-18 20:30:20.966045256,70.38,apparel
1728,ord_00010280,2026-07-26 04:32:20.337346782,26.14,electronics_accessories
1729,ord_00010281,2026-03-16 00:00:00.000000000,29.07,beauty
1730,ord_00010282,2025-05-06 00:00:00.000000000,41.44,home_goods
1731,ord_00010283,2025-05-30 00:00:00.000000000,20.47,electronics_accessories
1731,ord_00010284,2025-06-25 02:12:03.809321070,21.6,outdoor
1731,ord_00010285,2025-08-08 13:29:55.049299647,27.92,home_goods
1731,ord_00010286,2025-08-27 02:45:15.483836559,41.6,electronics_accessories
1731,ord_00010287,2025-09-23 10:58:00.681321311,71.88,beauty
1731,ord_00010288,2025-10-13 01:05:10.230643795,122.08,electronics_accessories
1731,ord_00010289,2025-11-15 13:01:48.513083549,53.37,beauty
1731,ord_00010290,2025-12-07 13:05:17.146975945,48.79,beauty
1731,ord_00010291,2026-01-04 05:25:20.933009614,60.29,electronics_accessories
1731,ord_00010292,2026-01-22 14:46:00.263466559,78.34,electronics_accessories
1731,ord_00010293,2026-03-03 22:14:19.978811683,64.05,beauty
1731,ord_00010294,2026-03-31 21:26:06.694999301,105.12,home_goods
1731,ord_00010295,2026-04-29 09:50:35.755729690,36.39,apparel
1731,ord_00010296,2026-06-03 11:58:50.350252230,39.49,apparel
1731,ord_00010297,2026-06-22 07:07:53.998404534,28.74,outdoor
1731,ord_00010298,2026-07-15 01:11:08.630260652,36.35,electronics_accessories
1732,ord_00010299,2025-07-17 00:00:00.000000000,58.67,outdoor
1733,ord_00010300,2026-03-13 00:00:00.000000000,32.33,outdoor
1733,ord_00010301,2026-03-23 09:45:17.760791086,78.19,home_goods
1733,ord_00010302,2026-04-14 07:12:29.923449291,42.5,electronics_accessories
1733,ord_00010303,2026-04-29 14:18:35.904992181,73.75,home_goods
1733,ord_00010304,2026-05-14 02:35:22.665259629,139.8,electronics_accessories
1733,ord_00010305,2026-05-24 11:35:01.098706897,86.94,beauty
1733,ord_00010306,2026-06-07 06:50:20.421160198,67.56,electronics_accessories
1733,ord_00010307,2026-06-19 21:25:15.102262647,51.59,apparel
1733,ord_00010308,2026-06-29 20:42:43.152258058,31.27,home_goods
1733,ord_00010309,2026-07-10 18:46:13.947987927,67.72,beauty
1733,ord_00010310,2026-07-21 18:36:24.583905982,39.19,electronics_accessories
1733,ord_00010311,2026-07-29 21:02:34.027045503,34.92,apparel
1733,ord_00010312,2026-08-07 09:21:07.222000060,36.05,apparel
1734,ord_00010313,2025-12-07 00:00:00.000000000,61.27,apparel
1735,ord_00010314,2024-08-28 00:00:00.000000000,34.04,electronics_accessories
1735,ord_00010315,2024-09-28 07:21:38.879370422,64.84,beauty
1735,ord_00010316,2024-10-15 10:27:35.148317692,51.04,apparel
1735,ord_00010317,2024-11-08 02:27:39.019935427,16.67,beauty
1735,ord_00010318,2024-11-28 10:16:06.973059747,36.85,home_goods
1735,ord_00010319,2024-12-28 05:47:20.278207638,32.07,home_goods
1735,ord_00010320,2025-02-07 10:08:30.203932028,29.96,beauty
1735,ord_00010321,2025-03-13 16:51:00.233374765,48.98,beauty
1735,ord_00010322,2025-04-08 04:24:17.910162804,37.81,electronics_accessories
1735,ord_00010323,2025-05-02 05:11:35.339364508,57.01,beauty
1735,ord_00010324,2025-05-25 21:51:34.886182795,31.46,outdoor
1735,ord_00010325,2025-07-19 00:50:44.651938427,60.51,apparel
1735,ord_00010326,2025-08-18 08:32:02.608573339,31.08,apparel
1735,ord_00010327,2025-09-18 21:32:46.664838619,61.19,electronics_accessories
1735,ord_00010328,2025-10-04 16:00:29.290099613,65.36,beauty
1735,ord_00010329,2025-10-25 12:17:25.611625146,86.56,beauty
1735,ord_00010330,2025-11-23 19:53:02.967180404,14.91,electronics_accessories
1735,ord_00010331,2025-12-19 09:53:26.372020615,82.85,electronics_accessories
1735,ord_00010332,2026-01-19 07:54:25.989512970,104.62,home_goods
1735,ord_00010333,2026-02-19 02:59:44.931599972,19.9,outdoor
1735,ord_00010334,2026-03-26 16:42:15.565254935,53.72,electronics_accessories
1735,ord_00010335,2026-04-12 15:39:38.005512463,53.18,outdoor
1735,ord_00010336,2026-05-03 23:26:08.903075559,47.95,apparel
1735,ord_00010337,2026-06-01 19:25:30.248594297,40.96,outdoor
1735,ord_00010338,2026-06-26 06:32:50.590563748,44.13,electronics_accessories
1735,ord_00010339,2026-07-23 08:09:23.501069021,18.93,beauty
1736,ord_00010340,2025-10-10 00:00:00.000000000,84.55,beauty
1736,ord_00010341,2025-11-27 11:25:06.675702181,83.68,home_goods
1736,ord_00010342,2026-01-24 15:54:43.808506805,204.6,beauty
1736,ord_00010343,2026-03-18 16:01:45.631549710,107.23,beauty
1736,ord_00010344,2026-05-10 19:51:40.122272219,52.63,electronics_accessories
1736,ord_00010345,2026-07-21 03:56:08.401613098,18.3,electronics_accessories
1737,ord_00010346,2025-05-13 00:00:00.000000000,132.93,outdoor
1737,ord_00010347,2025-12-29 02:55:12.876482072,186.37,electronics_accessories
1737,ord_00010348,2026-04-04 10:57:50.173013205,42.16,apparel
1737,ord_00010349,2026-07-23 22:04:42.437840607,42.2,apparel
1738,ord_00010350,2025-01-08 00:00:00.000000000,60.92,outdoor
1739,ord_00010351,2025-11-26 00:00:00.000000000,53.03,beauty
1740,ord_00010352,2024-11-18 00:00:00.000000000,62.72,home_goods
1740,ord_00010353,2025-03-07 06:38:17.665872668,22.49,home_goods
1740,ord_00010354,2025-07-21 17:50:45.428878920,43.58,electronics_accessories
1740,ord_00010355,2025-10-04 00:50:53.812980211,39.86,outdoor
1740,ord_00010356,2026-01-12 07:32:49.560532099,44.33,apparel
1740,ord_00010357,2026-02-26 23:04:08.313009139,51.92,outdoor
1740,ord_00010358,2026-05-24 01:27:28.115642311,84.13,apparel
1741,ord_00010359,2026-03-31 00:00:00.000000000,42.34,apparel
1742,ord_00010360,2025-04-21 00:00:00.000000000,33.68,electronics_accessories
1743,ord_00010361,2025-05-18 00:00:00.000000000,30.71,outdoor
1744,ord_00010362,2025-06-03 00:00:00.000000000,74.76,home_goods
1744,ord_00010363,2025-07-13 23:54:37.281408827,49.69,outdoor
1744,ord_00010364,2025-09-05 09:31:26.929249418,55.47,electronics_accessories
1744,ord_00010365,2025-12-11 15:36:56.708836422,51.02,electronics_accessories
1744,ord_00010366,2026-01-24 03:33:52.502556207,30.15,apparel
1744,ord_00010367,2026-03-27 19:09:44.441978251,107.67,home_goods
1744,ord_00010368,2026-05-28 05:06:45.723122418,41.21,apparel
1744,ord_00010369,2026-07-22 01:08:16.819385878,94.27,beauty
1745,ord_00010370,2026-06-12 00:00:00.000000000,46.56,outdoor
1745,ord_00010371,2026-07-17 22:55:36.393775946,26.17,apparel
1746,ord_00010372,2024-10-28 00:00:00.000000000,89.03,home_goods
1746,ord_00010373,2025-01-07 06:51:52.785269050,86.22,apparel
1746,ord_00010374,2025-02-06 11:40:05.959063181,56.93,outdoor
1746,ord_00010375,2025-04-04 10:28:56.905679016,47.0,outdoor
1746,ord_00010376,2025-05-15 12:49:33.135926297,58.2,outdoor
1746,ord_00010377,2025-08-10 12:47:41.911714401,12.37,beauty
1746,ord_00010378,2025-10-02 03:30:08.757898397,55.33,outdoor
1746,ord_00010379,2025-12-25 07:02:45.516734394,45.7,beauty
1746,ord_00010380,2026-02-04 08:30:00.057314375,45.84,home_goods
1746,ord_00010381,2026-04-11 20:44:37.466227081,22.95,apparel
1746,ord_00010382,2026-06-10 03:51:02.834992485,43.44,electronics_accessories
1747,ord_00010383,2024-08-13 00:00:00.000000000,63.74,outdoor
1747,ord_00010384,2024-09-24 07:07:29.045273415,54.77,apparel
1747,ord_00010385,2024-10-28 09:12:48.116936498,53.52,electronics_accessories
1747,ord_00010386,2024-11-21 23:08:07.555186405,61.35,outdoor
1747,ord_00010387,2024-12-18 08:15:48.789524333,83.73,outdoor
1747,ord_00010388,2025-01-17 00:16:27.685282035,38.0,electronics_accessories
1747,ord_00010389,2025-02-14 08:22:48.214434819,21.21,outdoor
1747,ord_00010390,2025-03-08 12:11:07.240940156,43.87,home_goods
1747,ord_00010391,2025-04-09 04:36:11.091094707,39.3,apparel
1747,ord_00010392,2025-04-30 20:42:22.116083006,24.8,outdoor
1747,ord_00010393,2025-06-12 20:18:01.464528128,35.68,outdoor
1747,ord_00010394,2025-07-27 10:22:12.186347120,107.14,electronics_accessories
1747,ord_00010395,2025-08-20 08:41:33.068812961,26.17,electronics_accessories
1747,ord_00010396,2025-09-15 10:34:10.762948746,45.29,apparel
1747,ord_00010397,2025-10-13 22:05:01.360053037,27.65,home_goods
1747,ord_00010398,2025-11-14 22:46:36.854869483,48.04,electronics_accessories
1747,ord_00010399,2025-12-19 20:55:50.434011124,47.42,outdoor
1747,ord_00010400,2026-01-26 00:34:16.393611985,38.17,beauty
1747,ord_00010401,2026-03-03 21:59:33.841529812,35.41,beauty
1747,ord_00010402,2026-04-24 10:49:21.804009073,65.1,electronics_accessories
1747,ord_00010403,2026-05-27 08:59:57.604740962,93.81,beauty
1747,ord_00010404,2026-06-18 06:00:06.190072443,36.9,outdoor
1747,ord_00010405,2026-07-08 04:51:15.555805814,40.46,apparel
1748,ord_00010406,2026-06-23 00:00:00.000000000,61.57,beauty
1749,ord_00010407,2025-10-05 00:00:00.000000000,32.57,apparel
1750,ord_00010408,2026-03-16 00:00:00.000000000,94.76,beauty
1751,ord_00010409,2025-01-19 00:00:00.000000000,57.63,outdoor
1751,ord_00010410,2025-04-14 15:02:43.187249643,68.0,electronics_accessories
1751,ord_00010411,2025-07-22 16:49:53.700792303,80.54,home_goods
1751,ord_00010412,2025-09-20 17:20:27.220696103,49.29,beauty
1751,ord_00010413,2025-11-06 19:39:50.296345256,80.17,apparel
1751,ord_00010414,2026-02-04 04:28:03.720446181,69.63,electronics_accessories
1751,ord_00010415,2026-04-19 02:34:45.585246590,70.44,home_goods
1751,ord_00010416,2026-06-19 21:58:10.973674083,86.09,beauty
1752,ord_00010417,2026-04-27 00:00:00.000000000,54.67,outdoor
1753,ord_00010418,2026-03-24 00:00:00.000000000,28.14,outdoor
1753,ord_00010419,2026-05-05 01:06:50.403354361,25.13,home_goods
1753,ord_00010420,2026-05-21 03:58:54.323430218,30.7,outdoor
1753,ord_00010421,2026-06-17 03:22:25.441961596,54.56,beauty
1753,ord_00010422,2026-07-10 18:38:54.548607688,82.05,apparel
1753,ord_00010423,2026-08-01 19:19:05.038258189,103.15,apparel
1754,ord_00010424,2026-01-23 00:00:00.000000000,133.69,apparel
1754,ord_00010425,2026-03-13 14:36:55.962194110,45.94,beauty
1754,ord_00010426,2026-05-10 19:05:38.333608338,34.94,apparel
1754,ord_00010427,2026-07-25 13:49:08.665019074,52.0,electronics_accessories
1755,ord_00010428,2026-03-10 00:00:00.000000000,17.74,electronics_accessories
1756,ord_00010429,2026-02-25 00:00:00.000000000,19.87,home_goods
1756,ord_00010430,2026-03-25 20:31:34.336463859,120.48,apparel
1756,ord_00010431,2026-04-12 01:57:21.846073942,42.1,home_goods
1756,ord_00010432,2026-05-28 20:37:25.366274355,39.12,outdoor
1756,ord_00010433,2026-06-25 13:09:43.968844542,102.75,home_goods
1756,ord_00010434,2026-07-20 17:26:42.320726202,26.42,beauty
1757,ord_00010435,2026-03-31 00:00:00.000000000,24.84,outdoor
1758,ord_00010436,2024-10-10 00:00:00.000000000,47.8,outdoor
1758,ord_00010437,2024-10-27 21:26:47.019665526,43.5,home_goods
1758,ord_00010438,2024-11-12 23:08:02.100645159,46.05,outdoor
1758,ord_00010439,2024-12-01 17:54:50.400059993,53.39,beauty
1758,ord_00010440,2024-12-31 09:59:30.605475291,60.87,electronics_accessories
1758,ord_00010441,2025-01-12 21:34:18.484661200,38.6,electronics_accessories
1758,ord_00010442,2025-02-14 03:17:56.868357408,35.42,apparel
1758,ord_00010443,2025-03-16 18:01:27.896891864,83.53,outdoor
1758,ord_00010444,2025-04-11 11:32:03.360225364,29.23,beauty
1758,ord_00010445,2025-05-04 10:02:06.205096042,64.23,home_goods
1758,ord_00010446,2025-05-28 09:57:18.710517751,30.75,home_goods
1758,ord_00010447,2025-07-01 06:21:42.539896616,31.99,beauty
1758,ord_00010448,2025-07-14 08:18:51.683961643,25.7,home_goods
1758,ord_00010449,2025-08-10 19:36:17.243166132,33.49,beauty
1758,ord_00010450,2025-08-28 11:20:49.790075034,71.79,electronics_accessories
1758,ord_00010451,2025-09-25 18:24:06.272676365,34.95,apparel
1758,ord_00010452,2025-10-14 03:20:11.752947058,33.98,home_goods
1758,ord_00010453,2025-11-10 10:36:02.221395361,87.73,beauty
1758,ord_00010454,2025-11-24 07:41:48.913996228,24.44,electronics_accessories
1758,ord_00010455,2025-12-07 14:42:05.128561359,23.97,beauty
1758,ord_00010456,2025-12-28 23:04:38.112019031,72.45,electronics_accessories
1758,ord_00010457,2026-01-31 22:26:33.258320641,92.23,apparel
1758,ord_00010458,2026-02-26 21:00:59.833059485,44.01,electronics_accessories
1758,ord_00010459,2026-03-24 18:15:10.652505924,166.28,home_goods
1758,ord_00010460,2026-04-22 08:21:40.298983527,37.27,home_goods
1758,ord_00010461,2026-05-11 22:54:09.977693808,48.89,electronics_accessories
1758,ord_00010462,2026-06-07 11:32:28.385228337,63.86,home_goods
1758,ord_00010463,2026-06-26 00:59:12.909075038,36.34,apparel
1758,ord_00010464,2026-07-16 03:23:11.392450349,42.6,electronics_accessories
1758,ord_00010465,2026-08-06 00:05:38.929947919,34.29,beauty
1759,ord_00010466,2024-12-21 00:00:00.000000000,87.33,electronics_accessories
1759,ord_00010467,2025-03-26 20:11:26.898731289,44.91,beauty
1759,ord_00010468,2025-07-02 07:49:46.176144950,35.41,beauty
1759,ord_00010469,2025-10-08 17:26:21.254369337,45.56,beauty
1759,ord_00010470,2026-01-22 10:16:20.143604443,26.54,apparel
1759,ord_00010471,2026-05-25 19:11:04.030228139,34.36,beauty
1760,ord_00010472,2025-11-02 00:00:00.000000000,31.27,electronics_accessories
1760,ord_00010473,2025-11-09 05:58:19.267717104,32.05,beauty
1760,ord_00010474,2025-11-20 17:10:05.102882083,73.64,outdoor
1760,ord_00010475,2025-11-28 19:47:05.548052989,44.11,outdoor
1760,ord_00010476,2025-12-08 12:17:42.033246962,53.57,electronics_accessories
1760,ord_00010477,2025-12-14 16:32:49.488728951,51.41,beauty
1760,ord_00010478,2025-12-23 16:13:44.452365130,38.83,beauty
1760,ord_00010479,2025-12-31 18:45:55.223605470,47.52,apparel
1760,ord_00010480,2026-01-09 11:47:55.012041977,29.82,electronics_accessories
1760,ord_00010481,2026-01-24 10:03:54.510833567,76.95,home_goods
1760,ord_00010482,2026-02-05 09:27:49.488291477,28.49,home_goods
1760,ord_00010483,2026-02-15 15:53:49.246863631,28.38,apparel
1760,ord_00010484,2026-02-25 23:15:55.706882746,37.52,home_goods
1760,ord_00010485,2026-03-04 03:11:47.584232405,72.05,home_goods
1760,ord_00010486,2026-03-11 03:53:49.110278206,57.48,outdoor
1760,ord_00010487,2026-03-16 06:35:38.665937024,32.32,home_goods
1760,ord_00010488,2026-03-21 19:21:50.336900277,95.37,outdoor
1760,ord_00010489,2026-03-28 00:18:08.728734690,45.88,electronics_accessories
1760,ord_00010490,2026-04-05 00:55:46.051466634,32.08,apparel
1760,ord_00010491,2026-04-10 15:29:12.568051381,48.94,home_goods
1760,ord_00010492,2026-04-18 15:32:03.177413241,24.98,outdoor
1760,ord_00010493,2026-04-26 09:04:36.450916307,48.18,outdoor
1760,ord_00010494,2026-05-02 03:20:56.563013573,40.24,outdoor
1760,ord_00010495,2026-05-14 22:26:51.986151191,56.34,home_goods
1760,ord_00010496,2026-05-20 09:02:50.246978603,39.55,beauty
1760,ord_00010497,2026-05-31 16:44:42.574554777,57.13,outdoor
1760,ord_00010498,2026-06-04 19:33:22.682191094,58.53,home_goods
1760,ord_00010499,2026-06-12 13:45:23.955334569,30.35,apparel
1760,ord_00010500,2026-06-18 05:25:26.339481312,36.6,electronics_accessories
1760,ord_00010501,2026-06-24 21:06:05.717043584,70.6,beauty
1760,ord_00010502,2026-07-08 19:34:08.536399151,42.74,beauty
1760,ord_00010503,2026-07-16 02:40:37.347856387,51.91,beauty
1760,ord_00010504,2026-07-21 22:11:09.483576866,51.59,electronics_accessories
1760,ord_00010505,2026-07-31 07:06:53.228962298,54.28,beauty
1760,ord_00010506,2026-08-07 13:45:43.912460845,92.44,outdoor
1761,ord_00010507,2025-01-31 00:00:00.000000000,24.49,apparel
1762,ord_00010508,2025-02-08 00:00:00.000000000,68.86,outdoor
1763,ord_00010509,2025-03-13 00:00:00.000000000,43.46,apparel
1764,ord_00010510,2025-07-23 00:00:00.000000000,54.08,electronics_accessories
1765,ord_00010511,2024-11-26 00:00:00.000000000,62.8,beauty
1766,ord_00010512,2025-08-06 00:00:00.000000000,20.45,home_goods
1767,ord_00010513,2026-01-14 00:00:00.000000000,93.49,home_goods
1767,ord_00010514,2026-01-24 16:20:18.505611869,32.11,home_goods
1767,ord_00010515,2026-02-19 17:40:46.822886856,36.13,electronics_accessories
1767,ord_00010516,2026-02-27 23:29:00.711091730,62.21,beauty
1767,ord_00010517,2026-03-18 17:03:06.815595593,101.32,apparel
1767,ord_00010518,2026-04-09 01:38:30.213558518,64.52,electronics_accessories
1767,ord_00010519,2026-04-30 22:45:21.602433803,15.16,beauty
1767,ord_00010520,2026-05-18 15:06:02.558020938,29.37,electronics_accessories
1767,ord_00010521,2026-06-11 19:17:13.581848422,45.21,home_goods
1767,ord_00010522,2026-07-09 14:01:28.626965939,20.86,home_goods
1767,ord_00010523,2026-07-24 10:39:27.373317082,69.38,apparel
1768,ord_00010524,2024-08-12 00:00:00.000000000,45.82,beauty
1769,ord_00010525,2024-11-24 00:00:00.000000000,34.78,beauty
1770,ord_00010526,2025-12-02 00:00:00.000000000,108.22,apparel
1770,ord_00010527,2026-01-09 03:11:46.465868694,36.95,outdoor
1770,ord_00010528,2026-02-13 13:18:21.364429335,79.97,outdoor
1770,ord_00010529,2026-03-21 08:29:34.889600277,53.67,electronics_accessories
1770,ord_00010530,2026-04-30 10:13:46.070355262,34.31,apparel
1770,ord_00010531,2026-06-05 18:37:46.518189138,38.15,electronics_accessories
1770,ord_00010532,2026-07-25 05:23:36.216261444,48.3,beauty
1771,ord_00010533,2025-04-17 00:00:00.000000000,26.53,home_goods
1771,ord_00010534,2025-05-11 18:07:10.495658132,59.76,electronics_accessories
1771,ord_00010535,2025-05-28 15:55:40.216918167,27.42,outdoor
1771,ord_00010536,2025-07-01 11:00:03.749273715,54.57,home_goods
1771,ord_00010537,2025-08-03 08:23:42.257806942,94.59,beauty
1771,ord_00010538,2025-09-09 16:49:44.180811366,50.56,apparel
1771,ord_00010539,2025-10-17 16:32:49.319687052,59.08,outdoor
1771,ord_00010540,2025-11-21 23:47:13.040327066,49.11,electronics_accessories
1771,ord_00010541,2025-12-27 17:48:47.681377192,78.62,beauty
1771,ord_00010542,2026-01-30 04:47:09.017195412,61.6,electronics_accessories
1771,ord_00010543,2026-03-06 05:43:56.131708191,74.75,outdoor
1771,ord_00010544,2026-03-22 06:31:39.122879378,40.5,electronics_accessories
1771,ord_00010545,2026-04-11 07:17:05.699890542,61.01,outdoor
1771,ord_00010546,2026-04-30 09:02:36.290398198,88.37,beauty
1771,ord_00010547,2026-06-10 03:52:02.712585575,45.56,outdoor
1771,ord_00010548,2026-07-02 04:33:45.437445854,26.9,apparel
1771,ord_00010549,2026-07-25 07:16:13.140180039,27.94,outdoor
1772,ord_00010550,2025-04-04 00:00:00.000000000,29.87,outdoor
1772,ord_00010551,2025-08-24 08:57:37.879943244,17.86,home_goods
1772,ord_00010552,2025-12-22 18:04:06.527505090,38.36,outdoor
1772,ord_00010553,2026-05-02 07:09:27.112028126,53.7,outdoor
1772,ord_00010554,2026-07-14 07:01:27.529865867,34.99,electronics_accessories
1773,ord_00010555,2025-06-07 00:00:00.000000000,32.84,beauty
1773,ord_00010556,2025-07-01 13:13:20.063840687,41.27,apparel
1773,ord_00010557,2025-07-19 02:17:26.389147968,65.69,apparel
1773,ord_00010558,2025-08-22 00:38:26.284484717,22.91,electronics_accessories
1773,ord_00010559,2025-09-15 15:46:23.750066790,36.18,beauty
1773,ord_00010560,2025-10-15 15:54:26.717018811,49.12,apparel
1773,ord_00010561,2025-11-01 15:46:14.500589479,66.68,beauty
1773,ord_00010562,2025-11-27 10:46:41.237951380,48.89,apparel
1773,ord_00010563,2025-12-26 12:16:10.160542206,81.02,home_goods
1773,ord_00010564,2026-01-08 18:27:12.553962836,33.19,electronics_accessories
1773,ord_00010565,2026-02-12 12:26:29.673474316,57.96,outdoor
1773,ord_00010566,2026-03-01 08:15:32.093788482,53.78,outdoor
1773,ord_00010567,2026-03-27 10:04:37.998493265,29.35,apparel
1773,ord_00010568,2026-05-08 06:25:56.257798313,24.79,outdoor
1773,ord_00010569,2026-06-09 20:44:59.976051204,36.48,apparel
1773,ord_00010570,2026-06-25 12:27:23.904064818,139.33,electronics_accessories
1773,ord_00010571,2026-07-18 17:21:11.470758176,50.41,home_goods
1774,ord_00010572,2026-05-12 00:00:00.000000000,99.21,beauty
1774,ord_00010573,2026-07-07 20:22:21.611712154,51.43,outdoor
1775,ord_00010574,2025-12-03 00:00:00.000000000,50.96,home_goods
1775,ord_00010575,2026-02-24 08:20:40.564178951,27.93,home_goods
1775,ord_00010576,2026-04-19 23:33:51.863346064,50.66,home_goods
1775,ord_00010577,2026-06-09 08:22:27.611157379,48.04,electronics_accessories
1775,ord_00010578,2026-07-12 23:16:14.007568107,28.04,electronics_accessories
1776,ord_00010579,2025-10-31 00:00:00.000000000,33.55,electronics_accessories
1777,ord_00010580,2024-10-18 00:00:00.000000000,39.06,beauty
1777,ord_00010581,2024-11-19 05:38:40.864383640,19.88,beauty
1777,ord_00010582,2025-01-08 03:41:02.395680655,52.93,apparel
1777,ord_00010583,2025-01-28 23:44:31.836274128,45.02,beauty
1777,ord_00010584,2025-02-20 19:07:17.532502329,55.91,outdoor
1777,ord_00010585,2025-03-21 03:12:02.705313590,25.58,beauty
1777,ord_00010586,2025-04-20 02:25:56.157509592,57.07,home_goods
1777,ord_00010587,2025-06-28 03:28:58.628219977,22.23,apparel
1777,ord_00010588,2025-07-22 02:07:46.454988005,102.67,beauty
1777,ord_00010589,2025-08-12 05:19:35.536943261,27.96,home_goods
1777,ord_00010590,2025-09-04 19:47:45.660737535,54.65,outdoor
1777,ord_00010591,2025-10-08 07:58:06.045329556,72.88,apparel
1777,ord_00010592,2025-11-13 13:21:06.837238449,65.4,electronics_accessories
1777,ord_00010593,2025-12-08 20:03:35.470505924,52.16,beauty
1777,ord_00010594,2026-01-09 06:53:01.613928524,42.17,outdoor
1777,ord_00010595,2026-03-06 07:19:32.996277717,51.12,apparel
1777,ord_00010596,2026-04-06 21:21:24.418026295,38.38,home_goods
1777,ord_00010597,2026-05-11 07:15:15.433458697,19.57,electronics_accessories
1777,ord_00010598,2026-07-05 09:12:48.451174263,74.82,home_goods
1777,ord_00010599,2026-07-30 17:34:22.579884918,15.59,electronics_accessories
1778,ord_00010600,2024-08-09 00:00:00.000000000,48.11,outdoor
1779,ord_00010601,2026-04-06 00:00:00.000000000,29.59,home_goods
1780,ord_00010602,2026-03-15 00:00:00.000000000,31.01,beauty
1781,ord_00010603,2026-04-18 00:00:00.000000000,115.62,outdoor
1782,ord_00010604,2024-10-13 00:00:00.000000000,48.2,electronics_accessories
1782,ord_00010605,2025-02-22 20:44:29.422120308,58.89,apparel
1782,ord_00010606,2025-07-20 14:15:36.615447606,42.46,home_goods
1782,ord_00010607,2025-10-23 22:17:41.079806574,40.33,apparel
1782,ord_00010608,2026-02-18 23:44:53.084740554,84.87,outdoor
1782,ord_00010609,2026-06-20 03:33:34.006986662,42.47,home_goods
1783,ord_00010610,2025-05-26 00:00:00.000000000,45.68,apparel
1784,ord_00010611,2024-11-03 00:00:00.000000000,18.28,outdoor
1785,ord_00010612,2025-11-30 00:00:00.000000000,26.38,outdoor
1786,ord_00010613,2025-11-25 00:00:00.000000000,81.98,beauty
1786,ord_00010614,2025-12-16 12:15:49.107269856,94.43,beauty
1786,ord_00010615,2026-01-22 14:26:18.347675704,43.92,electronics_accessories
1786,ord_00010616,2026-02-27 10:49:25.840439809,28.54,electronics_accessories
1786,ord_00010617,2026-03-30 17:20:19.610136648,48.57,outdoor
1786,ord_00010618,2026-05-02 04:55:10.172919738,99.71,outdoor
1786,ord_00010619,2026-06-06 09:16:47.025089489,31.96,outdoor
1786,ord_00010620,2026-07-24 02:46:28.297302789,66.06,apparel
1787,ord_00010621,2026-02-05 00:00:00.000000000,71.2,outdoor
1788,ord_00010622,2026-06-20 00:00:00.000000000,115.02,electronics_accessories
1788,ord_00010623,2026-07-24 04:38:30.219423845,70.61,home_goods
1789,ord_00010624,2024-11-04 00:00:00.000000000,64.75,outdoor
1789,ord_00010625,2024-12-16 15:54:25.586860037,94.62,beauty
1789,ord_00010626,2025-02-15 04:45:01.352039817,100.99,outdoor
1789,ord_00010627,2025-05-22 04:17:53.220295882,59.01,outdoor
1789,ord_00010628,2025-08-06 05:11:18.443719759,93.27,electronics_accessories
1789,ord_00010629,2025-10-05 07:38:09.039775339,25.68,apparel
1789,ord_00010630,2026-01-09 15:28:47.519303480,31.36,home_goods
1789,ord_00010631,2026-03-19 01:57:43.925174332,39.29,outdoor
1789,ord_00010632,2026-06-03 22:14:52.361527470,34.02,home_goods
1790,ord_00010633,2026-03-25 00:00:00.000000000,43.02,electronics_accessories
1791,ord_00010634,2026-01-26 00:00:00.000000000,86.89,electronics_accessories
1791,ord_00010635,2026-02-11 16:58:03.882382837,21.77,electronics_accessories
1791,ord_00010636,2026-03-02 20:56:15.480664374,39.5,home_goods
1791,ord_00010637,2026-03-26 13:28:48.957068822,69.7,beauty
1791,ord_00010638,2026-04-21 17:44:51.548994884,56.71,beauty
1791,ord_00010639,2026-05-07 13:04:06.905000424,89.93,home_goods
1791,ord_00010640,2026-06-01 13:39:11.161293713,98.31,home_goods
1791,ord_00010641,2026-06-12 18:48:51.013644800,55.38,beauty
1791,ord_00010642,2026-07-06 21:47:58.276562492,63.53,home_goods
1791,ord_00010643,2026-07-19 07:56:17.056690654,56.0,outdoor
1792,ord_00010644,2025-05-18 00:00:00.000000000,59.79,apparel
1793,ord_00010645,2025-01-17 00:00:00.000000000,49.41,beauty
1794,ord_00010646,2026-07-07 00:00:00.000000000,82.28,home_goods
1795,ord_00010647,2025-03-17 00:00:00.000000000,38.86,outdoor
1795,ord_00010648,2025-04-23 00:52:25.786814684,42.66,apparel
1795,ord_00010649,2025-06-12 17:18:03.427184223,23.81,beauty
1795,ord_00010650,2025-07-28 17:02:23.611480841,31.07,electronics_accessories
1795,ord_00010651,2025-09-22 02:00:34.819659856,83.86,home_goods
1795,ord_00010652,2025-10-21 01:22:30.377654054,56.31,home_goods
1795,ord_00010653,2025-11-18 23:26:24.475901190,46.47,home_goods
1795,ord_00010654,2025-12-21 01:30:37.935051513,49.43,electronics_accessories
1795,ord_00010655,2026-01-16 18:42:40.765819266,45.21,apparel
1795,ord_00010656,2026-02-09 15:05:55.150990174,36.15,outdoor
1795,ord_00010657,2026-03-22 10:24:14.825693346,36.64,outdoor
1795,ord_00010658,2026-05-01 09:54:32.948199286,75.05,beauty
1795,ord_00010659,2026-06-08 14:00:15.410546511,33.56,outdoor
1795,ord_00010660,2026-07-18 00:07:49.909515262,20.76,apparel
1796,ord_00010661,2025-03-28 00:00:00.000000000,51.14,home_goods
1797,ord_00010662,2026-01-08 00:00:00.000000000,59.1,electronics_accessories
1797,ord_00010663,2026-01-12 05:45:13.979687633,78.71,home_goods
1797,ord_00010664,2026-01-17 03:59:29.450822696,54.52,apparel
1797,ord_00010665,2026-01-21 04:09:30.180457981,13.35,outdoor
1797,ord_00010666,2026-01-28 03:21:06.940637027,28.14,outdoor
1797,ord_00010667,2026-02-01 13:48:58.464739518,69.19,beauty
1797,ord_00010668,2026-02-07 06:10:35.601984421,30.83,beauty
1797,ord_00010669,2026-02-18 19:04:06.232462453,43.31,home_goods
1797,ord_00010670,2026-02-24 15:47:41.774288789,29.73,electronics_accessories
1797,ord_00010671,2026-03-02 03:01:17.093273848,30.71,home_goods
1797,ord_00010672,2026-03-07 15:08:24.938169181,27.33,beauty
1797,ord_00010673,2026-03-14 13:11:22.292712659,63.86,electronics_accessories
1797,ord_00010674,2026-03-21 05:10:43.055740005,63.95,home_goods
1797,ord_00010675,2026-03-25 09:42:51.919148924,63.01,beauty
1797,ord_00010676,2026-03-30 09:48:12.824066017,28.97,outdoor
1797,ord_00010677,2026-04-04 01:00:33.286981318,28.13,outdoor
1797,ord_00010678,2026-04-09 05:49:06.886609144,38.9,electronics_accessories
1797,ord_00010679,2026-04-19 00:48:50.784649787,45.9,beauty
1797,ord_00010680,2026-04-25 20:18:51.636068895,20.17,electronics_accessories
1797,ord_00010681,2026-05-01 08:57:21.703584902,48.85,electronics_accessories
1797,ord_00010682,2026-05-09 14:17:54.019333653,36.4,apparel
1797,ord_00010683,2026-05-15 14:03:17.763938100,94.51,beauty
1797,ord_00010684,2026-05-19 01:09:53.775822320,28.21,apparel
1797,ord_00010685,2026-05-28 08:58:07.306565012,109.0,electronics_accessories
1797,ord_00010686,2026-06-02 18:35:44.227998752,46.2,apparel
1797,ord_00010687,2026-06-05 15:38:29.631176512,45.94,home_goods
1797,ord_00010688,2026-06-09 03:42:54.503737575,75.95,apparel
1797,ord_00010689,2026-06-17 02:15:34.733768805,93.26,outdoor
1797,ord_00010690,2026-06-20 14:44:36.569826667,36.69,electronics_accessories
1797,ord_00010691,2026-06-29 02:22:56.036065009,73.34,beauty
1797,ord_00010692,2026-07-04 21:34:47.371399791,51.95,beauty
1797,ord_00010693,2026-07-11 21:52:47.568792990,19.02,apparel
1797,ord_00010694,2026-07-17 03:39:37.337779420,41.4,home_goods
1797,ord_00010695,2026-07-23 18:36:37.309118642,33.39,apparel
1797,ord_00010696,2026-07-29 23:59:55.933940747,70.13,home_goods
1797,ord_00010697,2026-08-04 14:17:29.359624194,44.71,outdoor
1798,ord_00010698,2025-06-02 00:00:00.000000000,41.68,home_goods
1799,ord_00010699,2025-10-24 00:00:00.000000000,26.78,apparel
1799,ord_00010700,2025-11-26 00:46:01.527092417,54.43,beauty
1799,ord_00010701,2026-01-05 14:48:49.721598864,76.39,electronics_accessories
1799,ord_00010702,2026-01-26 08:19:07.425448833,37.74,electronics_accessories
1799,ord_00010703,2026-03-09 04:21:25.787213418,22.95,outdoor
1799,ord_00010704,2026-04-11 02:10:27.405161782,24.93,apparel
1799,ord_00010705,2026-05-19 03:56:50.836540869,43.64,home_goods
1799,ord_00010706,2026-07-24 05:52:43.744795601,40.13,outdoor
1800,ord_00010707,2024-08-13 00:00:00.000000000,82.65,home_goods
1800,ord_00010708,2024-10-28 01:02:38.138215957,101.45,beauty
1800,ord_00010709,2025-03-16 18:31:36.239754027,72.24,electronics_accessories
1800,ord_00010710,2025-06-26 09:33:05.589376884,48.35,electronics_accessories
1800,ord_00010711,2025-11-08 11:42:33.348466004,79.51,apparel
1800,ord_00010712,2026-02-23 12:25:50.609205678,31.98,beauty
1801,ord_00010713,2026-06-03 00:00:00.000000000,57.39,beauty
1801,ord_00010714,2026-06-19 17:41:50.551293127,64.75,home_goods
1801,ord_00010715,2026-06-30 12:46:30.860685924,33.29,beauty
1801,ord_00010716,2026-07-15 08:00:26.909490186,84.92,beauty
1801,ord_00010717,2026-07-29 11:46:28.035494895,92.57,beauty
1802,ord_00010718,2025-09-10 00:00:00.000000000,41.95,outdoor
1802,ord_00010719,2026-01-18 06:55:23.248274122,52.1,beauty
1802,ord_00010720,2026-03-04 04:58:39.536691319,88.13,beauty
1802,ord_00010721,2026-06-15 14:12:15.021327579,85.88,apparel
1803,ord_00010722,2026-07-22 00:00:00.000000000,35.72,home_goods
1804,ord_00010723,2026-08-07 00:00:00.000000000,108.43,home_goods
1805,ord_00010724,2026-05-03 00:00:00.000000000,45.64,outdoor
1805,ord_00010725,2026-05-19 00:58:39.683973325,20.02,electronics_accessories
1805,ord_00010726,2026-06-04 20:42:17.483093275,64.49,electronics_accessories
1805,ord_00010727,2026-07-08 23:02:27.392528844,48.2,beauty
1805,ord_00010728,2026-07-30 14:05:02.523934136,129.54,apparel
1806,ord_00010729,2025-01-27 00:00:00.000000000,51.4,beauty
1806,ord_00010730,2025-06-01 06:42:06.591619536,97.4,beauty
1806,ord_00010731,2025-08-26 13:50:57.361952170,57.33,electronics_accessories
1806,ord_00010732,2025-10-21 08:33:08.609777149,53.18,outdoor
1806,ord_00010733,2025-12-24 21:08:25.682109867,137.52,home_goods
1806,ord_00010734,2026-02-06 00:21:09.669792188,40.65,home_goods
1806,ord_00010735,2026-05-21 03:53:41.204499978,48.32,home_goods
1807,ord_00010736,2026-03-12 00:00:00.000000000,40.02,outdoor
1808,ord_00010737,2025-12-23 00:00:00.000000000,49.12,home_goods
1809,ord_00010738,2025-04-07 00:00:00.000000000,73.37,apparel
1810,ord_00010739,2024-11-26 00:00:00.000000000,76.29,beauty
1811,ord_00010740,2024-08-08 00:00:00.000000000,58.69,outdoor
1812,ord_00010741,2024-11-22 00:00:00.000000000,17.2,home_goods
1813,ord_00010742,2025-07-31 00:00:00.000000000,66.21,electronics_accessories
1813,ord_00010743,2025-09-01 11:07:21.045118051,50.88,apparel
1813,ord_00010744,2025-09-27 02:30:26.641254213,73.42,electronics_accessories
1813,ord_00010745,2025-10-29 20:52:28.638463559,85.11,electronics_accessories
1813,ord_00010746,2025-12-24 04:51:41.363302326,65.53,home_goods
1813,ord_00010747,2026-02-08 21:11:12.525312002,106.23,apparel
1813,ord_00010748,2026-04-02 17:38:31.165706244,25.86,outdoor
1813,ord_00010749,2026-05-20 18:26:57.333941299,35.12,outdoor
1813,ord_00010750,2026-06-21 14:18:12.877298638,59.09,apparel
1814,ord_00010751,2024-11-06 00:00:00.000000000,30.22,beauty
1815,ord_00010752,2025-11-03 00:00:00.000000000,18.34,home_goods
1815,ord_00010753,2025-11-30 09:36:19.531783942,27.01,apparel
1815,ord_00010754,2025-12-25 00:14:41.933519941,77.12,home_goods
1815,ord_00010755,2026-01-18 22:38:15.177464137,80.62,apparel
1815,ord_00010756,2026-02-07 07:56:05.542696783,42.62,beauty
1815,ord_00010757,2026-03-13 04:52:49.117530036,23.34,outdoor
1815,ord_00010758,2026-04-01 05:40:12.968308777,29.51,apparel
1815,ord_00010759,2026-04-15 16:48:28.433262677,59.36,outdoor
1815,ord_00010760,2026-05-03 06:17:59.671559264,52.05,apparel
1815,ord_00010761,2026-06-10 04:48:02.421496737,25.79,outdoor
1815,ord_00010762,2026-07-15 23:36:18.011868013,70.82,home_goods
1815,ord_00010763,2026-07-29 10:47:29.169256820,103.43,electronics_accessories
1816,ord_00010764,2024-08-28 00:00:00.000000000,80.02,home_goods
1817,ord_00010765,2026-03-31 00:00:00.000000000,61.26,electronics_accessories
1818,ord_00010766,2026-05-26 00:00:00.000000000,42.48,electronics_accessories
1819,ord_00010767,2024-12-10 00:00:00.000000000,73.54,electronics_accessories
1820,ord_00010768,2025-04-10 00:00:00.000000000,23.17,electronics_accessories
1820,ord_00010769,2025-07-29 00:01:27.078272690,79.79,apparel
1820,ord_00010770,2025-10-23 04:53:00.859564314,195.94,apparel
1820,ord_00010771,2026-01-15 23:19:16.114279517,47.09,home_goods
1820,ord_00010772,2026-05-04 01:21:46.436153003,58.13,apparel
1820,ord_00010773,2026-07-30 06:47:04.107805556,68.4,outdoor
1821,ord_00010774,2026-06-10 00:00:00.000000000,73.34,electronics_accessories
1821,ord_00010775,2026-07-24 18:56:33.207364259,60.4,apparel
1822,ord_00010776,2026-04-22 00:00:00.000000000,44.09,beauty
1823,ord_00010777,2026-07-23 00:00:00.000000000,43.24,home_goods
1824,ord_00010778,2025-12-02 00:00:00.000000000,81.4,beauty
1824,ord_00010779,2025-12-11 21:36:16.357885670,42.3,outdoor
1824,ord_00010780,2025-12-22 18:01:52.438049525,41.39,electronics_accessories
1824,ord_00010781,2026-01-05 15:15:49.627263658,62.24,electronics_accessories
1824,ord_00010782,2026-01-12 21:34:15.423517059,25.4,electronics_accessories
1824,ord_00010783,2026-01-23 09:30:20.415932477,46.75,apparel
1824,ord_00010784,2026-02-06 17:38:33.324973235,31.15,home_goods
1824,ord_00010785,2026-02-15 08:07:32.090678738,67.53,outdoor
1824,ord_00010786,2026-02-27 08:16:29.548510728,30.99,electronics_accessories
1824,ord_00010787,2026-03-15 20:28:41.626178434,24.36,electronics_accessories
1824,ord_00010788,2026-03-21 16:47:34.626676128,31.95,electronics_accessories
1824,ord_00010789,2026-04-01 19:02:08.535435339,93.11,apparel
1824,ord_00010790,2026-04-16 06:47:02.691630288,52.67,electronics_accessories
1824,ord_00010791,2026-04-25 11:36:54.803749204,60.68,apparel
1824,ord_00010792,2026-05-10 23:31:15.140709995,54.7,electronics_accessories
1824,ord_00010793,2026-05-23 08:16:03.070466841,58.85,home_goods
1824,ord_00010794,2026-06-09 17:24:23.244280981,30.58,home_goods
1824,ord_00010795,2026-06-21 21:34:51.886455123,32.83,apparel
1824,ord_00010796,2026-07-09 17:15:37.665878763,100.1,outdoor
1824,ord_00010797,2026-07-20 21:41:46.960269002,36.74,beauty
1824,ord_00010798,2026-07-27 16:27:21.077126624,64.57,beauty
1824,ord_00010799,2026-08-05 03:28:38.623744674,26.64,home_goods
1825,ord_00010800,2025-05-27 00:00:00.000000000,47.18,home_goods
1825,ord_00010801,2025-06-18 10:49:36.813858355,36.84,beauty
1825,ord_00010802,2025-07-02 20:42:46.851899555,37.73,outdoor
1825,ord_00010803,2025-07-29 13:00:34.456467941,11.69,outdoor
1825,ord_00010804,2025-08-19 18:43:16.139748869,40.97,electronics_accessories
1825,ord_00010805,2025-09-15 17:02:17.136750154,28.57,beauty
1825,ord_00010806,2025-09-25 08:11:17.627533804,98.39,beauty
1825,ord_00010807,2025-10-07 02:23:16.381213059,77.97,outdoor
1825,ord_00010808,2025-11-05 11:09:03.782595413,60.91,electronics_accessories
1825,ord_00010809,2025-11-21 12:31:15.532470923,64.71,apparel
1825,ord_00010810,2025-12-04 08:32:05.892236707,23.97,apparel
1825,ord_00010811,2025-12-23 02:32:10.624325539,115.44,beauty
1825,ord_00010812,2026-01-13 12:48:51.007077575,20.37,apparel
1825,ord_00010813,2026-02-01 12:53:18.380525895,75.96,outdoor
1825,ord_00010814,2026-02-24 11:11:19.738854818,44.42,home_goods
1825,ord_00010815,2026-03-18 11:33:57.010210660,42.61,home_goods
1825,ord_00010816,2026-04-09 03:42:34.909276234,36.95,beauty
1825,ord_00010817,2026-05-09 00:20:52.974891692,47.26,home_goods
1825,ord_00010818,2026-05-28 20:31:58.106784139,40.2,outdoor
1825,ord_00010819,2026-06-17 12:32:09.940777000,58.14,beauty
1825,ord_00010820,2026-07-12 20:58:45.261072828,50.83,apparel
1825,ord_00010821,2026-08-05 09:25:57.722215076,56.37,apparel
1826,ord_00010822,2025-08-14 00:00:00.000000000,13.52,apparel
1827,ord_00010823,2025-02-17 00:00:00.000000000,65.8,electronics_accessories
1828,ord_00010824,2024-09-22 00:00:00.000000000,39.6,apparel
1829,ord_00010825,2024-11-03 00:00:00.000000000,39.59,electronics_accessories
1829,ord_00010826,2024-12-22 12:03:48.474411400,67.05,home_goods
1829,ord_00010827,2025-03-09 22:32:56.110276534,51.3,beauty
1829,ord_00010828,2025-04-17 09:07:27.614520534,23.27,electronics_accessories
1829,ord_00010829,2025-06-19 07:26:14.451908691,44.3,home_goods
1829,ord_00010830,2025-08-18 14:35:10.647711550,50.12,beauty
1829,ord_00010831,2025-11-07 10:33:30.519259413,53.32,beauty
1829,ord_00010832,2025-12-22 20:34:16.095785465,42.33,apparel
1829,ord_00010833,2026-02-07 18:51:24.079869205,29.37,apparel
1829,ord_00010834,2026-03-19 03:56:30.934978704,80.42,home_goods
1829,ord_00010835,2026-05-08 15:25:40.960946412,53.46,beauty
1829,ord_00010836,2026-07-12 05:47:52.509585068,122.31,outdoor
1830,ord_00010837,2024-09-21 00:00:00.000000000,63.73,apparel
1831,ord_00010838,2024-11-29 00:00:00.000000000,46.35,beauty
1832,ord_00010839,2026-01-07 00:00:00.000000000,19.11,electronics_accessories
1832,ord_00010840,2026-02-13 08:14:54.540631863,40.17,outdoor
1832,ord_00010841,2026-03-20 16:04:10.025604357,68.43,beauty
1832,ord_00010842,2026-04-29 11:42:01.279123959,39.69,beauty
1832,ord_00010843,2026-06-13 19:13:18.809119954,43.88,home_goods
1832,ord_00010844,2026-07-13 18:28:41.730424290,14.29,electronics_accessories
1833,ord_00010845,2026-07-12 00:00:00.000000000,64.9,apparel
1834,ord_00010846,2025-05-02 00:00:00.000000000,61.93,home_goods
1835,ord_00010847,2025-12-07 00:00:00.000000000,34.94,outdoor
1836,ord_00010848,2025-12-22 00:00:00.000000000,81.73,home_goods
1837,ord_00010849,2026-07-30 00:00:00.000000000,64.5,electronics_accessories
1838,ord_00010850,2025-10-19 00:00:00.000000000,126.5,home_goods
1839,ord_00010851,2024-11-14 00:00:00.000000000,30.34,electronics_accessories
1839,ord_00010852,2024-12-10 04:16:08.728359496,87.8,home_goods
1839,ord_00010853,2025-01-31 15:51:40.959808919,52.35,outdoor
1839,ord_00010854,2025-02-26 08:59:07.653071038,60.45,apparel
1839,ord_00010855,2025-04-01 11:24:00.351483788,29.58,outdoor
1839,ord_00010856,2025-04-28 02:28:05.681454448,38.74,electronics_accessories
1839,ord_00010857,2025-06-06 15:56:17.440129349,136.11,electronics_accessories
1839,ord_00010858,2025-07-16 19:35:10.923036818,27.17,beauty
1839,ord_00010859,2025-08-14 05:22:42.868941421,44.85,home_goods
1839,ord_00010860,2025-09-08 12:57:59.417672055,48.56,beauty
1839,ord_00010861,2025-10-03 16:13:23.609908090,135.74,outdoor
1839,ord_00010862,2025-10-20 17:04:21.940389553,61.03,beauty
1839,ord_00010863,2025-11-19 04:32:28.119816273,31.18,home_goods
1839,ord_00010864,2025-12-18 11:44:35.185412202,37.91,electronics_accessories
1839,ord_00010865,2026-01-09 21:06:44.876656297,38.18,electronics_accessories
1839,ord_00010866,2026-01-26 08:58:51.244626954,65.54,outdoor
1839,ord_00010867,2026-02-25 19:14:54.255420119,117.16,electronics_accessories
1839,ord_00010868,2026-03-29 09:43:30.602622958,138.01,beauty
1839,ord_00010869,2026-04-30 14:26:48.374348320,35.17,apparel
1839,ord_00010870,2026-05-21 20:30:52.572919955,88.24,home_goods
1839,ord_00010871,2026-06-23 01:43:46.682244144,61.6,beauty
1839,ord_00010872,2026-07-20 04:21:56.660332977,70.3,beauty
1840,ord_00010873,2025-04-05 00:00:00.000000000,19.74,apparel
1840,ord_00010874,2025-04-19 00:42:43.652832185,36.17,outdoor
1840,ord_00010875,2025-05-08 22:40:23.438108218,38.77,beauty
1840,ord_00010876,2025-05-27 23:36:03.175046924,48.51,apparel
1840,ord_00010877,2025-06-18 22:57:38.285265758,43.2,beauty
1840,ord_00010878,2025-07-08 09:32:31.110922316,75.92,outdoor
1840,ord_00010879,2025-07-20 12:41:12.043335966,38.19,beauty
1840,ord_00010880,2025-07-31 06:13:05.256621431,15.77,home_goods
1840,ord_00010881,2025-08-25 11:42:09.407521241,29.57,home_goods
1840,ord_00010882,2025-09-11 01:30:28.468095056,29.53,home_goods
1840,ord_00010883,2025-09-29 22:10:39.020605681,25.39,outdoor
1840,ord_00010884,2025-10-17 00:41:25.561304555,45.95,outdoor
1840,ord_00010885,2025-11-01 09:43:23.052627375,49.83,electronics_accessories
1840,ord_00010886,2025-11-16 15:48:01.001357923,53.3,electronics_accessories
1840,ord_00010887,2025-12-14 02:49:05.517490465,24.28,home_goods
1840,ord_00010888,2026-01-01 22:32:04.836724355,74.82,beauty
1840,ord_00010889,2026-01-26 09:39:16.576944897,41.15,electronics_accessories
1840,ord_00010890,2026-02-20 20:54:58.931380534,18.39,electronics_accessories
1840,ord_00010891,2026-03-15 02:34:54.389715054,17.66,outdoor
1840,ord_00010892,2026-04-09 19:55:02.685583557,83.39,beauty
1840,ord_00010893,2026-04-30 03:19:15.724967378,43.85,electronics_accessories
1840,ord_00010894,2026-05-30 13:58:41.723840479,24.01,apparel
1840,ord_00010895,2026-06-25 11:17:05.612545729,35.16,apparel
1840,ord_00010896,2026-07-22 09:53:17.039614508,62.31,electronics_accessories
1840,ord_00010897,2026-08-06 16:06:42.578650307,36.89,beauty
1841,ord_00010898,2025-10-10 00:00:00.000000000,67.37,beauty
1842,ord_00010899,2024-08-21 00:00:00.000000000,50.22,outdoor
1842,ord_00010900,2024-09-24 13:35:06.026246722,28.0,home_goods
1842,ord_00010901,2024-10-23 03:14:29.644944199,122.63,home_goods
1842,ord_00010902,2024-11-20 16:12:01.008319176,35.5,apparel
1842,ord_00010903,2024-12-18 21:37:53.669490107,37.05,electronics_accessories
1842,ord_00010904,2025-01-11 03:58:09.217668743,44.86,electronics_accessories
1842,ord_00010905,2025-02-02 17:31:53.618196340,44.0,electronics_accessories
1842,ord_00010906,2025-02-28 03:35:58.626331683,32.81,outdoor
1842,ord_00010907,2025-03-30 04:47:22.323788011,53.69,outdoor
1842,ord_00010908,2025-04-16 04:13:54.365598472,71.25,beauty
1842,ord_00010909,2025-05-25 16:33:49.482185607,70.81,outdoor
1842,ord_00010910,2025-06-24 14:48:38.871546829,41.04,electronics_accessories
1842,ord_00010911,2025-07-16 05:43:59.496535114,35.7,beauty
1842,ord_00010912,2025-09-02 13:49:52.318974893,31.7,beauty
1842,ord_00010913,2025-10-02 17:07:38.887822441,50.26,outdoor
1842,ord_00010914,2025-10-22 15:39:57.317134261,184.0,electronics_accessories
1842,ord_00010915,2025-12-09 08:15:03.672753604,26.75,apparel
1842,ord_00010916,2026-01-23 00:44:40.565342192,35.92,outdoor
1842,ord_00010917,2026-02-14 16:34:48.566859068,20.95,apparel
1842,ord_00010918,2026-03-13 16:54:07.055193967,25.82,outdoor
1842,ord_00010919,2026-04-08 15:33:53.184268401,31.43,electronics_accessories
1842,ord_00010920,2026-04-25 12:47:20.450014587,79.96,outdoor
1842,ord_00010921,2026-05-28 08:09:01.811960802,48.22,outdoor
1842,ord_00010922,2026-07-05 16:33:56.419513651,50.41,apparel
1843,ord_00010923,2025-09-24 00:00:00.000000000,42.48,outdoor
1844,ord_00010924,2026-04-01 00:00:00.000000000,44.65,electronics_accessories
1844,ord_00010925,2026-05-09 10:07:55.269680810,51.83,beauty
1844,ord_00010926,2026-07-06 21:08:53.546590485,17.14,outdoor
1845,ord_00010927,2025-04-23 00:00:00.000000000,69.5,electronics_accessories
1846,ord_00010928,2025-06-27 00:00:00.000000000,27.69,outdoor
1846,ord_00010929,2025-07-06 03:37:10.217431196,23.24,home_goods
1846,ord_00010930,2025-08-06 03:57:48.465172707,46.64,beauty
1846,ord_00010931,2025-08-23 18:25:33.368495393,51.82,outdoor
1846,ord_00010932,2025-09-22 02:11:16.210033491,20.56,beauty
1846,ord_00010933,2025-10-15 17:23:20.470373475,86.9,beauty
1846,ord_00010934,2025-10-30 09:34:06.899773833,49.34,electronics_accessories
1846,ord_00010935,2025-11-08 04:33:19.021040794,25.37,apparel
1846,ord_00010936,2025-11-24 09:33:20.513630471,40.94,outdoor
1846,ord_00010937,2025-12-12 19:26:31.062532862,36.26,outdoor
1846,ord_00010938,2026-01-03 02:58:50.384055421,32.0,home_goods
1846,ord_00010939,2026-01-16 11:11:08.659596998,132.42,beauty
1846,ord_00010940,2026-02-05 02:32:53.277048500,73.32,apparel
1846,ord_00010941,2026-02-24 17:51:32.258806571,44.78,apparel
1846,ord_00010942,2026-03-21 18:30:29.630307187,35.95,beauty
1846,ord_00010943,2026-04-07 18:03:58.252462058,96.82,outdoor
1846,ord_00010944,2026-04-29 00:23:37.948947620,33.29,beauty
1846,ord_00010945,2026-05-19 07:38:01.083525009,40.57,electronics_accessories
1846,ord_00010946,2026-06-12 12:43:15.854921201,11.95,outdoor
1846,ord_00010947,2026-06-27 02:07:59.516439746,57.7,apparel
1846,ord_00010948,2026-07-04 11:59:17.406761703,33.96,beauty
1846,ord_00010949,2026-07-21 20:11:18.035443056,53.37,beauty
1847,ord_00010950,2025-06-26 00:00:00.000000000,26.69,beauty
1848,ord_00010951,2026-06-09 00:00:00.000000000,70.36,apparel
1848,ord_00010952,2026-07-20 18:48:52.107959807,67.02,home_goods
1849,ord_00010953,2026-01-26 00:00:00.000000000,54.42,apparel
1850,ord_00010954,2026-03-13 00:00:00.000000000,59.58,home_goods
1850,ord_00010955,2026-03-22 00:25:24.648393449,36.22,electronics_accessories
1850,ord_00010956,2026-04-06 22:01:17.257096940,29.11,apparel
1850,ord_00010957,2026-04-25 10:19:17.874238261,137.66,home_goods
1850,ord_00010958,2026-05-02 10:40:34.792192470,73.19,outdoor
1850,ord_00010959,2026-05-17 14:46:32.821841568,98.34,electronics_accessories
1850,ord_00010960,2026-06-01 00:02:25.050146906,50.19,beauty
1850,ord_00010961,2026-06-19 23:40:52.614276641,45.04,electronics_accessories
1850,ord_00010962,2026-07-07 06:11:00.714175444,50.06,outdoor
1850,ord_00010963,2026-07-16 02:03:26.675980627,33.97,outdoor
1850,ord_00010964,2026-07-27 01:39:34.044900329,30.94,home_goods
1850,ord_00010965,2026-08-07 23:46:55.866788597,20.75,outdoor
1851,ord_00010966,2025-09-21 00:00:00.000000000,34.27,outdoor
1852,ord_00010967,2025-11-24 00:00:00.000000000,69.47,outdoor
1852,ord_00010968,2026-02-04 02:05:09.589168053,163.15,beauty
1852,ord_00010969,2026-05-22 15:32:02.009675707,47.1,electronics_accessories
1853,ord_00010970,2025-05-27 00:00:00.000000000,112.69,apparel
1854,ord_00010971,2025-01-06 00:00:00.000000000,59.78,electronics_accessories
1854,ord_00010972,2025-03-08 18:06:45.146891528,29.79,outdoor
1854,ord_00010973,2025-07-03 16:10:35.107132752,48.25,electronics_accessories
1854,ord_00010974,2025-09-26 18:44:40.635545137,34.55,electronics_accessories
1854,ord_00010975,2025-11-30 10:49:32.381074000,43.72,electronics_accessories
1854,ord_00010976,2026-02-24 21:43:37.047963972,71.05,outdoor
1854,ord_00010977,2026-05-21 12:59:26.642189311,34.16,beauty
1855,ord_00010978,2025-02-05 00:00:00.000000000,119.98,beauty
1855,ord_00010979,2025-02-18 05:44:36.817990798,79.37,home_goods
1855,ord_00010980,2025-03-01 09:37:34.446969006,50.31,outdoor
1855,ord_00010981,2025-03-10 14:03:29.097717388,99.61,home_goods
1855,ord_00010982,2025-04-03 12:55:02.925958378,35.34,outdoor
1855,ord_00010983,2025-04-20 14:31:53.131805653,38.9,apparel
1855,ord_00010984,2025-05-03 16:25:38.975722937,49.99,beauty
1855,ord_00010985,2025-05-17 23:01:58.304609784,71.2,beauty
1855,ord_00010986,2025-05-30 06:03:15.222858910,45.51,outdoor
1855,ord_00010987,2025-06-08 09:21:19.056517264,17.12,apparel
1855,ord_00010988,2025-06-26 12:33:19.800904559,75.85,apparel
1855,ord_00010989,2025-07-13 16:57:12.907646333,61.51,apparel
1855,ord_00010990,2025-07-21 01:27:56.798434877,50.15,beauty
1855,ord_00010991,2025-08-04 07:21:58.692377227,93.29,apparel
1855,ord_00010992,2025-08-19 00:46:48.555667246,64.17,outdoor
1855,ord_00010993,2025-08-31 02:50:06.718480260,113.12,outdoor
1855,ord_00010994,2025-09-25 02:08:22.638312758,72.28,electronics_accessories
1855,ord_00010995,2025-10-19 06:14:49.749901627,93.07,home_goods
1855,ord_00010996,2025-10-31 03:29:20.695648271,46.44,outdoor
1855,ord_00010997,2025-11-12 14:16:48.284114849,52.11,apparel
1855,ord_00010998,2025-11-24 14:43:34.986840788,80.19,outdoor
1855,ord_00010999,2025-12-05 16:38:42.067387654,50.01,electronics_accessories
1855,ord_00011000,2025-12-15 18:59:23.718603452,117.41,outdoor
1855,ord_00011001,2025-12-31 06:53:53.464378066,99.59,beauty
1855,ord_00011002,2026-01-24 06:16:24.528284369,54.56,electronics_accessories
1855,ord_00011003,2026-02-14 10:50:58.106685942,129.16,beauty
1855,ord_00011004,2026-03-03 07:37:45.339587166,36.82,beauty
1855,ord_00011005,2026-03-09 18:47:21.153462227,26.36,outdoor
1855,ord_00011006,2026-03-17 09:22:33.346440277,93.1,electronics_accessories
1855,ord_00011007,2026-04-04 16:57:51.969633515,59.54,home_goods
1855,ord_00011008,2026-04-26 08:13:23.105647976,30.21,home_goods
1855,ord_00011009,2026-05-12 01:23:54.736714709,42.47,beauty
1855,ord_00011010,2026-05-24 04:51:44.602859094,29.51,outdoor
1855,ord_00011011,2026-06-13 04:08:24.682895934,63.62,apparel
1855,ord_00011012,2026-06-29 20:37:19.010119470,36.5,beauty
1855,ord_00011013,2026-07-18 13:58:53.911291518,20.32,apparel
1855,ord_00011014,2026-07-26 05:00:21.669117604,114.39,beauty
1856,ord_00011015,2025-08-30 00:00:00.000000000,61.35,electronics_accessories
1856,ord_00011016,2025-11-03 06:49:41.898288006,51.61,beauty
1856,ord_00011017,2026-01-11 21:27:08.945924800,47.45,beauty
1856,ord_00011018,2026-02-24 19:43:36.049297099,49.02,electronics_accessories
1856,ord_00011019,2026-04-14 22:16:16.181195730,72.37,outdoor
1856,ord_00011020,2026-06-03 08:52:15.252922151,41.56,electronics_accessories
1856,ord_00011021,2026-08-04 12:46:24.029718567,80.73,outdoor
1857,ord_00011022,2026-02-23 00:00:00.000000000,93.65,electronics_accessories
1858,ord_00011023,2025-07-23 00:00:00.000000000,25.02,electronics_accessories
1859,ord_00011024,2026-03-05 00:00:00.000000000,38.32,outdoor
1860,ord_00011025,2026-03-29 00:00:00.000000000,33.29,apparel
1861,ord_00011026,2025-09-16 00:00:00.000000000,118.0,apparel
1861,ord_00011027,2025-10-11 13:33:28.829966514,88.6,beauty
1861,ord_00011028,2025-11-11 02:38:01.428981635,50.03,apparel
1861,ord_00011029,2026-01-14 00:10:32.116137014,27.05,home_goods
1861,ord_00011030,2026-02-01 06:51:28.996036334,54.01,outdoor
1861,ord_00011031,2026-03-16 10:12:27.809486046,22.41,outdoor
1861,ord_00011032,2026-04-15 22:14:35.913047696,50.19,beauty
1861,ord_00011033,2026-05-12 19:42:45.662535150,81.39,beauty
1861,ord_00011034,2026-05-29 13:28:55.653290892,40.19,apparel
1861,ord_00011035,2026-07-07 02:49:50.218991955,84.45,beauty
1861,ord_00011036,2026-07-27 00:33:47.593289011,75.66,home_goods
1862,ord_00011037,2026-04-29 00:00:00.000000000,86.15,outdoor
1862,ord_00011038,2026-06-06 01:58:27.564621840,38.39,apparel
1862,ord_00011039,2026-07-18 14:12:46.786728494,48.52,apparel
1863,ord_00011040,2025-11-26 00:00:00.000000000,64.07,apparel
1863,ord_00011041,2026-02-18 21:04:04.715249342,45.25,electronics_accessories
1863,ord_00011042,2026-04-15 11:00:49.487323267,111.2,apparel
1863,ord_00011043,2026-05-29 05:40:30.658926058,29.18,apparel
1863,ord_00011044,2026-07-20 05:22:43.166036924,41.68,apparel
1864,ord_00011045,2026-02-03 00:00:00.000000000,47.97,beauty
1865,ord_00011046,2025-01-25 00:00:00.000000000,39.59,outdoor
1865,ord_00011047,2025-02-05 14:27:39.574864258,35.07,outdoor
1865,ord_00011048,2025-02-20 08:45:01.353151165,74.08,home_goods
1865,ord_00011049,2025-03-16 00:57:28.932252076,41.73,beauty
1865,ord_00011050,2025-04-14 23:41:10.617736205,35.39,outdoor
1865,ord_00011051,2025-05-05 12:42:33.185227075,48.93,electronics_accessories
1865,ord_00011052,2025-05-17 17:45:07.750661403,58.03,outdoor
1865,ord_00011053,2025-06-04 13:52:52.206283090,40.05,home_goods
1865,ord_00011054,2025-07-05 07:07:32.690350486,131.27,outdoor
1865,ord_00011055,2025-07-21 15:44:15.879768448,36.23,electronics_accessories
1865,ord_00011056,2025-08-09 09:16:54.386265866,74.83,home_goods
1865,ord_00011057,2025-08-28 16:31:42.822389351,100.11,apparel
1865,ord_00011058,2025-09-08 23:35:11.956159294,129.53,apparel
1865,ord_00011059,2025-10-03 05:00:29.558261845,42.77,home_goods
1865,ord_00011060,2025-10-26 09:48:58.554765356,19.08,outdoor
1865,ord_00011061,2025-11-05 06:48:32.779491162,54.83,outdoor
1865,ord_00011062,2025-11-17 07:56:41.753654834,27.37,outdoor
1865,ord_00011063,2025-11-30 18:08:52.821236670,51.06,outdoor
1865,ord_00011064,2025-12-23 05:37:23.558017083,72.85,outdoor
1865,ord_00011065,2026-01-06 13:39:48.176273512,77.35,home_goods
1865,ord_00011066,2026-01-26 19:48:13.456353356,67.24,outdoor
1865,ord_00011067,2026-02-12 19:55:22.962345290,146.46,electronics_accessories
1865,ord_00011068,2026-03-03 04:13:02.773386196,182.55,electronics_accessories
1865,ord_00011069,2026-03-24 00:20:59.081055391,39.25,electronics_accessories
1865,ord_00011070,2026-04-12 12:02:00.524991669,50.95,beauty
1865,ord_00011071,2026-04-30 08:34:49.833408817,31.61,outdoor
1865,ord_00011072,2026-05-20 04:00:31.878971410,101.88,home_goods
1865,ord_00011073,2026-06-08 07:59:20.976511495,55.34,home_goods
1865,ord_00011074,2026-06-25 04:42:27.860355399,32.99,beauty
1865,ord_00011075,2026-07-10 23:23:56.631789768,42.97,electronics_accessories
1866,ord_00011076,2025-08-22 00:00:00.000000000,83.59,home_goods
1866,ord_00011077,2025-09-29 23:04:53.908033306,137.98,home_goods
1866,ord_00011078,2025-10-20 04:30:07.627974335,46.13,apparel
1866,ord_00011079,2025-11-06 14:53:24.602108008,49.26,electronics_accessories
1866,ord_00011080,2025-12-02 12:54:28.456072622,41.35,outdoor
1866,ord_00011081,2025-12-31 23:36:10.247408747,41.46,beauty
1866,ord_00011082,2026-01-26 09:30:29.700493495,47.27,apparel
1866,ord_00011083,2026-02-20 12:39:24.469401077,97.48,electronics_accessories
1866,ord_00011084,2026-03-31 09:03:36.722158745,41.12,beauty
1866,ord_00011085,2026-04-25 02:09:12.893009066,93.59,home_goods
1866,ord_00011086,2026-05-15 22:43:39.326491752,46.38,electronics_accessories
1866,ord_00011087,2026-06-02 01:04:04.134332535,50.24,apparel
1866,ord_00011088,2026-07-07 05:45:23.587804409,57.57,home_goods
1866,ord_00011089,2026-07-28 09:05:34.249436643,92.27,outdoor
1867,ord_00011090,2024-08-31 00:00:00.000000000,106.71,home_goods
1867,ord_00011091,2024-11-14 13:28:39.482548575,23.4,electronics_accessories
1867,ord_00011092,2025-02-14 06:02:29.115316390,43.0,electronics_accessories
1867,ord_00011093,2025-05-19 06:48:42.571595301,28.7,electronics_accessories
1867,ord_00011094,2025-07-11 07:54:43.331967192,23.69,electronics_accessories
1867,ord_00011095,2025-09-21 05:25:53.613057061,71.38,electronics_accessories
1867,ord_00011096,2025-12-23 23:48:51.258738518,23.96,outdoor
1867,ord_00011097,2026-04-01 08:20:42.118531008,41.93,beauty
1867,ord_00011098,2026-07-12 19:52:38.653740850,33.61,home_goods
1868,ord_00011099,2026-01-08 00:00:00.000000000,54.77,beauty
1869,ord_00011100,2026-04-02 00:00:00.000000000,49.28,home_goods
1870,ord_00011101,2026-05-28 00:00:00.000000000,29.22,outdoor
1870,ord_00011102,2026-08-05 22:59:17.914868228,68.59,apparel
1871,ord_00011103,2025-12-05 00:00:00.000000000,42.78,apparel
1872,ord_00011104,2026-07-05 00:00:00.000000000,25.88,home_goods
1873,ord_00011105,2024-11-30 00:00:00.000000000,98.37,apparel
1873,ord_00011106,2025-01-30 21:10:57.997164061,64.84,beauty
1873,ord_00011107,2025-04-06 01:21:49.762143442,103.07,outdoor
1873,ord_00011108,2025-06-05 19:57:51.644134840,22.2,beauty
1873,ord_00011109,2025-08-13 09:21:55.182219815,34.53,apparel
1873,ord_00011110,2025-11-11 04:18:37.079922387,39.73,outdoor
1873,ord_00011111,2026-01-14 18:37:13.761328398,30.51,home_goods
1873,ord_00011112,2026-07-08 01:53:53.223777766,21.62,electronics_accessories
1874,ord_00011113,2026-03-03 00:00:00.000000000,82.19,electronics_accessories
1874,ord_00011114,2026-04-04 03:30:49.533446032,40.15,beauty
1874,ord_00011115,2026-05-18 07:47:22.279019465,55.97,outdoor
1874,ord_00011116,2026-06-27 14:42:22.391542736,41.88,outdoor
1874,ord_00011117,2026-07-30 02:04:20.539425383,36.89,home_goods
1875,ord_00011118,2025-08-03 00:00:00.000000000,51.01,apparel
1875,ord_00011119,2025-08-25 12:25:32.800860623,77.07,electronics_accessories
1875,ord_00011120,2025-09-10 03:15:12.393950351,57.05,home_goods
1875,ord_00011121,2025-10-08 11:39:21.215698949,85.54,beauty
1875,ord_00011122,2025-10-26 22:10:55.785755332,80.11,outdoor
1875,ord_00011123,2025-11-27 17:50:55.171713327,38.16,beauty
1875,ord_00011124,2025-12-11 20:52:20.556422186,57.43,beauty
1875,ord_00011125,2026-01-04 03:50:01.688588413,48.15,apparel
1875,ord_00011126,2026-01-18 01:03:43.137850742,60.25,electronics_accessories
1875,ord_00011127,2026-02-07 21:27:53.561204063,58.63,beauty
1875,ord_00011128,2026-03-02 01:20:14.173574898,53.73,outdoor
1875,ord_00011129,2026-03-22 05:42:41.753809254,99.36,electronics_accessories
1875,ord_00011130,2026-04-12 00:39:35.793345030,43.94,electronics_accessories
1875,ord_00011131,2026-05-14 08:28:40.526143519,23.73,beauty
1875,ord_00011132,2026-06-29 17:34:38.734094385,64.05,home_goods
1875,ord_00011133,2026-07-26 11:25:50.242738147,79.73,apparel
1876,ord_00011134,2026-01-25 00:00:00.000000000,30.73,home_goods
1876,ord_00011135,2026-02-18 15:01:23.246093090,39.76,electronics_accessories
1876,ord_00011136,2026-04-16 15:11:50.372008236,65.91,apparel
1876,ord_00011137,2026-05-31 14:27:27.571122712,57.51,home_goods
1876,ord_00011138,2026-07-24 00:35:15.650937262,123.82,outdoor
1877,ord_00011139,2025-01-16 00:00:00.000000000,36.19,outdoor
1878,ord_00011140,2026-02-28 00:00:00.000000000,56.15,outdoor
1879,ord_00011141,2024-08-28 00:00:00.000000000,42.67,electronics_accessories
1880,ord_00011142,2026-01-09 00:00:00.000000000,55.61,electronics_accessories
1880,ord_00011143,2026-03-06 00:44:49.726835666,97.11,electronics_accessories
1880,ord_00011144,2026-08-02 07:37:48.777697886,74.25,electronics_accessories
1881,ord_00011145,2024-12-17 00:00:00.000000000,35.01,outdoor
1882,ord_00011146,2026-01-22 00:00:00.000000000,60.24,electronics_accessories
1882,ord_00011147,2026-03-20 19:16:14.662900605,65.52,beauty
1882,ord_00011148,2026-07-09 19:19:45.913062077,62.26,apparel
1883,ord_00011149,2026-05-19 00:00:00.000000000,36.99,home_goods
1884,ord_00011150,2026-07-26 00:00:00.000000000,14.29,apparel
1885,ord_00011151,2026-07-13 00:00:00.000000000,62.08,electronics_accessories
1886,ord_00011152,2025-06-14 00:00:00.000000000,26.66,outdoor
1887,ord_00011153,2026-02-06 00:00:00.000000000,68.02,electronics_accessories
1888,ord_00011154,2025-06-15 00:00:00.000000000,28.34,home_goods
1889,ord_00011155,2026-04-13 00:00:00.000000000,78.17,apparel
1889,ord_00011156,2026-05-28 17:50:20.187537067,64.62,electronics_accessories
1889,ord_00011157,2026-06-29 14:21:38.579096850,112.32,apparel
1890,ord_00011158,2025-11-21 00:00:00.000000000,32.43,home_goods
1891,ord_00011159,2025-11-22 00:00:00.000000000,53.95,apparel
1892,ord_00011160,2026-05-08 00:00:00.000000000,51.91,outdoor
1892,ord_00011161,2026-06-11 21:44:49.370725461,47.75,electronics_accessories
1892,ord_00011162,2026-07-25 01:25:15.420459734,53.03,home_goods
1893,ord_00011163,2026-07-31 00:00:00.000000000,144.26,home_goods
1894,ord_00011164,2025-07-07 00:00:00.000000000,40.23,apparel
1895,ord_00011165,2026-03-28 00:00:00.000000000,38.1,beauty
1896,ord_00011166,2026-04-15 00:00:00.000000000,76.27,outdoor
1897,ord_00011167,2025-02-27 00:00:00.000000000,55.13,beauty
1897,ord_00011168,2025-03-19 03:47:23.687409357,157.01,beauty
1897,ord_00011169,2025-05-02 08:05:43.797068341,37.71,apparel
1897,ord_00011170,2025-05-21 11:25:42.412645791,62.05,outdoor
1897,ord_00011171,2025-06-28 01:10:20.666482932,33.13,outdoor
1897,ord_00011172,2025-07-25 18:48:37.601309445,26.88,apparel
1897,ord_00011173,2025-08-14 12:02:46.063800810,47.93,outdoor
1897,ord_00011174,2025-08-31 17:17:08.598476978,90.25,outdoor
1897,ord_00011175,2025-09-20 16:45:48.335658082,29.93,outdoor
1897,ord_00011176,2025-10-18 13:00:49.178162926,107.73,apparel
1897,ord_00011177,2025-11-06 05:46:19.683946697,50.36,outdoor
1897,ord_00011178,2025-12-15 09:35:58.622196141,55.08,beauty
1897,ord_00011179,2026-01-07 11:31:00.269695600,63.44,home_goods
1897,ord_00011180,2026-02-06 18:56:20.469367845,52.21,electronics_accessories
1897,ord_00011181,2026-03-08 08:57:15.624548935,36.56,apparel
1897,ord_00011182,2026-04-17 08:00:16.467124724,23.82,electronics_accessories
1897,ord_00011183,2026-05-08 20:58:23.387524284,29.57,outdoor
1897,ord_00011184,2026-06-03 05:35:43.717787324,34.32,electronics_accessories
1897,ord_00011185,2026-06-19 08:48:02.560313073,107.66,outdoor
1897,ord_00011186,2026-07-14 16:53:15.153277920,87.48,outdoor
1898,ord_00011187,2025-07-20 00:00:00.000000000,50.91,electronics_accessories
1899,ord_00011188,2025-10-29 00:00:00.000000000,59.02,apparel
1900,ord_00011189,2026-07-20 00:00:00.000000000,31.22,outdoor
1901,ord_00011190,2024-10-02 00:00:00.000000000,28.56,beauty
1901,ord_00011191,2024-10-23 00:12:17.915403389,44.33,home_goods
1901,ord_00011192,2024-11-02 05:48:55.321066405,29.0,beauty
1901,ord_00011193,2024-11-14 03:39:02.025469766,34.4,home_goods
1901,ord_00011194,2024-11-25 19:37:22.750998420,24.48,apparel
1901,ord_00011195,2024-12-14 07:18:33.552208995,107.09,outdoor
1901,ord_00011196,2025-01-02 08:50:10.595012749,50.61,beauty
1901,ord_00011197,2025-02-07 02:51:05.748162824,46.42,home_goods
1901,ord_00011198,2025-02-23 19:06:08.270524298,38.17,electronics_accessories
1901,ord_00011199,2025-03-17 09:45:28.597297824,51.78,apparel
1901,ord_00011200,2025-04-04 09:27:41.608828722,16.62,apparel
1901,ord_00011201,2025-04-25 11:15:53.154177193,79.59,home_goods
1901,ord_00011202,2025-05-13 08:44:44.442678344,66.74,apparel
1901,ord_00011203,2025-06-06 04:52:26.428758089,49.33,home_goods
1901,ord_00011204,2025-06-18 16:50:31.660476002,77.22,apparel
1901,ord_00011205,2025-06-26 22:14:34.608251431,54.74,outdoor
1901,ord_00011206,2025-07-16 08:28:56.376525619,77.3,outdoor
1901,ord_00011207,2025-07-26 07:50:20.624273929,90.18,apparel
1901,ord_00011208,2025-08-20 17:33:32.449342564,53.56,beauty
1901,ord_00011209,2025-09-04 06:32:55.535881560,77.19,beauty
1901,ord_00011210,2025-09-16 19:49:07.908203094,40.48,home_goods
1901,ord_00011211,2025-10-25 08:40:16.958172945,49.5,electronics_accessories
1901,ord_00011212,2025-11-11 09:45:52.845515430,66.37,beauty
1901,ord_00011213,2025-11-27 11:59:59.549312391,78.68,home_goods
1901,ord_00011214,2025-12-18 22:50:50.799053169,47.74,apparel
1901,ord_00011215,2026-01-09 20:13:30.634555240,36.74,beauty
1901,ord_00011216,2026-02-02 23:10:30.935345253,55.98,home_goods
1901,ord_00011217,2026-02-14 10:57:01.819812461,49.97,outdoor
1901,ord_00011218,2026-03-06 14:05:32.471887648,205.38,electronics_accessories
1901,ord_00011219,2026-03-22 06:49:11.918102085,53.43,beauty
1901,ord_00011220,2026-04-04 06:52:18.975323184,59.68,beauty
1901,ord_00011221,2026-04-21 16:12:59.312550893,30.47,electronics_accessories
1901,ord_00011222,2026-05-01 15:07:51.382057306,63.93,home_goods
1901,ord_00011223,2026-05-24 05:43:22.380038005,89.08,electronics_accessories
1901,ord_00011224,2026-06-08 22:44:03.491264916,37.82,electronics_accessories
1901,ord_00011225,2026-06-23 19:11:47.111725908,79.52,home_goods
1901,ord_00011226,2026-07-10 05:54:56.276379785,68.88,home_goods
1901,ord_00011227,2026-07-26 13:07:02.319796111,37.64,beauty
1902,ord_00011228,2025-06-11 00:00:00.000000000,21.72,electronics_accessories
1903,ord_00011229,2025-06-08 00:00:00.000000000,29.01,home_goods
1903,ord_00011230,2025-07-31 12:37:29.444481215,25.79,home_goods
1903,ord_00011231,2025-09-28 04:07:13.467353801,48.17,home_goods
1903,ord_00011232,2025-11-28 09:14:01.168511780,52.03,beauty
1903,ord_00011233,2026-01-31 00:38:02.325662288,54.68,home_goods
1903,ord_00011234,2026-03-11 12:03:26.654759508,57.31,apparel
1903,ord_00011235,2026-05-18 23:28:59.597164714,54.19,beauty
1903,ord_00011236,2026-06-29 13:05:00.684035109,36.61,outdoor
1904,ord_00011237,2026-05-04 00:00:00.000000000,22.99,electronics_accessories
1905,ord_00011238,2025-03-14 00:00:00.000000000,38.41,home_goods
1905,ord_00011239,2025-04-28 02:22:06.774790277,38.4,apparel
1905,ord_00011240,2025-06-30 16:35:34.504530324,30.92,apparel
1905,ord_00011241,2025-08-25 14:18:46.004859140,29.37,beauty
1905,ord_00011242,2025-11-06 15:57:38.455655395,96.86,electronics_accessories
1905,ord_00011243,2026-01-22 01:07:12.433350984,152.39,beauty
1905,ord_00011244,2026-02-20 21:25:38.957915953,59.47,home_goods
1905,ord_00011245,2026-05-12 04:13:22.916299674,29.06,beauty
1905,ord_00011246,2026-07-14 17:02:38.167686192,44.3,home_goods
1906,ord_00011247,2025-08-13 00:00:00.000000000,35.92,outdoor
1907,ord_00011248,2024-12-10 00:00:00.000000000,60.95,apparel
1908,ord_00011249,2024-11-24 00:00:00.000000000,25.32,apparel
1909,ord_00011250,2025-05-18 00:00:00.000000000,24.07,apparel
1909,ord_00011251,2025-06-29 17:20:25.269360142,81.51,apparel
1909,ord_00011252,2025-08-10 03:53:19.634031877,27.43,apparel
1909,ord_00011253,2025-10-07 09:11:52.832722845,50.05,electronics_accessories
1909,ord_00011254,2025-10-30 22:49:33.867039539,80.55,electronics_accessories
1909,ord_00011255,2025-12-20 23:34:17.379015011,48.37,electronics_accessories
1909,ord_00011256,2026-03-14 06:08:58.931148465,35.43,outdoor
1909,ord_00011257,2026-04-06 15:50:33.141433599,83.37,home_goods
1909,ord_00011258,2026-06-10 22:32:25.382988713,52.09,outdoor
1910,ord_00011259,2025-11-20 00:00:00.000000000,26.95,home_goods
1910,ord_00011260,2025-12-18 05:21:58.569141892,37.02,apparel
1910,ord_00011261,2026-01-13 20:28:47.470916134,127.8,beauty
1910,ord_00011262,2026-03-06 08:13:11.298238704,31.17,home_goods
1910,ord_00011263,2026-05-03 23:55:12.560866993,23.82,home_goods
1910,ord_00011264,2026-05-24 23:05:57.733606293,64.84,outdoor
1910,ord_00011265,2026-07-06 16:42:18.315535886,92.02,electronics_accessories
1911,ord_00011266,2024-10-20 00:00:00.000000000,70.94,beauty
1912,ord_00011267,2024-10-11 00:00:00.000000000,67.46,home_goods
1913,ord_00011268,2025-11-08 00:00:00.000000000,46.98,outdoor
1913,ord_00011269,2026-03-18 22:05:15.835325400,129.34,beauty
1913,ord_00011270,2026-07-01 02:32:18.926934932,109.88,home_goods
1914,ord_00011271,2026-06-01 00:00:00.000000000,70.1,home_goods
1915,ord_00011272,2026-04-27 00:00:00.000000000,91.69,outdoor
1916,ord_00011273,2025-08-29 00:00:00.000000000,47.28,outdoor
1917,ord_00011274,2024-10-17 00:00:00.000000000,59.65,electronics_accessories
1917,ord_00011275,2025-01-09 13:57:29.708585123,77.98,apparel
1917,ord_00011276,2025-04-04 08:05:56.505936551,119.72,apparel
1917,ord_00011277,2025-06-15 05:31:28.622840109,64.1,outdoor
1917,ord_00011278,2025-08-18 23:34:35.419033120,105.17,beauty
1917,ord_00011279,2025-10-01 04:02:37.244482110,18.15,home_goods
1917,ord_00011280,2025-12-04 06:57:14.055577053,34.54,beauty
1917,ord_00011281,2026-01-21 11:45:36.907058698,40.44,outdoor
1917,ord_00011282,2026-03-30 16:30:54.096100380,101.51,home_goods
1917,ord_00011283,2026-05-16 00:20:20.053878142,36.78,home_goods
1917,ord_00011284,2026-07-23 01:58:19.424183661,29.48,beauty
1918,ord_00011285,2025-12-11 00:00:00.000000000,124.52,electronics_accessories
1918,ord_00011286,2026-01-25 03:02:34.857912480,79.37,electronics_accessories
1918,ord_00011287,2026-02-14 23:47:27.970163872,45.63,beauty
1918,ord_00011288,2026-03-22 13:21:55.293613743,43.17,electronics_accessories
1918,ord_00011289,2026-05-04 17:17:43.324799165,45.69,apparel
1918,ord_00011290,2026-06-10 02:45:42.192856745,35.51,electronics_accessories
1918,ord_00011291,2026-07-12 13:28:21.994560939,67.55,apparel
1919,ord_00011292,2025-07-23 00:00:00.000000000,43.44,home_goods
1919,ord_00011293,2025-08-19 17:20:23.140009415,32.34,outdoor
1919,ord_00011294,2025-09-10 22:47:05.203783673,28.7,electronics_accessories
1919,ord_00011295,2025-10-13 19:52:03.075544877,82.08,beauty
1919,ord_00011296,2025-11-28 21:14:26.630206430,121.71,apparel
1919,ord_00011297,2026-01-13 22:50:43.232684455,69.65,electronics_accessories
1919,ord_00011298,2026-02-08 09:40:29.165785271,38.62,beauty
1919,ord_00011299,2026-04-04 18:19:35.606884490,72.1,beauty
1919,ord_00011300,2026-05-02 02:09:45.930965868,43.68,home_goods
1919,ord_00011301,2026-05-24 13:11:52.069194001,129.7,outdoor
1919,ord_00011302,2026-06-13 19:06:02.127425855,55.06,apparel
1919,ord_00011303,2026-07-05 20:28:03.707716524,28.12,apparel
1920,ord_00011304,2025-08-14 00:00:00.000000000,71.59,electronics_accessories
1920,ord_00011305,2025-09-15 21:14:26.569033460,43.92,home_goods
1920,ord_00011306,2025-11-11 01:48:01.456708232,38.79,outdoor
1920,ord_00011307,2026-01-20 00:06:14.058422733,46.21,home_goods
1920,ord_00011308,2026-04-15 13:11:04.307004486,98.94,outdoor
1920,ord_00011309,2026-06-04 12:42:41.975301077,26.17,apparel
1920,ord_00011310,2026-06-29 12:18:43.982441778,22.33,electronics_accessories
1921,ord_00011311,2025-04-05 00:00:00.000000000,76.35,electronics_accessories
1922,ord_00011312,2025-05-27 00:00:00.000000000,47.83,electronics_accessories
1923,ord_00011313,2026-02-19 00:00:00.000000000,33.85,beauty
1924,ord_00011314,2025-05-09 00:00:00.000000000,82.0,apparel
1925,ord_00011315,2024-09-20 00:00:00.000000000,35.84,apparel
1926,ord_00011316,2025-04-12 00:00:00.000000000,50.5,electronics_accessories
1927,ord_00011317,2026-03-02 00:00:00.000000000,49.26,beauty
1928,ord_00011318,2025-10-05 00:00:00.000000000,117.52,apparel
1928,ord_00011319,2025-10-16 14:47:46.739734208,76.56,apparel
1928,ord_00011320,2025-10-31 01:16:39.438746695,106.37,outdoor
1928,ord_00011321,2025-11-23 09:03:20.127942296,104.89,apparel
1928,ord_00011322,2025-12-12 04:05:12.936191354,22.0,home_goods
1928,ord_00011323,2025-12-26 17:42:43.431105844,45.8,home_goods
1928,ord_00011324,2026-01-12 04:36:38.876533505,81.31,apparel
1928,ord_00011325,2026-01-26 08:06:53.109250832,20.38,electronics_accessories
1928,ord_00011326,2026-02-15 11:38:24.614422279,85.54,apparel
1928,ord_00011327,2026-03-04 02:16:54.274272677,104.68,outdoor
1928,ord_00011328,2026-03-25 11:56:58.488735127,87.73,electronics_accessories
1928,ord_00011329,2026-04-04 05:01:07.392685872,62.03,apparel
1928,ord_00011330,2026-04-15 15:49:43.037118309,53.12,home_goods
1928,ord_00011331,2026-05-01 11:52:50.330065767,62.8,outdoor
1928,ord_00011332,2026-05-18 09:43:59.791630583,70.89,home_goods
1928,ord_00011333,2026-06-17 08:51:37.796951825,26.41,apparel
1928,ord_00011334,2026-06-25 20:20:58.792036363,39.67,apparel
1928,ord_00011335,2026-07-10 06:53:42.658853615,59.44,apparel
1928,ord_00011336,2026-07-24 12:48:34.181679649,38.41,apparel
1929,ord_00011337,2024-11-01 00:00:00.000000000,72.04,electronics_accessories
1930,ord_00011338,2026-08-04 00:00:00.000000000,27.8,beauty
1931,ord_00011339,2026-04-18 00:00:00.000000000,93.71,home_goods
1931,ord_00011340,2026-05-02 19:22:47.903892045,21.87,apparel
1931,ord_00011341,2026-06-04 10:12:44.784171154,21.55,home_goods
1931,ord_00011342,2026-07-04 21:35:30.940501513,47.31,electronics_accessories
1931,ord_00011343,2026-07-20 00:24:14.424556988,49.79,beauty
1932,ord_00011344,2026-05-23 00:00:00.000000000,49.04,beauty
1932,ord_00011345,2026-06-08 19:19:50.682097870,25.54,apparel
1932,ord_00011346,2026-06-27 12:56:21.300900861,18.02,outdoor
1932,ord_00011347,2026-07-06 00:27:35.353005045,42.43,electronics_accessories
1932,ord_00011348,2026-07-16 14:28:08.818369776,67.02,outdoor
1932,ord_00011349,2026-08-06 17:25:49.028463433,39.17,beauty
1933,ord_00011350,2026-04-08 00:00:00.000000000,28.93,electronics_accessories
1933,ord_00011351,2026-04-29 14:47:45.316765176,37.99,home_goods
1933,ord_00011352,2026-05-30 12:01:40.583040875,52.56,beauty
1933,ord_00011353,2026-06-30 13:04:45.399876119,45.81,beauty
1933,ord_00011354,2026-07-28 14:52:40.081808104,28.13,beauty
1934,ord_00011355,2025-04-06 00:00:00.000000000,63.07,electronics_accessories
1934,ord_00011356,2025-04-29 00:44:22.399740544,41.74,outdoor
1934,ord_00011357,2025-06-05 23:40:29.209429621,74.45,beauty
1934,ord_00011358,2025-07-05 12:56:01.902510125,46.09,outdoor
1934,ord_00011359,2025-07-28 19:26:47.052091849,64.71,home_goods
1934,ord_00011360,2025-09-04 17:32:32.490392135,38.9,beauty
1934,ord_00011361,2025-10-05 22:41:06.782980464,80.1,electronics_accessories
1934,ord_00011362,2025-10-24 02:44:47.794295167,80.93,home_goods
1934,ord_00011363,2025-11-03 10:31:38.488838269,33.09,apparel
1934,ord_00011364,2025-11-21 18:42:13.830501578,47.1,apparel
1934,ord_00011365,2025-12-24 10:00:44.124502679,27.32,home_goods
1934,ord_00011366,2026-01-29 02:12:06.041045255,95.67,electronics_accessories
1934,ord_00011367,2026-02-14 16:24:38.361220624,29.68,outdoor
1934,ord_00011368,2026-03-19 22:50:03.616874330,60.3,home_goods
1934,ord_00011369,2026-04-21 20:13:49.157137641,21.35,beauty
1934,ord_00011370,2026-06-02 08:02:32.954799877,106.6,outdoor
1934,ord_00011371,2026-07-08 15:29:51.384900380,83.02,apparel
1935,ord_00011372,2024-08-08 00:00:00.000000000,39.41,electronics_accessories
1935,ord_00011373,2025-01-03 18:35:10.446538660,36.97,home_goods
1935,ord_00011374,2025-03-29 11:06:48.024280838,50.44,outdoor
1935,ord_00011375,2025-08-29 11:08:58.728249102,29.05,home_goods
1935,ord_00011376,2025-11-13 01:15:25.012117993,76.04,outdoor
1935,ord_00011377,2026-02-14 17:07:57.817721133,59.56,apparel
1935,ord_00011378,2026-04-13 17:34:15.596331972,48.65,electronics_accessories
1935,ord_00011379,2026-07-26 13:02:25.655890276,55.49,beauty
1936,ord_00011380,2026-03-07 00:00:00.000000000,61.71,electronics_accessories
1937,ord_00011381,2026-03-24 00:00:00.000000000,33.11,beauty
1938,ord_00011382,2026-03-12 00:00:00.000000000,59.48,outdoor
1938,ord_00011383,2026-04-29 07:23:47.272872517,43.31,electronics_accessories
1938,ord_00011384,2026-06-20 09:13:47.873195156,26.53,beauty
1939,ord_00011385,2026-02-10 00:00:00.000000000,48.1,outdoor
1940,ord_00011386,2026-01-05 00:00:00.000000000,51.73,home_goods
1941,ord_00011387,2026-06-14 00:00:00.000000000,27.78,apparel
1942,ord_00011388,2025-03-06 00:00:00.000000000,32.57,home_goods
1943,ord_00011389,2026-05-26 00:00:00.000000000,51.81,beauty
1944,ord_00011390,2025-06-26 00:00:00.000000000,85.9,beauty
1945,ord_00011391,2025-06-10 00:00:00.000000000,45.22,home_goods
1945,ord_00011392,2025-07-09 06:19:21.036807970,89.55,home_goods
1945,ord_00011393,2025-08-16 15:39:29.581628915,65.19,beauty
1945,ord_00011394,2025-09-17 04:56:06.263865143,24.1,apparel
1945,ord_00011395,2025-10-23 13:52:48.614404436,84.36,outdoor
1945,ord_00011396,2025-12-15 10:04:42.438515122,83.84,beauty
1945,ord_00011397,2026-01-14 05:24:05.497412812,23.5,beauty
1945,ord_00011398,2026-02-12 22:56:25.932023439,62.99,home_goods
1945,ord_00011399,2026-03-18 06:36:34.517512282,34.11,beauty
1945,ord_00011400,2026-05-14 06:42:14.044197179,38.43,beauty
1945,ord_00011401,2026-06-18 22:30:40.894117566,35.45,apparel
1946,ord_00011402,2025-03-02 00:00:00.000000000,48.39,home_goods
1946,ord_00011403,2025-05-25 13:44:48.718689139,29.17,beauty
1946,ord_00011404,2025-08-07 18:57:43.834304901,35.23,apparel
1946,ord_00011405,2025-10-15 20:04:46.065404873,33.17,home_goods
1946,ord_00011406,2025-12-12 14:55:16.117813079,14.7,electronics_accessories
1946,ord_00011407,2026-02-01 10:54:26.344590629,20.06,apparel
1946,ord_00011408,2026-04-13 07:55:04.554440030,53.18,beauty
1946,ord_00011409,2026-05-27 07:39:45.407034435,34.41,electronics_accessories
1946,ord_00011410,2026-07-28 19:21:05.576603138,35.89,beauty
1947,ord_00011411,2025-03-21 00:00:00.000000000,33.39,apparel
1948,ord_00011412,2026-05-24 00:00:00.000000000,19.56,outdoor
1948,ord_00011413,2026-07-07 16:35:10.755606359,36.71,beauty
1949,ord_00011414,2025-09-02 00:00:00.000000000,49.3,home_goods
1950,ord_00011415,2024-10-02 00:00:00.000000000,15.75,electronics_accessories
1950,ord_00011416,2024-11-06 05:28:15.389571534,52.75,beauty
1950,ord_00011417,2024-12-10 00:51:14.111647147,40.92,apparel
1950,ord_00011418,2025-01-06 17:51:09.598969819,80.73,apparel
1950,ord_00011419,2025-02-05 00:04:54.899542353,42.13,electronics_accessories
1950,ord_00011420,2025-03-01 08:04:08.190407447,26.01,outdoor
1950,ord_00011421,2025-03-16 00:32:49.190416365,48.61,home_goods
1950,ord_00011422,2025-04-14 12:00:57.981466005,41.1,home_goods
1950,ord_00011423,2025-05-14 16:30:20.521394068,100.55,apparel
1950,ord_00011424,2025-06-15 07:59:04.633439048,50.54,home_goods
1950,ord_00011425,2025-07-12 09:16:01.346383906,29.36,beauty
1950,ord_00011426,2025-08-16 21:40:11.499344165,43.41,beauty
1950,ord_00011427,2025-09-06 09:00:45.286736218,55.66,beauty
1950,ord_00011428,2025-10-17 14:45:55.198638568,77.41,home_goods
1950,ord_00011429,2025-11-06 08:27:38.405770890,52.69,home_goods
1950,ord_00011430,2025-12-02 01:17:12.343977147,38.24,apparel
1950,ord_00011431,2026-01-03 14:46:32.567160504,87.03,electronics_accessories
1950,ord_00011432,2026-01-26 08:41:06.267557772,44.53,outdoor
1950,ord_00011433,2026-02-28 14:18:41.592649800,91.68,beauty
1950,ord_00011434,2026-03-24 13:09:29.415858062,25.27,beauty
1950,ord_00011435,2026-04-21 01:14:59.603735723,40.23,home_goods
1950,ord_00011436,2026-05-16 04:39:43.031792301,15.87,home_goods
1950,ord_00011437,2026-06-07 12:31:59.880442352,52.0,home_goods
1950,ord_00011438,2026-07-29 16:14:15.750579866,45.43,home_goods
1951,ord_00011439,2025-01-27 00:00:00.000000000,55.59,beauty
1951,ord_00011440,2025-04-03 04:24:21.147591612,43.52,apparel
1951,ord_00011441,2025-06-30 08:52:28.013402843,34.97,home_goods
1951,ord_00011442,2025-10-04 02:23:20.687875189,36.13,outdoor
1951,ord_00011443,2025-12-08 19:26:29.719606776,41.18,electronics_accessories
1951,ord_00011444,2026-02-05 06:37:07.921368422,87.52,outdoor
1951,ord_00011445,2026-04-19 04:50:33.642486853,28.04,apparel
1951,ord_00011446,2026-07-05 11:23:50.395104419,54.35,outdoor
1952,ord_00011447,2025-04-18 00:00:00.000000000,66.93,beauty
1953,ord_00011448,2025-08-17 00:00:00.000000000,25.6,home_goods
1953,ord_00011449,2025-11-18 23:43:29.853674589,34.36,beauty
1953,ord_00011450,2025-12-25 07:31:27.830519368,21.96,outdoor
1953,ord_00011451,2026-02-16 13:13:38.861366645,53.07,home_goods
1953,ord_00011452,2026-03-31 02:00:36.469833123,50.55,home_goods
1953,ord_00011453,2026-07-25 21:33:31.927515655,38.76,electronics_accessories
1954,ord_00011454,2025-12-22 00:00:00.000000000,72.59,home_goods
1954,ord_00011455,2026-03-21 12:11:56.771459911,114.44,electronics_accessories
1954,ord_00011456,2026-05-28 21:50:24.816314938,86.23,electronics_accessories
1955,ord_00011457,2026-06-05 00:00:00.000000000,20.26,beauty
1955,ord_00011458,2026-06-12 23:52:32.209742981,72.31,outdoor
1955,ord_00011459,2026-07-03 14:29:09.182610430,22.73,electronics_accessories
1955,ord_00011460,2026-07-24 23:06:02.920839277,54.73,home_goods
1955,ord_00011461,2026-08-05 14:32:32.329058673,65.28,outdoor
1956,ord_00011462,2024-11-23 00:00:00.000000000,29.0,home_goods
1956,ord_00011463,2024-12-29 19:56:12.551221197,90.91,electronics_accessories
1956,ord_00011464,2025-01-20 20:43:25.502377591,19.48,apparel
1956,ord_00011465,2025-03-22 06:28:11.496474940,35.1,home_goods
1956,ord_00011466,2025-05-22 16:14:05.593051194,22.6,beauty
1956,ord_00011467,2025-06-29 23:40:14.805076087,33.9,beauty
1956,ord_00011468,2025-08-17 15:10:26.806609630,41.87,beauty
1956,ord_00011469,2025-10-07 17:27:51.189391912,84.89,home_goods
1956,ord_00011470,2025-11-28 07:41:56.785984049,31.37,electronics_accessories
1956,ord_00011471,2026-02-11 12:05:01.413814301,56.44,electronics_accessories
1956,ord_00011472,2026-04-03 06:32:01.129827187,62.16,beauty
1956,ord_00011473,2026-05-13 12:22:25.144138005,161.22,beauty
1956,ord_00011474,2026-07-03 10:53:39.781900045,121.33,home_goods
1957,ord_00011475,2024-12-10 00:00:00.000000000,35.39,apparel
1957,ord_00011476,2025-01-15 10:26:06.107346731,64.35,apparel
1957,ord_00011477,2025-02-13 12:22:17.826204100,76.74,apparel
1957,ord_00011478,2025-03-14 19:57:40.203843208,44.23,electronics_accessories
1957,ord_00011479,2025-04-18 14:42:14.050745091,100.51,electronics_accessories
1957,ord_00011480,2025-05-06 02:16:49.009561248,91.71,electronics_accessories
1957,ord_00011481,2025-05-29 18:11:37.233630451,60.21,beauty
1957,ord_00011482,2025-07-06 02:34:06.769234974,41.96,outdoor
1957,ord_00011483,2025-08-15 14:14:49.118026343,31.89,beauty
1957,ord_00011484,2025-09-18 01:33:06.062998791,76.4,outdoor
1957,ord_00011485,2025-10-20 17:29:14.451818784,30.76,home_goods
1957,ord_00011486,2025-11-23 15:44:17.332781891,51.1,home_goods
1957,ord_00011487,2026-01-02 17:37:59.397879709,29.94,home_goods
1957,ord_00011488,2026-01-22 08:05:12.448173982,35.36,electronics_accessories
1957,ord_00011489,2026-02-17 03:28:10.739521466,45.59,home_goods
1957,ord_00011490,2026-03-18 13:12:09.759009424,22.47,beauty
1957,ord_00011491,2026-04-19 10:31:45.596238105,118.3,home_goods
1957,ord_00011492,2026-05-05 09:46:27.173208413,138.58,electronics_accessories
1957,ord_00011493,2026-05-26 00:40:12.915502388,31.29,beauty
1957,ord_00011494,2026-06-24 22:44:26.440641310,39.29,outdoor
1957,ord_00011495,2026-08-04 16:44:20.580726609,75.27,outdoor
1958,ord_00011496,2026-02-15 00:00:00.000000000,81.4,outdoor
1959,ord_00011497,2025-05-01 00:00:00.000000000,56.06,electronics_accessories
1959,ord_00011498,2025-05-17 19:23:08.538912257,37.74,apparel
1959,ord_00011499,2025-06-04 12:24:45.783248380,116.62,outdoor
1959,ord_00011500,2025-06-21 09:57:58.724821852,48.23,beauty
1959,ord_00011501,2025-07-08 21:55:28.984279585,42.13,beauty
1959,ord_00011502,2025-08-03 00:18:25.129825682,37.8,electronics_accessories
1959,ord_00011503,2025-08-24 14:03:09.355474148,46.08,outdoor
1959,ord_00011504,2025-09-23 10:46:04.088207431,24.23,outdoor
1959,ord_00011505,2025-10-15 18:51:17.608167065,42.6,apparel
1959,ord_00011506,2025-11-01 16:39:20.191516243,38.94,apparel
1959,ord_00011507,2025-11-23 14:38:47.063809013,47.54,home_goods
1959,ord_00011508,2025-12-06 18:31:23.236191345,46.18,beauty
1959,ord_00011509,2025-12-17 02:57:40.620226826,48.9,beauty
1959,ord_00011510,2026-01-11 05:50:08.239737248,58.65,outdoor
1959,ord_00011511,2026-02-08 08:30:55.379495865,86.79,beauty
1959,ord_00011512,2026-03-01 12:27:57.100877607,37.59,beauty
1959,ord_00011513,2026-03-19 22:29:06.427048107,167.85,electronics_accessories
1959,ord_00011514,2026-04-02 18:50:00.971534089,48.4,home_goods
1959,ord_00011515,2026-05-02 04:16:27.307943713,26.27,apparel
1959,ord_00011516,2026-05-26 04:30:09.676754921,34.58,home_goods
1959,ord_00011517,2026-06-17 18:57:12.180077310,64.5,apparel
1959,ord_00011518,2026-07-08 11:18:41.975091363,68.35,apparel
1959,ord_00011519,2026-07-26 11:04:24.252491944,73.85,beauty
1960,ord_00011520,2024-08-30 00:00:00.000000000,22.92,home_goods
1960,ord_00011521,2024-10-18 06:31:40.470828674,50.63,outdoor
1960,ord_00011522,2024-12-08 05:17:45.492407852,52.97,outdoor
1960,ord_00011523,2025-01-21 05:47:12.532040749,10.22,outdoor
1960,ord_00011524,2025-02-27 02:42:16.454005711,70.53,electronics_accessories
1960,ord_00011525,2025-04-02 04:42:03.451435040,46.74,beauty
1960,ord_00011526,2025-05-26 05:26:11.813267657,131.39,home_goods
1960,ord_00011527,2025-07-22 04:57:49.187937039,88.06,electronics_accessories
1960,ord_00011528,2025-09-07 09:51:35.863238655,43.36,home_goods
1960,ord_00011529,2025-10-26 06:26:15.530516192,18.35,apparel
1960,ord_00011530,2025-12-04 19:22:22.521431975,24.91,electronics_accessories
1960,ord_00011531,2026-01-30 21:02:20.829698205,68.94,outdoor
1960,ord_00011532,2026-03-21 20:27:24.635165912,47.7,electronics_accessories
1960,ord_00011533,2026-05-04 19:54:13.869275948,29.01,home_goods
1960,ord_00011534,2026-07-07 11:09:40.365799854,49.46,electronics_accessories
1961,ord_00011535,2024-09-18 00:00:00.000000000,61.33,home_goods
1961,ord_00011536,2024-10-10 04:12:58.189631337,52.26,apparel
1961,ord_00011537,2024-10-29 20:49:15.903785861,44.64,home_goods
1961,ord_00011538,2024-11-12 21:59:27.846414776,56.86,home_goods
1961,ord_00011539,2024-12-14 04:47:06.031530307,43.41,outdoor
1961,ord_00011540,2025-01-18 16:10:32.397244471,58.56,outdoor
1961,ord_00011541,2025-02-16 01:52:43.608201956,71.6,electronics_accessories
1961,ord_00011542,2025-03-15 05:42:30.933066484,64.99,beauty
1961,ord_00011543,2025-04-19 18:37:39.985177837,15.27,electronics_accessories
1961,ord_00011544,2025-05-05 01:27:09.098304408,57.95,home_goods
1961,ord_00011545,2025-05-20 06:57:30.474066251,51.53,apparel
1961,ord_00011546,2025-06-07 18:30:38.087616128,48.35,electronics_accessories
1961,ord_00011547,2025-06-30 15:43:31.835424991,39.78,home_goods
1961,ord_00011548,2025-07-19 19:46:50.413574366,32.57,apparel
1961,ord_00011549,2025-08-04 05:38:41.459139504,104.67,apparel
1961,ord_00011550,2025-08-25 04:45:56.609679271,130.0,home_goods
1961,ord_00011551,2025-09-14 13:00:42.643834668,35.37,outdoor
1961,ord_00011552,2025-10-11 11:29:03.775107825,33.96,beauty
1961,ord_00011553,2025-11-01 16:30:30.988459066,29.93,beauty
1961,ord_00011554,2025-11-13 12:09:55.619636897,38.18,apparel
1961,ord_00011555,2025-12-07 00:00:26.625713745,34.5,electronics_accessories
1961,ord_00011556,2026-01-09 15:17:10.545890503,83.64,apparel
1961,ord_00011557,2026-01-30 17:55:54.689640480,56.97,outdoor
1961,ord_00011558,2026-02-27 21:16:30.524382114,91.34,apparel
1961,ord_00011559,2026-03-17 20:55:01.584097524,37.37,outdoor
1961,ord_00011560,2026-04-11 16:05:37.554290980,54.31,apparel
1961,ord_00011561,2026-04-28 09:48:51.656932930,100.95,beauty
1961,ord_00011562,2026-05-17 20:16:47.085043116,29.98,outdoor
1961,ord_00011563,2026-06-06 07:50:52.677634414,47.35,apparel
1961,ord_00011564,2026-06-30 11:20:00.344573892,38.12,outdoor
1961,ord_00011565,2026-07-16 19:34:42.147093159,38.93,electronics_accessories
1961,ord_00011566,2026-07-30 07:13:48.471324667,43.7,home_goods
1962,ord_00011567,2025-10-23 00:00:00.000000000,29.66,beauty
1963,ord_00011568,2026-06-29 00:00:00.000000000,56.26,outdoor
1964,ord_00011569,2025-04-11 00:00:00.000000000,60.67,electronics_accessories
1965,ord_00011570,2024-08-11 00:00:00.000000000,30.52,beauty
1965,ord_00011571,2024-09-09 17:00:35.519345027,97.82,outdoor
1965,ord_00011572,2024-10-01 11:24:11.702602340,155.22,outdoor
1965,ord_00011573,2024-10-26 00:56:59.025495188,68.2,beauty
1965,ord_00011574,2024-11-20 17:06:28.599213379,45.72,home_goods
1965,ord_00011575,2024-12-22 04:44:25.331455348,76.4,home_goods
1965,ord_00011576,2025-02-03 14:59:38.560609549,97.61,home_goods
1965,ord_00011577,2025-02-23 03:26:27.383522578,32.46,beauty
1965,ord_00011578,2025-03-19 21:14:02.019592783,60.09,beauty
1965,ord_00011579,2025-04-04 11:40:28.189196218,42.0,apparel
1965,ord_00011580,2025-05-12 11:15:53.929805696,111.96,electronics_accessories
1965,ord_00011581,2025-06-06 03:30:20.395413129,146.11,home_goods
1965,ord_00011582,2025-06-28 09:45:03.331361891,65.02,home_goods
1965,ord_00011583,2025-07-23 03:28:54.383969799,51.12,electronics_accessories
1965,ord_00011584,2025-08-17 06:16:58.436948335,35.08,apparel
1965,ord_00011585,2025-09-05 19:33:57.987113132,51.25,apparel
1965,ord_00011586,2025-10-10 14:19:49.278982568,41.91,outdoor
1965,ord_00011587,2025-11-09 03:33:38.108774359,44.23,apparel
1965,ord_00011588,2025-12-09 23:05:11.559234904,25.6,beauty
1965,ord_00011589,2025-12-29 19:43:25.099561987,26.02,beauty
1965,ord_00011590,2026-01-18 08:41:12.385841639,113.94,apparel
1965,ord_00011591,2026-02-10 21:36:42.563104913,66.55,beauty
1965,ord_00011592,2026-03-13 20:38:55.244595737,49.68,electronics_accessories
1965,ord_00011593,2026-04-11 04:05:14.577871670,88.94,electronics_accessories
1965,ord_00011594,2026-04-30 10:57:37.661370205,60.58,beauty
1965,ord_00011595,2026-05-30 05:06:21.147034156,48.49,home_goods
1965,ord_00011596,2026-06-17 09:45:05.498146908,66.65,apparel
1965,ord_00011597,2026-07-07 09:01:32.064554514,31.0,electronics_accessories
1965,ord_00011598,2026-08-01 21:50:52.962283334,50.47,beauty
1966,ord_00011599,2025-10-15 00:00:00.000000000,46.3,electronics_accessories
1967,ord_00011600,2024-12-19 00:00:00.000000000,41.48,home_goods
1967,ord_00011601,2025-01-14 10:14:31.197012113,38.93,electronics_accessories
1967,ord_00011602,2025-02-18 05:56:53.261235772,42.73,outdoor
1967,ord_00011603,2025-03-13 03:24:28.245590839,31.68,outdoor
1967,ord_00011604,2025-05-04 07:38:18.949906920,35.72,beauty
1967,ord_00011605,2025-06-08 17:22:38.923275190,32.74,outdoor
1967,ord_00011606,2025-07-02 04:40:03.916552854,52.7,electronics_accessories
1967,ord_00011607,2025-08-07 10:58:40.291069353,33.01,apparel
1967,ord_00011608,2025-09-16 16:57:19.651661599,67.01,home_goods
1967,ord_00011609,2025-10-20 01:36:08.424508158,24.75,home_goods
1967,ord_00011610,2025-11-11 03:38:14.063272183,53.91,home_goods
1967,ord_00011611,2026-01-08 13:56:23.305248900,19.18,electronics_accessories
1967,ord_00011612,2026-02-13 18:13:51.429184351,134.64,apparel
1967,ord_00011613,2026-03-06 07:10:56.995511775,21.66,apparel
1967,ord_00011614,2026-04-07 02:18:19.953665445,52.94,electronics_accessories
1967,ord_00011615,2026-05-05 01:11:06.072297739,42.94,outdoor
1967,ord_00011616,2026-06-03 23:17:16.657017938,57.73,home_goods
1967,ord_00011617,2026-06-24 20:16:11.201488744,54.75,home_goods
1967,ord_00011618,2026-07-25 04:45:58.296154115,219.48,apparel
1968,ord_00011619,2024-10-25 00:00:00.000000000,31.19,apparel
1968,ord_00011620,2024-12-05 04:44:41.059738717,42.55,home_goods
1968,ord_00011621,2025-01-08 11:53:59.337357871,35.05,home_goods
1968,ord_00011622,2025-02-18 04:16:35.223597737,64.6,beauty
1968,ord_00011623,2025-04-03 20:26:56.716843958,44.58,outdoor
1968,ord_00011624,2025-05-07 06:56:51.468530888,85.89,home_goods
1968,ord_00011625,2025-06-01 05:46:52.130203489,41.88,home_goods
1968,ord_00011626,2025-07-27 08:24:31.268183595,16.55,outdoor
1968,ord_00011627,2025-09-15 21:36:44.082869934,22.79,apparel
1968,ord_00011628,2025-10-10 13:48:52.462893260,65.26,outdoor
1968,ord_00011629,2025-11-19 07:26:28.753837984,42.09,apparel
1968,ord_00011630,2026-01-09 16:18:26.362877881,35.72,electronics_accessories
1968,ord_00011631,2026-02-28 11:32:13.016078389,33.47,beauty
1968,ord_00011632,2026-03-31 03:12:31.154555142,51.76,apparel
1968,ord_00011633,2026-05-20 19:33:32.016477263,81.1,electronics_accessories
1968,ord_00011634,2026-06-27 17:36:47.274685018,64.48,outdoor
1969,ord_00011635,2026-06-26 00:00:00.000000000,42.92,home_goods
1970,ord_00011636,2025-05-05 00:00:00.000000000,40.65,outdoor
1971,ord_00011637,2024-08-21 00:00:00.000000000,29.7,home_goods
1972,ord_00011638,2025-06-22 00:00:00.000000000,41.24,beauty
1972,ord_00011639,2025-07-05 20:19:28.890127563,112.9,apparel
1972,ord_00011640,2025-07-21 15:51:09.650509716,47.06,beauty
1972,ord_00011641,2025-08-10 07:01:20.226115917,51.75,electronics_accessories
1972,ord_00011642,2025-08-21 07:32:51.999707193,36.88,outdoor
1972,ord_00011643,2025-09-02 08:01:30.453237618,30.48,apparel
1972,ord_00011644,2025-09-13 22:42:23.611446758,60.76,electronics_accessories
1972,ord_00011645,2025-09-26 23:59:17.656859340,63.07,beauty
1972,ord_00011646,2025-10-07 13:10:35.929877371,34.25,beauty
1972,ord_00011647,2025-10-14 22:10:29.900882658,24.43,beauty
1972,ord_00011648,2025-10-25 05:26:51.914688526,66.08,electronics_accessories
1972,ord_00011649,2025-11-08 02:36:21.108253749,31.16,outdoor
1972,ord_00011650,2025-11-21 14:00:04.359617188,53.1,outdoor
1972,ord_00011651,2025-12-08 04:59:35.911569722,37.21,beauty
1972,ord_00011652,2025-12-26 08:15:43.924749161,51.28,outdoor
1972,ord_00011653,2026-01-07 15:41:40.713296378,40.73,apparel
1972,ord_00011654,2026-01-16 09:47:41.003555651,51.65,apparel
1972,ord_00011655,2026-02-01 07:21:21.764029126,66.22,apparel
1972,ord_00011656,2026-02-15 08:27:01.661605874,36.64,beauty
1972,ord_00011657,2026-02-28 09:18:56.944348630,38.71,outdoor
1972,ord_00011658,2026-03-20 16:53:07.940383740,71.8,electronics_accessories
1972,ord_00011659,2026-04-05 19:54:11.307114976,23.47,beauty
1972,ord_00011660,2026-04-20 10:41:19.938654237,27.21,outdoor
1972,ord_00011661,2026-05-05 05:48:51.474969189,83.94,beauty
1972,ord_00011662,2026-05-23 10:03:54.862502851,73.2,outdoor
1972,ord_00011663,2026-06-03 20:58:27.036120873,60.29,apparel
1972,ord_00011664,2026-06-14 16:35:58.610789291,39.0,apparel
1972,ord_00011665,2026-06-27 19:45:17.409453928,89.51,electronics_accessories
1972,ord_00011666,2026-07-07 17:11:50.023800860,24.0,beauty
1972,ord_00011667,2026-07-21 14:42:34.723879624,26.96,apparel
1972,ord_00011668,2026-08-05 02:46:31.123033191,90.03,outdoor
1973,ord_00011669,2025-10-20 00:00:00.000000000,98.67,outdoor
1973,ord_00011670,2025-12-26 06:39:36.484922647,38.7,electronics_accessories
1973,ord_00011671,2026-02-10 01:23:08.170384449,27.56,outdoor
1973,ord_00011672,2026-04-02 05:58:05.169870131,89.51,electronics_accessories
1973,ord_00011673,2026-05-24 10:47:41.924101486,41.35,home_goods
1973,ord_00011674,2026-08-01 17:21:05.786864786,39.94,apparel
1974,ord_00011675,2026-07-11 00:00:00.000000000,27.06,electronics_accessories
1975,ord_00011676,2026-07-02 00:00:00.000000000,116.66,outdoor
1976,ord_00011677,2026-05-02 00:00:00.000000000,20.55,beauty
1977,ord_00011678,2025-05-16 00:00:00.000000000,45.89,apparel
1978,ord_00011679,2024-12-06 00:00:00.000000000,92.05,electronics_accessories
1978,ord_00011680,2025-01-18 00:34:27.461391621,30.57,beauty
1978,ord_00011681,2025-04-17 18:08:48.412754340,41.02,apparel
1978,ord_00011682,2025-06-11 17:27:49.090334633,29.22,apparel
1978,ord_00011683,2025-08-24 01:40:41.102632086,52.1,beauty
1978,ord_00011684,2025-10-19 13:47:30.386517299,62.27,beauty
1978,ord_00011685,2026-01-08 04:12:57.709452333,32.79,home_goods
1978,ord_00011686,2026-02-07 06:17:29.112140657,46.56,outdoor
1978,ord_00011687,2026-04-24 12:44:34.935406649,43.71,apparel
1978,ord_00011688,2026-06-11 03:32:57.345829900,34.69,electronics_accessories
1979,ord_00011689,2024-12-01 00:00:00.000000000,35.35,home_goods
1979,ord_00011690,2024-12-21 01:01:20.145763618,80.76,electronics_accessories
1979,ord_00011691,2025-01-09 00:11:06.754143918,27.88,electronics_accessories
1979,ord_00011692,2025-01-29 14:10:54.369582608,49.29,outdoor
1979,ord_00011693,2025-02-28 06:13:51.345052209,62.32,apparel
1979,ord_00011694,2025-03-14 06:36:08.506532942,51.84,outdoor
1979,ord_00011695,2025-03-24 10:06:53.508876800,51.77,beauty
1979,ord_00011696,2025-04-10 19:37:29.624640362,44.37,home_goods
1979,ord_00011697,2025-04-25 12:52:27.301776682,33.22,outdoor
1979,ord_00011698,2025-05-03 22:59:09.959853051,56.19,home_goods
1979,ord_00011699,2025-06-08 01:34:05.832628058,61.51,home_goods
1979,ord_00011700,2025-07-02 15:46:43.262526470,42.57,home_goods
1979,ord_00011701,2025-07-28 01:19:26.028718877,67.07,home_goods
1979,ord_00011702,2025-08-16 03:20:59.150085988,97.92,electronics_accessories
1979,ord_00011703,2025-09-08 17:28:21.664539609,28.59,outdoor
1979,ord_00011704,2025-09-27 01:01:57.130633984,68.84,beauty
1979,ord_00011705,2025-10-23 14:05:29.573120216,30.9,outdoor
1979,ord_00011706,2025-11-14 14:11:29.587630165,39.11,home_goods
1979,ord_00011707,2025-12-05 03:44:01.557575354,67.93,beauty
1979,ord_00011708,2025-12-26 04:34:30.808684610,77.65,apparel
1979,ord_00011709,2026-01-27 11:03:43.985599073,83.71,home_goods
1979,ord_00011710,2026-02-18 07:43:48.049184641,24.7,electronics_accessories
1979,ord_00011711,2026-03-05 14:06:52.141844182,96.93,home_goods
1979,ord_00011712,2026-03-28 14:02:44.230849623,80.51,electronics_accessories
1979,ord_00011713,2026-04-21 15:52:29.105638918,36.78,electronics_accessories
1979,ord_00011714,2026-05-11 13:39:21.708819142,78.15,outdoor
1979,ord_00011715,2026-06-01 00:53:49.797715414,66.52,electronics_accessories
1979,ord_00011716,2026-06-16 03:16:47.957436585,95.15,electronics_accessories
1979,ord_00011717,2026-07-07 13:00:19.065695068,19.53,apparel
1979,ord_00011718,2026-07-21 23:37:21.738348918,124.43,outdoor
1980,ord_00011719,2026-03-22 00:00:00.000000000,46.83,apparel
1981,ord_00011720,2026-03-17 00:00:00.000000000,124.57,outdoor
1981,ord_00011721,2026-03-28 01:51:24.716321403,40.96,outdoor
1981,ord_00011722,2026-04-05 22:49:50.375024669,115.18,home_goods
1981,ord_00011723,2026-04-16 12:30:45.250596879,78.71,beauty
1981,ord_00011724,2026-04-27 00:30:42.967962814,52.87,beauty
1981,ord_00011725,2026-04-30 19:09:44.639606939,80.89,beauty
1981,ord_00011726,2026-05-12 20:25:23.017727012,64.02,home_goods
1981,ord_00011727,2026-05-23 20:42:30.432351648,53.88,outdoor
1981,ord_00011728,2026-06-04 07:51:33.703532770,30.04,home_goods
1981,ord_00011729,2026-06-14 04:12:32.877079610,118.72,electronics_accessories
1981,ord_00011730,2026-06-24 17:37:15.249599507,126.09,apparel
1981,ord_00011731,2026-07-05 16:37:40.999862768,39.22,outdoor
1981,ord_00011732,2026-07-16 23:45:47.758799241,58.03,outdoor
1981,ord_00011733,2026-07-28 23:46:43.835163742,159.61,outdoor
1982,ord_00011734,2025-10-05 00:00:00.000000000,57.53,electronics_accessories
1983,ord_00011735,2026-04-03 00:00:00.000000000,62.61,home_goods
1983,ord_00011736,2026-04-22 13:00:49.233827167,74.11,beauty
1983,ord_00011737,2026-05-06 13:39:48.656020135,76.28,home_goods
1983,ord_00011738,2026-06-03 12:06:17.894931847,40.31,home_goods
1983,ord_00011739,2026-06-29 02:27:36.096952182,82.36,home_goods
1983,ord_00011740,2026-07-30 22:38:31.734554645,82.64,outdoor
1984,ord_00011741,2025-11-14 00:00:00.000000000,54.01,outdoor
1985,ord_00011742,2026-04-17 00:00:00.000000000,47.68,home_goods
1985,ord_00011743,2026-04-28 04:14:16.579343787,48.24,home_goods
1985,ord_00011744,2026-05-11 20:25:15.067514631,48.67,beauty
1985,ord_00011745,2026-05-21 19:40:15.825870363,23.84,electronics_accessories
1985,ord_00011746,2026-06-04 12:35:49.785178420,31.09,beauty
1985,ord_00011747,2026-06-18 00:10:34.373672825,56.52,beauty
1985,ord_00011748,2026-07-03 06:29:10.559123695,55.41,beauty
1985,ord_00011749,2026-07-17 21:18:34.978995648,77.33,outdoor
1985,ord_00011750,2026-08-07 09:08:57.620171408,59.43,apparel
1986,ord_00011751,2026-02-02 00:00:00.000000000,47.63,electronics_accessories
1986,ord_00011752,2026-03-13 18:08:32.810906626,27.05,electronics_accessories
1986,ord_00011753,2026-06-14 07:21:41.379112233,82.7,outdoor
1986,ord_00011754,2026-08-04 11:19:11.921766076,71.9,home_goods
1987,ord_00011755,2026-02-05 00:00:00.000000000,48.96,electronics_accessories
1988,ord_00011756,2025-02-26 00:00:00.000000000,47.74,home_goods
1988,ord_00011757,2025-05-29 21:14:28.034698496,84.55,outdoor
1988,ord_00011758,2025-09-29 01:55:02.613387214,27.12,apparel
1988,ord_00011759,2026-02-05 03:03:19.739259996,19.49,home_goods
1989,ord_00011760,2026-02-27 00:00:00.000000000,24.31,electronics_accessories
1989,ord_00011761,2026-08-04 18:17:39.921589662,72.92,outdoor
1990,ord_00011762,2024-11-24 00:00:00.000000000,47.85,outdoor
1991,ord_00011763,2025-05-12 00:00:00.000000000,74.68,electronics_accessories
1992,ord_00011764,2024-08-24 00:00:00.000000000,47.77,electronics_accessories
1992,ord_00011765,2024-11-03 14:50:40.513149203,128.67,apparel
1992,ord_00011766,2024-12-25 03:01:34.664039398,52.17,home_goods
1992,ord_00011767,2025-03-09 15:23:12.726902918,51.05,apparel
1992,ord_00011768,2025-04-24 20:17:39.970960836,25.55,outdoor
1992,ord_00011769,2025-06-30 09:09:54.096541715,18.9,home_goods
1992,ord_00011770,2025-07-30 21:54:39.635531207,51.21,electronics_accessories
1992,ord_00011771,2025-09-12 23:57:21.941036019,25.63,electronics_accessories
1992,ord_00011772,2026-01-01 11:18:39.307332899,77.24,electronics_accessories
1992,ord_00011773,2026-03-08 17:08:22.106771036,38.06,apparel
1992,ord_00011774,2026-05-13 23:08:21.261526562,43.3,beauty
1992,ord_00011775,2026-06-26 00:51:22.383162853,48.56,outdoor
1992,ord_00011776,2026-08-04 18:03:12.773441440,47.55,outdoor
1993,ord_00011777,2024-08-13 00:00:00.000000000,43.04,apparel
1994,ord_00011778,2026-01-20 00:00:00.000000000,66.94,outdoor
1995,ord_00011779,2024-12-18 00:00:00.000000000,27.97,beauty
1996,ord_00011780,2025-12-29 00:00:00.000000000,53.05,electronics_accessories
1996,ord_00011781,2026-01-24 20:08:13.433828184,58.06,electronics_accessories
1996,ord_00011782,2026-03-06 22:27:44.484901090,43.97,beauty
1996,ord_00011783,2026-04-05 16:53:35.865960769,34.39,home_goods
1996,ord_00011784,2026-05-26 20:48:15.406833454,18.86,electronics_accessories
1996,ord_00011785,2026-06-24 09:58:45.957586797,53.43,outdoor
1996,ord_00011786,2026-07-19 20:13:23.730608833,61.32,electronics_accessories
1997,ord_00011787,2026-07-11 00:00:00.000000000,19.92,outdoor
1998,ord_00011788,2025-10-05 00:00:00.000000000,14.04,apparel
1999,ord_00011789,2025-06-10 00:00:00.000000000,38.31,home_goods
1999,ord_00011790,2025-09-01 17:47:39.425562064,59.51,home_goods
1999,ord_00011791,2025-10-05 22:08:09.947240279,18.4,electronics_accessories
1999,ord_00011792,2025-11-22 09:11:55.542653775,47.23,outdoor
1999,ord_00011793,2026-02-07 01:49:49.248227803,38.08,beauty
1999,ord_00011794,2026-04-26 08:09:50.662487281,23.71,home_goods
1999,ord_00011795,2026-07-16 16:54:31.525937709,33.47,electronics_accessories
2000,ord_00011796,2025-07-21 00:00:00.000000000,76.16,electronics_accessories
